Date_Key,Date,Year,Month,Quarter,Day,Hour
1,2025-01-01,2025,1,1,1,0
2,2025-01-01,2025,1,1,1,1
3,2025-01-01,2025,1,1,1,2
4,2025-01-01,2025,1,1,1,3
5,2025-01-01,2025,1,1,1,4
6,2025-01-01,2025,1,1,1,5
7,2025-01-01,2025,1,1,1,6
8,2025-01-01,2025,1,1,1,7
9,2025-01-01,2025,1,1,1,8
10,2025-01-01,2025,1,1,1,9
11,2025-01-01,2025,1,1,1,10
12,2025-01-01,2025,1,1,1,11
13,2025-01-01,2025,1,1,1,12
14,2025-01-01,2025,1,1,1,13
15,2025-01-01,2025,1,1,1,14
16,2025-01-01,2025,1,1,1,15
17,2025-01-01,2025,1,1,1,16
18,2025-01-01,2025,1,1,1,17
19,2025-01-01,2025,1,1,1,18
20,2025-01-01,2025,1,1,1,19
21,2025-01-01,2025,1,1,1,20
22,2025-01-01,2025,1,1,1,21
23,2025-01-01,2025,1,1,1,22
24,2025-01-01,2025,1,1,1,23
25,2025-01-02,2025,1,1,2,0
26,2025-01-02,2025,1,1,2,1
27,2025-01-02,2025,1,1,2,2
28,2025-01-02,2025,1,1,2,3
29,2025-01-02,2025,1,1,2,4
30,2025-01-02,2025,1,1,2,5
31,2025-01-02,2025,1,1,2,6
32,2025-01-02,2025,1,1,2,7
33,2025-01-02,2025,1,1,2,8
34,2025-01-02,2025,1,1,2,9
35,2025-01-02,2025,1,1,2,10
36,2025-01-02,2025,1,1,2,11
37,2025-01-02,2025,1,1,2,12
38,2025-01-02,2025,1,1,2,13
39,2025-01-02,2025,1,1,2,14
40,2025-01-02,2025,1,1,2,15
41,2025-01-02,2025,1,1,2,16
42,2025-01-02,2025,1,1,2,17
43,2025-01-02,2025,1,1,2,18
44,2025-01-02,2025,1,1,2,19
45,2025-01-02,2025,1,1,2,20
46,2025-01-02,2025,1,1,2,21
47,2025-01-02,2025,1,1,2,22
48,2025-01-02,2025,1,1,2,23
49,2025-01-03,2025,1,1,3,0
50,2025-01-03,2025,1,1,3,1
51,2025-01-03,2025,1,1,3,2
52,2025-01-03,2025,1,1,3,3
53,2025-01-03,2025,1,1,3,4
54,2025-01-03,2025,1,1,3,5
55,2025-01-03,2025,1,1,3,6
56,2025-01-03,2025,1,1,3,7
57,2025-01-03,2025,1,1,3,8
58,2025-01-03,2025,1,1,3,9
59,2025-01-03,2025,1,1,3,10
60,2025-01-03,2025,1,1,3,11
61,2025-01-03,2025,1,1,3,12
62,2025-01-03,2025,1,1,3,13
63,2025-01-03,2025,1,1,3,14
64,2025-01-03,2025,1,1,3,15
65,2025-01-03,2025,1,1,3,16
66,2025-01-03,2025,1,1,3,17
67,2025-01-03,2025,1,1,3,18
68,2025-01-03,2025,1,1,3,19
69,2025-01-03,2025,1,1,3,20
70,2025-01-03,2025,1,1,3,21
71,2025-01-03,2025,1,1,3,22
72,2025-01-03,2025,1,1,3,23
73,2025-01-04,2025,1,1,4,0
74,2025-01-04,2025,1,1,4,1
75,2025-01-04,2025,1,1,4,2
76,2025-01-04,2025,1,1,4,3
77,2025-01-04,2025,1,1,4,4
78,2025-01-04,2025,1,1,4,5
79,2025-01-04,2025,1,1,4,6
80,2025-01-04,2025,1,1,4,7
81,2025-01-04,2025,1,1,4,8
82,2025-01-04,2025,1,1,4,9
83,2025-01-04,2025,1,1,4,10
84,2025-01-04,2025,1,1,4,11
85,2025-01-04,2025,1,1,4,12
86,2025-01-04,2025,1,1,4,13
87,2025-01-04,2025,1,1,4,14
88,2025-01-04,2025,1,1,4,15
89,2025-01-04,2025,1,1,4,16
90,2025-01-04,2025,1,1,4,17
91,2025-01-04,2025,1,1,4,18
92,2025-01-04,2025,1,1,4,19
93,2025-01-04,2025,1,1,4,20
94,2025-01-04,2025,1,1,4,21
95,2025-01-04,2025,1,1,4,22
96,2025-01-04,2025,1,1,4,23
97,2025-01-05,2025,1,1,5,0
98,2025-01-05,2025,1,1,5,1
99,2025-01-05,2025,1,1,5,2
100,2025-01-05,2025,1,1,5,3
101,2025-01-05,2025,1,1,5,4
102,2025-01-05,2025,1,1,5,5
103,2025-01-05,2025,1,1,5,6
104,2025-01-05,2025,1,1,5,7
105,2025-01-05,2025,1,1,5,8
106,2025-01-05,2025,1,1,5,9
107,2025-01-05,2025,1,1,5,10
108,2025-01-05,2025,1,1,5,11
109,2025-01-05,2025,1,1,5,12
110,2025-01-05,2025,1,1,5,13
111,2025-01-05,2025,1,1,5,14
112,2025-01-05,2025,1,1,5,15
113,2025-01-05,2025,1,1,5,16
114,2025-01-05,2025,1,1,5,17
115,2025-01-05,2025,1,1,5,18
116,2025-01-05,2025,1,1,5,19
117,2025-01-05,2025,1,1,5,20
118,2025-01-05,2025,1,1,5,21
119,2025-01-05,2025,1,1,5,22
120,2025-01-05,2025,1,1,5,23
121,2025-01-06,2025,1,1,6,0
122,2025-01-06,2025,1,1,6,1
123,2025-01-06,2025,1,1,6,2
124,2025-01-06,2025,1,1,6,3
125,2025-01-06,2025,1,1,6,4
126,2025-01-06,2025,1,1,6,5
127,2025-01-06,2025,1,1,6,6
128,2025-01-06,2025,1,1,6,7
129,2025-01-06,2025,1,1,6,8
130,2025-01-06,2025,1,1,6,9
131,2025-01-06,2025,1,1,6,10
132,2025-01-06,2025,1,1,6,11
133,2025-01-06,2025,1,1,6,12
134,2025-01-06,2025,1,1,6,13
135,2025-01-06,2025,1,1,6,14
136,2025-01-06,2025,1,1,6,15
137,2025-01-06,2025,1,1,6,16
138,2025-01-06,2025,1,1,6,17
139,2025-01-06,2025,1,1,6,18
140,2025-01-06,2025,1,1,6,19
141,2025-01-06,2025,1,1,6,20
142,2025-01-06,2025,1,1,6,21
143,2025-01-06,2025,1,1,6,22
144,2025-01-06,2025,1,1,6,23
145,2025-01-07,2025,1,1,7,0
146,2025-01-07,2025,1,1,7,1
147,2025-01-07,2025,1,1,7,2
148,2025-01-07,2025,1,1,7,3
149,2025-01-07,2025,1,1,7,4
150,2025-01-07,2025,1,1,7,5
151,2025-01-07,2025,1,1,7,6
152,2025-01-07,2025,1,1,7,7
153,2025-01-07,2025,1,1,7,8
154,2025-01-07,2025,1,1,7,9
155,2025-01-07,2025,1,1,7,10
156,2025-01-07,2025,1,1,7,11
157,2025-01-07,2025,1,1,7,12
158,2025-01-07,2025,1,1,7,13
159,2025-01-07,2025,1,1,7,14
160,2025-01-07,2025,1,1,7,15
161,2025-01-07,2025,1,1,7,16
162,2025-01-07,2025,1,1,7,17
163,2025-01-07,2025,1,1,7,18
164,2025-01-07,2025,1,1,7,19
165,2025-01-07,2025,1,1,7,20
166,2025-01-07,2025,1,1,7,21
167,2025-01-07,2025,1,1,7,22
168,2025-01-07,2025,1,1,7,23
169,2025-01-08,2025,1,1,8,0
170,2025-01-08,2025,1,1,8,1
171,2025-01-08,2025,1,1,8,2
172,2025-01-08,2025,1,1,8,3
173,2025-01-08,2025,1,1,8,4
174,2025-01-08,2025,1,1,8,5
175,2025-01-08,2025,1,1,8,6
176,2025-01-08,2025,1,1,8,7
177,2025-01-08,2025,1,1,8,8
178,2025-01-08,2025,1,1,8,9
179,2025-01-08,2025,1,1,8,10
180,2025-01-08,2025,1,1,8,11
181,2025-01-08,2025,1,1,8,12
182,2025-01-08,2025,1,1,8,13
183,2025-01-08,2025,1,1,8,14
184,2025-01-08,2025,1,1,8,15
185,2025-01-08,2025,1,1,8,16
186,2025-01-08,2025,1,1,8,17
187,2025-01-08,2025,1,1,8,18
188,2025-01-08,2025,1,1,8,19
189,2025-01-08,2025,1,1,8,20
190,2025-01-08,2025,1,1,8,21
191,2025-01-08,2025,1,1,8,22
192,2025-01-08,2025,1,1,8,23
193,2025-01-09,2025,1,1,9,0
194,2025-01-09,2025,1,1,9,1
195,2025-01-09,2025,1,1,9,2
196,2025-01-09,2025,1,1,9,3
197,2025-01-09,2025,1,1,9,4
198,2025-01-09,2025,1,1,9,5
199,2025-01-09,2025,1,1,9,6
200,2025-01-09,2025,1,1,9,7
201,2025-01-09,2025,1,1,9,8
202,2025-01-09,2025,1,1,9,9
203,2025-01-09,2025,1,1,9,10
204,2025-01-09,2025,1,1,9,11
205,2025-01-09,2025,1,1,9,12
206,2025-01-09,2025,1,1,9,13
207,2025-01-09,2025,1,1,9,14
208,2025-01-09,2025,1,1,9,15
209,2025-01-09,2025,1,1,9,16
210,2025-01-09,2025,1,1,9,17
211,2025-01-09,2025,1,1,9,18
212,2025-01-09,2025,1,1,9,19
213,2025-01-09,2025,1,1,9,20
214,2025-01-09,2025,1,1,9,21
215,2025-01-09,2025,1,1,9,22
216,2025-01-09,2025,1,1,9,23
217,2025-01-10,2025,1,1,10,0
218,2025-01-10,2025,1,1,10,1
219,2025-01-10,2025,1,1,10,2
220,2025-01-10,2025,1,1,10,3
221,2025-01-10,2025,1,1,10,4
222,2025-01-10,2025,1,1,10,5
223,2025-01-10,2025,1,1,10,6
224,2025-01-10,2025,1,1,10,7
225,2025-01-10,2025,1,1,10,8
226,2025-01-10,2025,1,1,10,9
227,2025-01-10,2025,1,1,10,10
228,2025-01-10,2025,1,1,10,11
229,2025-01-10,2025,1,1,10,12
230,2025-01-10,2025,1,1,10,13
231,2025-01-10,2025,1,1,10,14
232,2025-01-10,2025,1,1,10,15
233,2025-01-10,2025,1,1,10,16
234,2025-01-10,2025,1,1,10,17
235,2025-01-10,2025,1,1,10,18
236,2025-01-10,2025,1,1,10,19
237,2025-01-10,2025,1,1,10,20
238,2025-01-10,2025,1,1,10,21
239,2025-01-10,2025,1,1,10,22
240,2025-01-10,2025,1,1,10,23
241,2025-01-11,2025,1,1,11,0
242,2025-01-11,2025,1,1,11,1
243,2025-01-11,2025,1,1,11,2
244,2025-01-11,2025,1,1,11,3
245,2025-01-11,2025,1,1,11,4
246,2025-01-11,2025,1,1,11,5
247,2025-01-11,2025,1,1,11,6
248,2025-01-11,2025,1,1,11,7
249,2025-01-11,2025,1,1,11,8
250,2025-01-11,2025,1,1,11,9
251,2025-01-11,2025,1,1,11,10
252,2025-01-11,2025,1,1,11,11
253,2025-01-11,2025,1,1,11,12
254,2025-01-11,2025,1,1,11,13
255,2025-01-11,2025,1,1,11,14
256,2025-01-11,2025,1,1,11,15
257,2025-01-11,2025,1,1,11,16
258,2025-01-11,2025,1,1,11,17
259,2025-01-11,2025,1,1,11,18
260,2025-01-11,2025,1,1,11,19
261,2025-01-11,2025,1,1,11,20
262,2025-01-11,2025,1,1,11,21
263,2025-01-11,2025,1,1,11,22
264,2025-01-11,2025,1,1,11,23
265,2025-01-12,2025,1,1,12,0
266,2025-01-12,2025,1,1,12,1
267,2025-01-12,2025,1,1,12,2
268,2025-01-12,2025,1,1,12,3
269,2025-01-12,2025,1,1,12,4
270,2025-01-12,2025,1,1,12,5
271,2025-01-12,2025,1,1,12,6
272,2025-01-12,2025,1,1,12,7
273,2025-01-12,2025,1,1,12,8
274,2025-01-12,2025,1,1,12,9
275,2025-01-12,2025,1,1,12,10
276,2025-01-12,2025,1,1,12,11
277,2025-01-12,2025,1,1,12,12
278,2025-01-12,2025,1,1,12,13
279,2025-01-12,2025,1,1,12,14
280,2025-01-12,2025,1,1,12,15
281,2025-01-12,2025,1,1,12,16
282,2025-01-12,2025,1,1,12,17
283,2025-01-12,2025,1,1,12,18
284,2025-01-12,2025,1,1,12,19
285,2025-01-12,2025,1,1,12,20
286,2025-01-12,2025,1,1,12,21
287,2025-01-12,2025,1,1,12,22
288,2025-01-12,2025,1,1,12,23
289,2025-01-13,2025,1,1,13,0
290,2025-01-13,2025,1,1,13,1
291,2025-01-13,2025,1,1,13,2
292,2025-01-13,2025,1,1,13,3
293,2025-01-13,2025,1,1,13,4
294,2025-01-13,2025,1,1,13,5
295,2025-01-13,2025,1,1,13,6
296,2025-01-13,2025,1,1,13,7
297,2025-01-13,2025,1,1,13,8
298,2025-01-13,2025,1,1,13,9
299,2025-01-13,2025,1,1,13,10
300,2025-01-13,2025,1,1,13,11
301,2025-01-13,2025,1,1,13,12
302,2025-01-13,2025,1,1,13,13
303,2025-01-13,2025,1,1,13,14
304,2025-01-13,2025,1,1,13,15
305,2025-01-13,2025,1,1,13,16
306,2025-01-13,2025,1,1,13,17
307,2025-01-13,2025,1,1,13,18
308,2025-01-13,2025,1,1,13,19
309,2025-01-13,2025,1,1,13,20
310,2025-01-13,2025,1,1,13,21
311,2025-01-13,2025,1,1,13,22
312,2025-01-13,2025,1,1,13,23
313,2025-01-14,2025,1,1,14,0
314,2025-01-14,2025,1,1,14,1
315,2025-01-14,2025,1,1,14,2
316,2025-01-14,2025,1,1,14,3
317,2025-01-14,2025,1,1,14,4
318,2025-01-14,2025,1,1,14,5
319,2025-01-14,2025,1,1,14,6
320,2025-01-14,2025,1,1,14,7
321,2025-01-14,2025,1,1,14,8
322,2025-01-14,2025,1,1,14,9
323,2025-01-14,2025,1,1,14,10
324,2025-01-14,2025,1,1,14,11
325,2025-01-14,2025,1,1,14,12
326,2025-01-14,2025,1,1,14,13
327,2025-01-14,2025,1,1,14,14
328,2025-01-14,2025,1,1,14,15
329,2025-01-14,2025,1,1,14,16
330,2025-01-14,2025,1,1,14,17
331,2025-01-14,2025,1,1,14,18
332,2025-01-14,2025,1,1,14,19
333,2025-01-14,2025,1,1,14,20
334,2025-01-14,2025,1,1,14,21
335,2025-01-14,2025,1,1,14,22
336,2025-01-14,2025,1,1,14,23
337,2025-01-15,2025,1,1,15,0
338,2025-01-15,2025,1,1,15,1
339,2025-01-15,2025,1,1,15,2
340,2025-01-15,2025,1,1,15,3
341,2025-01-15,2025,1,1,15,4
342,2025-01-15,2025,1,1,15,5
343,2025-01-15,2025,1,1,15,6
344,2025-01-15,2025,1,1,15,7
345,2025-01-15,2025,1,1,15,8
346,2025-01-15,2025,1,1,15,9
347,2025-01-15,2025,1,1,15,10
348,2025-01-15,2025,1,1,15,11
349,2025-01-15,2025,1,1,15,12
350,2025-01-15,2025,1,1,15,13
351,2025-01-15,2025,1,1,15,14
352,2025-01-15,2025,1,1,15,15
353,2025-01-15,2025,1,1,15,16
354,2025-01-15,2025,1,1,15,17
355,2025-01-15,2025,1,1,15,18
356,2025-01-15,2025,1,1,15,19
357,2025-01-15,2025,1,1,15,20
358,2025-01-15,2025,1,1,15,21
359,2025-01-15,2025,1,1,15,22
360,2025-01-15,2025,1,1,15,23
361,2025-01-16,2025,1,1,16,0
362,2025-01-16,2025,1,1,16,1
363,2025-01-16,2025,1,1,16,2
364,2025-01-16,2025,1,1,16,3
365,2025-01-16,2025,1,1,16,4
366,2025-01-16,2025,1,1,16,5
367,2025-01-16,2025,1,1,16,6
368,2025-01-16,2025,1,1,16,7
369,2025-01-16,2025,1,1,16,8
370,2025-01-16,2025,1,1,16,9
371,2025-01-16,2025,1,1,16,10
372,2025-01-16,2025,1,1,16,11
373,2025-01-16,2025,1,1,16,12
374,2025-01-16,2025,1,1,16,13
375,2025-01-16,2025,1,1,16,14
376,2025-01-16,2025,1,1,16,15
377,2025-01-16,2025,1,1,16,16
378,2025-01-16,2025,1,1,16,17
379,2025-01-16,2025,1,1,16,18
380,2025-01-16,2025,1,1,16,19
381,2025-01-16,2025,1,1,16,20
382,2025-01-16,2025,1,1,16,21
383,2025-01-16,2025,1,1,16,22
384,2025-01-16,2025,1,1,16,23
385,2025-01-17,2025,1,1,17,0
386,2025-01-17,2025,1,1,17,1
387,2025-01-17,2025,1,1,17,2
388,2025-01-17,2025,1,1,17,3
389,2025-01-17,2025,1,1,17,4
390,2025-01-17,2025,1,1,17,5
391,2025-01-17,2025,1,1,17,6
392,2025-01-17,2025,1,1,17,7
393,2025-01-17,2025,1,1,17,8
394,2025-01-17,2025,1,1,17,9
395,2025-01-17,2025,1,1,17,10
396,2025-01-17,2025,1,1,17,11
397,2025-01-17,2025,1,1,17,12
398,2025-01-17,2025,1,1,17,13
399,2025-01-17,2025,1,1,17,14
400,2025-01-17,2025,1,1,17,15
401,2025-01-17,2025,1,1,17,16
402,2025-01-17,2025,1,1,17,17
403,2025-01-17,2025,1,1,17,18
404,2025-01-17,2025,1,1,17,19
405,2025-01-17,2025,1,1,17,20
406,2025-01-17,2025,1,1,17,21
407,2025-01-17,2025,1,1,17,22
408,2025-01-17,2025,1,1,17,23
409,2025-01-18,2025,1,1,18,0
410,2025-01-18,2025,1,1,18,1
411,2025-01-18,2025,1,1,18,2
412,2025-01-18,2025,1,1,18,3
413,2025-01-18,2025,1,1,18,4
414,2025-01-18,2025,1,1,18,5
415,2025-01-18,2025,1,1,18,6
416,2025-01-18,2025,1,1,18,7
417,2025-01-18,2025,1,1,18,8
418,2025-01-18,2025,1,1,18,9
419,2025-01-18,2025,1,1,18,10
420,2025-01-18,2025,1,1,18,11
421,2025-01-18,2025,1,1,18,12
422,2025-01-18,2025,1,1,18,13
423,2025-01-18,2025,1,1,18,14
424,2025-01-18,2025,1,1,18,15
425,2025-01-18,2025,1,1,18,16
426,2025-01-18,2025,1,1,18,17
427,2025-01-18,2025,1,1,18,18
428,2025-01-18,2025,1,1,18,19
429,2025-01-18,2025,1,1,18,20
430,2025-01-18,2025,1,1,18,21
431,2025-01-18,2025,1,1,18,22
432,2025-01-18,2025,1,1,18,23
433,2025-01-19,2025,1,1,19,0
434,2025-01-19,2025,1,1,19,1
435,2025-01-19,2025,1,1,19,2
436,2025-01-19,2025,1,1,19,3
437,2025-01-19,2025,1,1,19,4
438,2025-01-19,2025,1,1,19,5
439,2025-01-19,2025,1,1,19,6
440,2025-01-19,2025,1,1,19,7
441,2025-01-19,2025,1,1,19,8
442,2025-01-19,2025,1,1,19,9
443,2025-01-19,2025,1,1,19,10
444,2025-01-19,2025,1,1,19,11
445,2025-01-19,2025,1,1,19,12
446,2025-01-19,2025,1,1,19,13
447,2025-01-19,2025,1,1,19,14
448,2025-01-19,2025,1,1,19,15
449,2025-01-19,2025,1,1,19,16
450,2025-01-19,2025,1,1,19,17
451,2025-01-19,2025,1,1,19,18
452,2025-01-19,2025,1,1,19,19
453,2025-01-19,2025,1,1,19,20
454,2025-01-19,2025,1,1,19,21
455,2025-01-19,2025,1,1,19,22
456,2025-01-19,2025,1,1,19,23
457,2025-01-20,2025,1,1,20,0
458,2025-01-20,2025,1,1,20,1
459,2025-01-20,2025,1,1,20,2
460,2025-01-20,2025,1,1,20,3
461,2025-01-20,2025,1,1,20,4
462,2025-01-20,2025,1,1,20,5
463,2025-01-20,2025,1,1,20,6
464,2025-01-20,2025,1,1,20,7
465,2025-01-20,2025,1,1,20,8
466,2025-01-20,2025,1,1,20,9
467,2025-01-20,2025,1,1,20,10
468,2025-01-20,2025,1,1,20,11
469,2025-01-20,2025,1,1,20,12
470,2025-01-20,2025,1,1,20,13
471,2025-01-20,2025,1,1,20,14
472,2025-01-20,2025,1,1,20,15
473,2025-01-20,2025,1,1,20,16
474,2025-01-20,2025,1,1,20,17
475,2025-01-20,2025,1,1,20,18
476,2025-01-20,2025,1,1,20,19
477,2025-01-20,2025,1,1,20,20
478,2025-01-20,2025,1,1,20,21
479,2025-01-20,2025,1,1,20,22
480,2025-01-20,2025,1,1,20,23
481,2025-01-21,2025,1,1,21,0
482,2025-01-21,2025,1,1,21,1
483,2025-01-21,2025,1,1,21,2
484,2025-01-21,2025,1,1,21,3
485,2025-01-21,2025,1,1,21,4
486,2025-01-21,2025,1,1,21,5
487,2025-01-21,2025,1,1,21,6
488,2025-01-21,2025,1,1,21,7
489,2025-01-21,2025,1,1,21,8
490,2025-01-21,2025,1,1,21,9
491,2025-01-21,2025,1,1,21,10
492,2025-01-21,2025,1,1,21,11
493,2025-01-21,2025,1,1,21,12
494,2025-01-21,2025,1,1,21,13
495,2025-01-21,2025,1,1,21,14
496,2025-01-21,2025,1,1,21,15
497,2025-01-21,2025,1,1,21,16
498,2025-01-21,2025,1,1,21,17
499,2025-01-21,2025,1,1,21,18
500,2025-01-21,2025,1,1,21,19
501,2025-01-21,2025,1,1,21,20
502,2025-01-21,2025,1,1,21,21
503,2025-01-21,2025,1,1,21,22
504,2025-01-21,2025,1,1,21,23
505,2025-01-22,2025,1,1,22,0
506,2025-01-22,2025,1,1,22,1
507,2025-01-22,2025,1,1,22,2
508,2025-01-22,2025,1,1,22,3
509,2025-01-22,2025,1,1,22,4
510,2025-01-22,2025,1,1,22,5
511,2025-01-22,2025,1,1,22,6
512,2025-01-22,2025,1,1,22,7
513,2025-01-22,2025,1,1,22,8
514,2025-01-22,2025,1,1,22,9
515,2025-01-22,2025,1,1,22,10
516,2025-01-22,2025,1,1,22,11
517,2025-01-22,2025,1,1,22,12
518,2025-01-22,2025,1,1,22,13
519,2025-01-22,2025,1,1,22,14
520,2025-01-22,2025,1,1,22,15
521,2025-01-22,2025,1,1,22,16
522,2025-01-22,2025,1,1,22,17
523,2025-01-22,2025,1,1,22,18
524,2025-01-22,2025,1,1,22,19
525,2025-01-22,2025,1,1,22,20
526,2025-01-22,2025,1,1,22,21
527,2025-01-22,2025,1,1,22,22
528,2025-01-22,2025,1,1,22,23
529,2025-01-23,2025,1,1,23,0
530,2025-01-23,2025,1,1,23,1
531,2025-01-23,2025,1,1,23,2
532,2025-01-23,2025,1,1,23,3
533,2025-01-23,2025,1,1,23,4
534,2025-01-23,2025,1,1,23,5
535,2025-01-23,2025,1,1,23,6
536,2025-01-23,2025,1,1,23,7
537,2025-01-23,2025,1,1,23,8
538,2025-01-23,2025,1,1,23,9
539,2025-01-23,2025,1,1,23,10
540,2025-01-23,2025,1,1,23,11
541,2025-01-23,2025,1,1,23,12
542,2025-01-23,2025,1,1,23,13
543,2025-01-23,2025,1,1,23,14
544,2025-01-23,2025,1,1,23,15
545,2025-01-23,2025,1,1,23,16
546,2025-01-23,2025,1,1,23,17
547,2025-01-23,2025,1,1,23,18
548,2025-01-23,2025,1,1,23,19
549,2025-01-23,2025,1,1,23,20
550,2025-01-23,2025,1,1,23,21
551,2025-01-23,2025,1,1,23,22
552,2025-01-23,2025,1,1,23,23
553,2025-01-24,2025,1,1,24,0
554,2025-01-24,2025,1,1,24,1
555,2025-01-24,2025,1,1,24,2
556,2025-01-24,2025,1,1,24,3
557,2025-01-24,2025,1,1,24,4
558,2025-01-24,2025,1,1,24,5
559,2025-01-24,2025,1,1,24,6
560,2025-01-24,2025,1,1,24,7
561,2025-01-24,2025,1,1,24,8
562,2025-01-24,2025,1,1,24,9
563,2025-01-24,2025,1,1,24,10
564,2025-01-24,2025,1,1,24,11
565,2025-01-24,2025,1,1,24,12
566,2025-01-24,2025,1,1,24,13
567,2025-01-24,2025,1,1,24,14
568,2025-01-24,2025,1,1,24,15
569,2025-01-24,2025,1,1,24,16
570,2025-01-24,2025,1,1,24,17
571,2025-01-24,2025,1,1,24,18
572,2025-01-24,2025,1,1,24,19
573,2025-01-24,2025,1,1,24,20
574,2025-01-24,2025,1,1,24,21
575,2025-01-24,2025,1,1,24,22
576,2025-01-24,2025,1,1,24,23
577,2025-01-25,2025,1,1,25,0
578,2025-01-25,2025,1,1,25,1
579,2025-01-25,2025,1,1,25,2
580,2025-01-25,2025,1,1,25,3
581,2025-01-25,2025,1,1,25,4
582,2025-01-25,2025,1,1,25,5
583,2025-01-25,2025,1,1,25,6
584,2025-01-25,2025,1,1,25,7
585,2025-01-25,2025,1,1,25,8
586,2025-01-25,2025,1,1,25,9
587,2025-01-25,2025,1,1,25,10
588,2025-01-25,2025,1,1,25,11
589,2025-01-25,2025,1,1,25,12
590,2025-01-25,2025,1,1,25,13
591,2025-01-25,2025,1,1,25,14
592,2025-01-25,2025,1,1,25,15
593,2025-01-25,2025,1,1,25,16
594,2025-01-25,2025,1,1,25,17
595,2025-01-25,2025,1,1,25,18
596,2025-01-25,2025,1,1,25,19
597,2025-01-25,2025,1,1,25,20
598,2025-01-25,2025,1,1,25,21
599,2025-01-25,2025,1,1,25,22
600,2025-01-25,2025,1,1,25,23
601,2025-01-26,2025,1,1,26,0
602,2025-01-26,2025,1,1,26,1
603,2025-01-26,2025,1,1,26,2
604,2025-01-26,2025,1,1,26,3
605,2025-01-26,2025,1,1,26,4
606,2025-01-26,2025,1,1,26,5
607,2025-01-26,2025,1,1,26,6
608,2025-01-26,2025,1,1,26,7
609,2025-01-26,2025,1,1,26,8
610,2025-01-26,2025,1,1,26,9
611,2025-01-26,2025,1,1,26,10
612,2025-01-26,2025,1,1,26,11
613,2025-01-26,2025,1,1,26,12
614,2025-01-26,2025,1,1,26,13
615,2025-01-26,2025,1,1,26,14
616,2025-01-26,2025,1,1,26,15
617,2025-01-26,2025,1,1,26,16
618,2025-01-26,2025,1,1,26,17
619,2025-01-26,2025,1,1,26,18
620,2025-01-26,2025,1,1,26,19
621,2025-01-26,2025,1,1,26,20
622,2025-01-26,2025,1,1,26,21
623,2025-01-26,2025,1,1,26,22
624,2025-01-26,2025,1,1,26,23
625,2025-01-27,2025,1,1,27,0
626,2025-01-27,2025,1,1,27,1
627,2025-01-27,2025,1,1,27,2
628,2025-01-27,2025,1,1,27,3
629,2025-01-27,2025,1,1,27,4
630,2025-01-27,2025,1,1,27,5
631,2025-01-27,2025,1,1,27,6
632,2025-01-27,2025,1,1,27,7
633,2025-01-27,2025,1,1,27,8
634,2025-01-27,2025,1,1,27,9
635,2025-01-27,2025,1,1,27,10
636,2025-01-27,2025,1,1,27,11
637,2025-01-27,2025,1,1,27,12
638,2025-01-27,2025,1,1,27,13
639,2025-01-27,2025,1,1,27,14
640,2025-01-27,2025,1,1,27,15
641,2025-01-27,2025,1,1,27,16
642,2025-01-27,2025,1,1,27,17
643,2025-01-27,2025,1,1,27,18
644,2025-01-27,2025,1,1,27,19
645,2025-01-27,2025,1,1,27,20
646,2025-01-27,2025,1,1,27,21
647,2025-01-27,2025,1,1,27,22
648,2025-01-27,2025,1,1,27,23
649,2025-01-28,2025,1,1,28,0
650,2025-01-28,2025,1,1,28,1
651,2025-01-28,2025,1,1,28,2
652,2025-01-28,2025,1,1,28,3
653,2025-01-28,2025,1,1,28,4
654,2025-01-28,2025,1,1,28,5
655,2025-01-28,2025,1,1,28,6
656,2025-01-28,2025,1,1,28,7
657,2025-01-28,2025,1,1,28,8
658,2025-01-28,2025,1,1,28,9
659,2025-01-28,2025,1,1,28,10
660,2025-01-28,2025,1,1,28,11
661,2025-01-28,2025,1,1,28,12
662,2025-01-28,2025,1,1,28,13
663,2025-01-28,2025,1,1,28,14
664,2025-01-28,2025,1,1,28,15
665,2025-01-28,2025,1,1,28,16
666,2025-01-28,2025,1,1,28,17
667,2025-01-28,2025,1,1,28,18
668,2025-01-28,2025,1,1,28,19
669,2025-01-28,2025,1,1,28,20
670,2025-01-28,2025,1,1,28,21
671,2025-01-28,2025,1,1,28,22
672,2025-01-28,2025,1,1,28,23
673,2025-01-29,2025,1,1,29,0
674,2025-01-29,2025,1,1,29,1
675,2025-01-29,2025,1,1,29,2
676,2025-01-29,2025,1,1,29,3
677,2025-01-29,2025,1,1,29,4
678,2025-01-29,2025,1,1,29,5
679,2025-01-29,2025,1,1,29,6
680,2025-01-29,2025,1,1,29,7
681,2025-01-29,2025,1,1,29,8
682,2025-01-29,2025,1,1,29,9
683,2025-01-29,2025,1,1,29,10
684,2025-01-29,2025,1,1,29,11
685,2025-01-29,2025,1,1,29,12
686,2025-01-29,2025,1,1,29,13
687,2025-01-29,2025,1,1,29,14
688,2025-01-29,2025,1,1,29,15
689,2025-01-29,2025,1,1,29,16
690,2025-01-29,2025,1,1,29,17
691,2025-01-29,2025,1,1,29,18
692,2025-01-29,2025,1,1,29,19
693,2025-01-29,2025,1,1,29,20
694,2025-01-29,2025,1,1,29,21
695,2025-01-29,2025,1,1,29,22
696,2025-01-29,2025,1,1,29,23
697,2025-01-30,2025,1,1,30,0
698,2025-01-30,2025,1,1,30,1
699,2025-01-30,2025,1,1,30,2
700,2025-01-30,2025,1,1,30,3
701,2025-01-30,2025,1,1,30,4
702,2025-01-30,2025,1,1,30,5
703,2025-01-30,2025,1,1,30,6
704,2025-01-30,2025,1,1,30,7
705,2025-01-30,2025,1,1,30,8
706,2025-01-30,2025,1,1,30,9
707,2025-01-30,2025,1,1,30,10
708,2025-01-30,2025,1,1,30,11
709,2025-01-30,2025,1,1,30,12
710,2025-01-30,2025,1,1,30,13
711,2025-01-30,2025,1,1,30,14
712,2025-01-30,2025,1,1,30,15
713,2025-01-30,2025,1,1,30,16
714,2025-01-30,2025,1,1,30,17
715,2025-01-30,2025,1,1,30,18
716,2025-01-30,2025,1,1,30,19
717,2025-01-30,2025,1,1,30,20
718,2025-01-30,2025,1,1,30,21
719,2025-01-30,2025,1,1,30,22
720,2025-01-30,2025,1,1,30,23
721,2025-01-31,2025,1,1,31,0
722,2025-01-31,2025,1,1,31,1
723,2025-01-31,2025,1,1,31,2
724,2025-01-31,2025,1,1,31,3
725,2025-01-31,2025,1,1,31,4
726,2025-01-31,2025,1,1,31,5
727,2025-01-31,2025,1,1,31,6
728,2025-01-31,2025,1,1,31,7
729,2025-01-31,2025,1,1,31,8
730,2025-01-31,2025,1,1,31,9
731,2025-01-31,2025,1,1,31,10
732,2025-01-31,2025,1,1,31,11
733,2025-01-31,2025,1,1,31,12
734,2025-01-31,2025,1,1,31,13
735,2025-01-31,2025,1,1,31,14
736,2025-01-31,2025,1,1,31,15
737,2025-01-31,2025,1,1,31,16
738,2025-01-31,2025,1,1,31,17
739,2025-01-31,2025,1,1,31,18
740,2025-01-31,2025,1,1,31,19
741,2025-01-31,2025,1,1,31,20
742,2025-01-31,2025,1,1,31,21
743,2025-01-31,2025,1,1,31,22
744,2025-01-31,2025,1,1,31,23
745,2025-02-01,2025,2,1,1,0
746,2025-02-01,2025,2,1,1,1
747,2025-02-01,2025,2,1,1,2
748,2025-02-01,2025,2,1,1,3
749,2025-02-01,2025,2,1,1,4
750,2025-02-01,2025,2,1,1,5
751,2025-02-01,2025,2,1,1,6
752,2025-02-01,2025,2,1,1,7
753,2025-02-01,2025,2,1,1,8
754,2025-02-01,2025,2,1,1,9
755,2025-02-01,2025,2,1,1,10
756,2025-02-01,2025,2,1,1,11
757,2025-02-01,2025,2,1,1,12
758,2025-02-01,2025,2,1,1,13
759,2025-02-01,2025,2,1,1,14
760,2025-02-01,2025,2,1,1,15
761,2025-02-01,2025,2,1,1,16
762,2025-02-01,2025,2,1,1,17
763,2025-02-01,2025,2,1,1,18
764,2025-02-01,2025,2,1,1,19
765,2025-02-01,2025,2,1,1,20
766,2025-02-01,2025,2,1,1,21
767,2025-02-01,2025,2,1,1,22
768,2025-02-01,2025,2,1,1,23
769,2025-02-02,2025,2,1,2,0
770,2025-02-02,2025,2,1,2,1
771,2025-02-02,2025,2,1,2,2
772,2025-02-02,2025,2,1,2,3
773,2025-02-02,2025,2,1,2,4
774,2025-02-02,2025,2,1,2,5
775,2025-02-02,2025,2,1,2,6
776,2025-02-02,2025,2,1,2,7
777,2025-02-02,2025,2,1,2,8
778,2025-02-02,2025,2,1,2,9
779,2025-02-02,2025,2,1,2,10
780,2025-02-02,2025,2,1,2,11
781,2025-02-02,2025,2,1,2,12
782,2025-02-02,2025,2,1,2,13
783,2025-02-02,2025,2,1,2,14
784,2025-02-02,2025,2,1,2,15
785,2025-02-02,2025,2,1,2,16
786,2025-02-02,2025,2,1,2,17
787,2025-02-02,2025,2,1,2,18
788,2025-02-02,2025,2,1,2,19
789,2025-02-02,2025,2,1,2,20
790,2025-02-02,2025,2,1,2,21
791,2025-02-02,2025,2,1,2,22
792,2025-02-02,2025,2,1,2,23
793,2025-02-03,2025,2,1,3,0
794,2025-02-03,2025,2,1,3,1
795,2025-02-03,2025,2,1,3,2
796,2025-02-03,2025,2,1,3,3
797,2025-02-03,2025,2,1,3,4
798,2025-02-03,2025,2,1,3,5
799,2025-02-03,2025,2,1,3,6
800,2025-02-03,2025,2,1,3,7
801,2025-02-03,2025,2,1,3,8
802,2025-02-03,2025,2,1,3,9
803,2025-02-03,2025,2,1,3,10
804,2025-02-03,2025,2,1,3,11
805,2025-02-03,2025,2,1,3,12
806,2025-02-03,2025,2,1,3,13
807,2025-02-03,2025,2,1,3,14
808,2025-02-03,2025,2,1,3,15
809,2025-02-03,2025,2,1,3,16
810,2025-02-03,2025,2,1,3,17
811,2025-02-03,2025,2,1,3,18
812,2025-02-03,2025,2,1,3,19
813,2025-02-03,2025,2,1,3,20
814,2025-02-03,2025,2,1,3,21
815,2025-02-03,2025,2,1,3,22
816,2025-02-03,2025,2,1,3,23
817,2025-02-04,2025,2,1,4,0
818,2025-02-04,2025,2,1,4,1
819,2025-02-04,2025,2,1,4,2
820,2025-02-04,2025,2,1,4,3
821,2025-02-04,2025,2,1,4,4
822,2025-02-04,2025,2,1,4,5
823,2025-02-04,2025,2,1,4,6
824,2025-02-04,2025,2,1,4,7
825,2025-02-04,2025,2,1,4,8
826,2025-02-04,2025,2,1,4,9
827,2025-02-04,2025,2,1,4,10
828,2025-02-04,2025,2,1,4,11
829,2025-02-04,2025,2,1,4,12
830,2025-02-04,2025,2,1,4,13
831,2025-02-04,2025,2,1,4,14
832,2025-02-04,2025,2,1,4,15
833,2025-02-04,2025,2,1,4,16
834,2025-02-04,2025,2,1,4,17
835,2025-02-04,2025,2,1,4,18
836,2025-02-04,2025,2,1,4,19
837,2025-02-04,2025,2,1,4,20
838,2025-02-04,2025,2,1,4,21
839,2025-02-04,2025,2,1,4,22
840,2025-02-04,2025,2,1,4,23
841,2025-02-05,2025,2,1,5,0
842,2025-02-05,2025,2,1,5,1
843,2025-02-05,2025,2,1,5,2
844,2025-02-05,2025,2,1,5,3
845,2025-02-05,2025,2,1,5,4
846,2025-02-05,2025,2,1,5,5
847,2025-02-05,2025,2,1,5,6
848,2025-02-05,2025,2,1,5,7
849,2025-02-05,2025,2,1,5,8
850,2025-02-05,2025,2,1,5,9
851,2025-02-05,2025,2,1,5,10
852,2025-02-05,2025,2,1,5,11
853,2025-02-05,2025,2,1,5,12
854,2025-02-05,2025,2,1,5,13
855,2025-02-05,2025,2,1,5,14
856,2025-02-05,2025,2,1,5,15
857,2025-02-05,2025,2,1,5,16
858,2025-02-05,2025,2,1,5,17
859,2025-02-05,2025,2,1,5,18
860,2025-02-05,2025,2,1,5,19
861,2025-02-05,2025,2,1,5,20
862,2025-02-05,2025,2,1,5,21
863,2025-02-05,2025,2,1,5,22
864,2025-02-05,2025,2,1,5,23
865,2025-02-06,2025,2,1,6,0
866,2025-02-06,2025,2,1,6,1
867,2025-02-06,2025,2,1,6,2
868,2025-02-06,2025,2,1,6,3
869,2025-02-06,2025,2,1,6,4
870,2025-02-06,2025,2,1,6,5
871,2025-02-06,2025,2,1,6,6
872,2025-02-06,2025,2,1,6,7
873,2025-02-06,2025,2,1,6,8
874,2025-02-06,2025,2,1,6,9
875,2025-02-06,2025,2,1,6,10
876,2025-02-06,2025,2,1,6,11
877,2025-02-06,2025,2,1,6,12
878,2025-02-06,2025,2,1,6,13
879,2025-02-06,2025,2,1,6,14
880,2025-02-06,2025,2,1,6,15
881,2025-02-06,2025,2,1,6,16
882,2025-02-06,2025,2,1,6,17
883,2025-02-06,2025,2,1,6,18
884,2025-02-06,2025,2,1,6,19
885,2025-02-06,2025,2,1,6,20
886,2025-02-06,2025,2,1,6,21
887,2025-02-06,2025,2,1,6,22
888,2025-02-06,2025,2,1,6,23
889,2025-02-07,2025,2,1,7,0
890,2025-02-07,2025,2,1,7,1
891,2025-02-07,2025,2,1,7,2
892,2025-02-07,2025,2,1,7,3
893,2025-02-07,2025,2,1,7,4
894,2025-02-07,2025,2,1,7,5
895,2025-02-07,2025,2,1,7,6
896,2025-02-07,2025,2,1,7,7
897,2025-02-07,2025,2,1,7,8
898,2025-02-07,2025,2,1,7,9
899,2025-02-07,2025,2,1,7,10
900,2025-02-07,2025,2,1,7,11
901,2025-02-07,2025,2,1,7,12
902,2025-02-07,2025,2,1,7,13
903,2025-02-07,2025,2,1,7,14
904,2025-02-07,2025,2,1,7,15
905,2025-02-07,2025,2,1,7,16
906,2025-02-07,2025,2,1,7,17
907,2025-02-07,2025,2,1,7,18
908,2025-02-07,2025,2,1,7,19
909,2025-02-07,2025,2,1,7,20
910,2025-02-07,2025,2,1,7,21
911,2025-02-07,2025,2,1,7,22
912,2025-02-07,2025,2,1,7,23
913,2025-02-08,2025,2,1,8,0
914,2025-02-08,2025,2,1,8,1
915,2025-02-08,2025,2,1,8,2
916,2025-02-08,2025,2,1,8,3
917,2025-02-08,2025,2,1,8,4
918,2025-02-08,2025,2,1,8,5
919,2025-02-08,2025,2,1,8,6
920,2025-02-08,2025,2,1,8,7
921,2025-02-08,2025,2,1,8,8
922,2025-02-08,2025,2,1,8,9
923,2025-02-08,2025,2,1,8,10
924,2025-02-08,2025,2,1,8,11
925,2025-02-08,2025,2,1,8,12
926,2025-02-08,2025,2,1,8,13
927,2025-02-08,2025,2,1,8,14
928,2025-02-08,2025,2,1,8,15
929,2025-02-08,2025,2,1,8,16
930,2025-02-08,2025,2,1,8,17
931,2025-02-08,2025,2,1,8,18
932,2025-02-08,2025,2,1,8,19
933,2025-02-08,2025,2,1,8,20
934,2025-02-08,2025,2,1,8,21
935,2025-02-08,2025,2,1,8,22
936,2025-02-08,2025,2,1,8,23
937,2025-02-09,2025,2,1,9,0
938,2025-02-09,2025,2,1,9,1
939,2025-02-09,2025,2,1,9,2
940,2025-02-09,2025,2,1,9,3
941,2025-02-09,2025,2,1,9,4
942,2025-02-09,2025,2,1,9,5
943,2025-02-09,2025,2,1,9,6
944,2025-02-09,2025,2,1,9,7
945,2025-02-09,2025,2,1,9,8
946,2025-02-09,2025,2,1,9,9
947,2025-02-09,2025,2,1,9,10
948,2025-02-09,2025,2,1,9,11
949,2025-02-09,2025,2,1,9,12
950,2025-02-09,2025,2,1,9,13
951,2025-02-09,2025,2,1,9,14
952,2025-02-09,2025,2,1,9,15
953,2025-02-09,2025,2,1,9,16
954,2025-02-09,2025,2,1,9,17
955,2025-02-09,2025,2,1,9,18
956,2025-02-09,2025,2,1,9,19
957,2025-02-09,2025,2,1,9,20
958,2025-02-09,2025,2,1,9,21
959,2025-02-09,2025,2,1,9,22
960,2025-02-09,2025,2,1,9,23
961,2025-02-10,2025,2,1,10,0
962,2025-02-10,2025,2,1,10,1
963,2025-02-10,2025,2,1,10,2
964,2025-02-10,2025,2,1,10,3
965,2025-02-10,2025,2,1,10,4
966,2025-02-10,2025,2,1,10,5
967,2025-02-10,2025,2,1,10,6
968,2025-02-10,2025,2,1,10,7
969,2025-02-10,2025,2,1,10,8
970,2025-02-10,2025,2,1,10,9
971,2025-02-10,2025,2,1,10,10
972,2025-02-10,2025,2,1,10,11
973,2025-02-10,2025,2,1,10,12
974,2025-02-10,2025,2,1,10,13
975,2025-02-10,2025,2,1,10,14
976,2025-02-10,2025,2,1,10,15
977,2025-02-10,2025,2,1,10,16
978,2025-02-10,2025,2,1,10,17
979,2025-02-10,2025,2,1,10,18
980,2025-02-10,2025,2,1,10,19
981,2025-02-10,2025,2,1,10,20
982,2025-02-10,2025,2,1,10,21
983,2025-02-10,2025,2,1,10,22
984,2025-02-10,2025,2,1,10,23
985,2025-02-11,2025,2,1,11,0
986,2025-02-11,2025,2,1,11,1
987,2025-02-11,2025,2,1,11,2
988,2025-02-11,2025,2,1,11,3
989,2025-02-11,2025,2,1,11,4
990,2025-02-11,2025,2,1,11,5
991,2025-02-11,2025,2,1,11,6
992,2025-02-11,2025,2,1,11,7
993,2025-02-11,2025,2,1,11,8
994,2025-02-11,2025,2,1,11,9
995,2025-02-11,2025,2,1,11,10
996,2025-02-11,2025,2,1,11,11
997,2025-02-11,2025,2,1,11,12
998,2025-02-11,2025,2,1,11,13
999,2025-02-11,2025,2,1,11,14
1000,2025-02-11,2025,2,1,11,15
1001,2025-02-11,2025,2,1,11,16
1002,2025-02-11,2025,2,1,11,17
1003,2025-02-11,2025,2,1,11,18
1004,2025-02-11,2025,2,1,11,19
1005,2025-02-11,2025,2,1,11,20
1006,2025-02-11,2025,2,1,11,21
1007,2025-02-11,2025,2,1,11,22
1008,2025-02-11,2025,2,1,11,23
1009,2025-02-12,2025,2,1,12,0
1010,2025-02-12,2025,2,1,12,1
1011,2025-02-12,2025,2,1,12,2
1012,2025-02-12,2025,2,1,12,3
1013,2025-02-12,2025,2,1,12,4
1014,2025-02-12,2025,2,1,12,5
1015,2025-02-12,2025,2,1,12,6
1016,2025-02-12,2025,2,1,12,7
1017,2025-02-12,2025,2,1,12,8
1018,2025-02-12,2025,2,1,12,9
1019,2025-02-12,2025,2,1,12,10
1020,2025-02-12,2025,2,1,12,11
1021,2025-02-12,2025,2,1,12,12
1022,2025-02-12,2025,2,1,12,13
1023,2025-02-12,2025,2,1,12,14
1024,2025-02-12,2025,2,1,12,15
1025,2025-02-12,2025,2,1,12,16
1026,2025-02-12,2025,2,1,12,17
1027,2025-02-12,2025,2,1,12,18
1028,2025-02-12,2025,2,1,12,19
1029,2025-02-12,2025,2,1,12,20
1030,2025-02-12,2025,2,1,12,21
1031,2025-02-12,2025,2,1,12,22
1032,2025-02-12,2025,2,1,12,23
1033,2025-02-13,2025,2,1,13,0
1034,2025-02-13,2025,2,1,13,1
1035,2025-02-13,2025,2,1,13,2
1036,2025-02-13,2025,2,1,13,3
1037,2025-02-13,2025,2,1,13,4
1038,2025-02-13,2025,2,1,13,5
1039,2025-02-13,2025,2,1,13,6
1040,2025-02-13,2025,2,1,13,7
1041,2025-02-13,2025,2,1,13,8
1042,2025-02-13,2025,2,1,13,9
1043,2025-02-13,2025,2,1,13,10
1044,2025-02-13,2025,2,1,13,11
1045,2025-02-13,2025,2,1,13,12
1046,2025-02-13,2025,2,1,13,13
1047,2025-02-13,2025,2,1,13,14
1048,2025-02-13,2025,2,1,13,15
1049,2025-02-13,2025,2,1,13,16
1050,2025-02-13,2025,2,1,13,17
1051,2025-02-13,2025,2,1,13,18
1052,2025-02-13,2025,2,1,13,19
1053,2025-02-13,2025,2,1,13,20
1054,2025-02-13,2025,2,1,13,21
1055,2025-02-13,2025,2,1,13,22
1056,2025-02-13,2025,2,1,13,23
1057,2025-02-14,2025,2,1,14,0
1058,2025-02-14,2025,2,1,14,1
1059,2025-02-14,2025,2,1,14,2
1060,2025-02-14,2025,2,1,14,3
1061,2025-02-14,2025,2,1,14,4
1062,2025-02-14,2025,2,1,14,5
1063,2025-02-14,2025,2,1,14,6
1064,2025-02-14,2025,2,1,14,7
1065,2025-02-14,2025,2,1,14,8
1066,2025-02-14,2025,2,1,14,9
1067,2025-02-14,2025,2,1,14,10
1068,2025-02-14,2025,2,1,14,11
1069,2025-02-14,2025,2,1,14,12
1070,2025-02-14,2025,2,1,14,13
1071,2025-02-14,2025,2,1,14,14
1072,2025-02-14,2025,2,1,14,15
1073,2025-02-14,2025,2,1,14,16
1074,2025-02-14,2025,2,1,14,17
1075,2025-02-14,2025,2,1,14,18
1076,2025-02-14,2025,2,1,14,19
1077,2025-02-14,2025,2,1,14,20
1078,2025-02-14,2025,2,1,14,21
1079,2025-02-14,2025,2,1,14,22
1080,2025-02-14,2025,2,1,14,23
1081,2025-02-15,2025,2,1,15,0
1082,2025-02-15,2025,2,1,15,1
1083,2025-02-15,2025,2,1,15,2
1084,2025-02-15,2025,2,1,15,3
1085,2025-02-15,2025,2,1,15,4
1086,2025-02-15,2025,2,1,15,5
1087,2025-02-15,2025,2,1,15,6
1088,2025-02-15,2025,2,1,15,7
1089,2025-02-15,2025,2,1,15,8
1090,2025-02-15,2025,2,1,15,9
1091,2025-02-15,2025,2,1,15,10
1092,2025-02-15,2025,2,1,15,11
1093,2025-02-15,2025,2,1,15,12
1094,2025-02-15,2025,2,1,15,13
1095,2025-02-15,2025,2,1,15,14
1096,2025-02-15,2025,2,1,15,15
1097,2025-02-15,2025,2,1,15,16
1098,2025-02-15,2025,2,1,15,17
1099,2025-02-15,2025,2,1,15,18
1100,2025-02-15,2025,2,1,15,19
1101,2025-02-15,2025,2,1,15,20
1102,2025-02-15,2025,2,1,15,21
1103,2025-02-15,2025,2,1,15,22
1104,2025-02-15,2025,2,1,15,23
1105,2025-02-16,2025,2,1,16,0
1106,2025-02-16,2025,2,1,16,1
1107,2025-02-16,2025,2,1,16,2
1108,2025-02-16,2025,2,1,16,3
1109,2025-02-16,2025,2,1,16,4
1110,2025-02-16,2025,2,1,16,5
1111,2025-02-16,2025,2,1,16,6
1112,2025-02-16,2025,2,1,16,7
1113,2025-02-16,2025,2,1,16,8
1114,2025-02-16,2025,2,1,16,9
1115,2025-02-16,2025,2,1,16,10
1116,2025-02-16,2025,2,1,16,11
1117,2025-02-16,2025,2,1,16,12
1118,2025-02-16,2025,2,1,16,13
1119,2025-02-16,2025,2,1,16,14
1120,2025-02-16,2025,2,1,16,15
1121,2025-02-16,2025,2,1,16,16
1122,2025-02-16,2025,2,1,16,17
1123,2025-02-16,2025,2,1,16,18
1124,2025-02-16,2025,2,1,16,19
1125,2025-02-16,2025,2,1,16,20
1126,2025-02-16,2025,2,1,16,21
1127,2025-02-16,2025,2,1,16,22
1128,2025-02-16,2025,2,1,16,23
1129,2025-02-17,2025,2,1,17,0
1130,2025-02-17,2025,2,1,17,1
1131,2025-02-17,2025,2,1,17,2
1132,2025-02-17,2025,2,1,17,3
1133,2025-02-17,2025,2,1,17,4
1134,2025-02-17,2025,2,1,17,5
1135,2025-02-17,2025,2,1,17,6
1136,2025-02-17,2025,2,1,17,7
1137,2025-02-17,2025,2,1,17,8
1138,2025-02-17,2025,2,1,17,9
1139,2025-02-17,2025,2,1,17,10
1140,2025-02-17,2025,2,1,17,11
1141,2025-02-17,2025,2,1,17,12
1142,2025-02-17,2025,2,1,17,13
1143,2025-02-17,2025,2,1,17,14
1144,2025-02-17,2025,2,1,17,15
1145,2025-02-17,2025,2,1,17,16
1146,2025-02-17,2025,2,1,17,17
1147,2025-02-17,2025,2,1,17,18
1148,2025-02-17,2025,2,1,17,19
1149,2025-02-17,2025,2,1,17,20
1150,2025-02-17,2025,2,1,17,21
1151,2025-02-17,2025,2,1,17,22
1152,2025-02-17,2025,2,1,17,23
1153,2025-02-18,2025,2,1,18,0
1154,2025-02-18,2025,2,1,18,1
1155,2025-02-18,2025,2,1,18,2
1156,2025-02-18,2025,2,1,18,3
1157,2025-02-18,2025,2,1,18,4
1158,2025-02-18,2025,2,1,18,5
1159,2025-02-18,2025,2,1,18,6
1160,2025-02-18,2025,2,1,18,7
1161,2025-02-18,2025,2,1,18,8
1162,2025-02-18,2025,2,1,18,9
1163,2025-02-18,2025,2,1,18,10
1164,2025-02-18,2025,2,1,18,11
1165,2025-02-18,2025,2,1,18,12
1166,2025-02-18,2025,2,1,18,13
1167,2025-02-18,2025,2,1,18,14
1168,2025-02-18,2025,2,1,18,15
1169,2025-02-18,2025,2,1,18,16
1170,2025-02-18,2025,2,1,18,17
1171,2025-02-18,2025,2,1,18,18
1172,2025-02-18,2025,2,1,18,19
1173,2025-02-18,2025,2,1,18,20
1174,2025-02-18,2025,2,1,18,21
1175,2025-02-18,2025,2,1,18,22
1176,2025-02-18,2025,2,1,18,23
1177,2025-02-19,2025,2,1,19,0
1178,2025-02-19,2025,2,1,19,1
1179,2025-02-19,2025,2,1,19,2
1180,2025-02-19,2025,2,1,19,3
1181,2025-02-19,2025,2,1,19,4
1182,2025-02-19,2025,2,1,19,5
1183,2025-02-19,2025,2,1,19,6
1184,2025-02-19,2025,2,1,19,7
1185,2025-02-19,2025,2,1,19,8
1186,2025-02-19,2025,2,1,19,9
1187,2025-02-19,2025,2,1,19,10
1188,2025-02-19,2025,2,1,19,11
1189,2025-02-19,2025,2,1,19,12
1190,2025-02-19,2025,2,1,19,13
1191,2025-02-19,2025,2,1,19,14
1192,2025-02-19,2025,2,1,19,15
1193,2025-02-19,2025,2,1,19,16
1194,2025-02-19,2025,2,1,19,17
1195,2025-02-19,2025,2,1,19,18
1196,2025-02-19,2025,2,1,19,19
1197,2025-02-19,2025,2,1,19,20
1198,2025-02-19,2025,2,1,19,21
1199,2025-02-19,2025,2,1,19,22
1200,2025-02-19,2025,2,1,19,23
1201,2025-02-20,2025,2,1,20,0
1202,2025-02-20,2025,2,1,20,1
1203,2025-02-20,2025,2,1,20,2
1204,2025-02-20,2025,2,1,20,3
1205,2025-02-20,2025,2,1,20,4
1206,2025-02-20,2025,2,1,20,5
1207,2025-02-20,2025,2,1,20,6
1208,2025-02-20,2025,2,1,20,7
1209,2025-02-20,2025,2,1,20,8
1210,2025-02-20,2025,2,1,20,9
1211,2025-02-20,2025,2,1,20,10
1212,2025-02-20,2025,2,1,20,11
1213,2025-02-20,2025,2,1,20,12
1214,2025-02-20,2025,2,1,20,13
1215,2025-02-20,2025,2,1,20,14
1216,2025-02-20,2025,2,1,20,15
1217,2025-02-20,2025,2,1,20,16
1218,2025-02-20,2025,2,1,20,17
1219,2025-02-20,2025,2,1,20,18
1220,2025-02-20,2025,2,1,20,19
1221,2025-02-20,2025,2,1,20,20
1222,2025-02-20,2025,2,1,20,21
1223,2025-02-20,2025,2,1,20,22
1224,2025-02-20,2025,2,1,20,23
1225,2025-02-21,2025,2,1,21,0
1226,2025-02-21,2025,2,1,21,1
1227,2025-02-21,2025,2,1,21,2
1228,2025-02-21,2025,2,1,21,3
1229,2025-02-21,2025,2,1,21,4
1230,2025-02-21,2025,2,1,21,5
1231,2025-02-21,2025,2,1,21,6
1232,2025-02-21,2025,2,1,21,7
1233,2025-02-21,2025,2,1,21,8
1234,2025-02-21,2025,2,1,21,9
1235,2025-02-21,2025,2,1,21,10
1236,2025-02-21,2025,2,1,21,11
1237,2025-02-21,2025,2,1,21,12
1238,2025-02-21,2025,2,1,21,13
1239,2025-02-21,2025,2,1,21,14
1240,2025-02-21,2025,2,1,21,15
1241,2025-02-21,2025,2,1,21,16
1242,2025-02-21,2025,2,1,21,17
1243,2025-02-21,2025,2,1,21,18
1244,2025-02-21,2025,2,1,21,19
1245,2025-02-21,2025,2,1,21,20
1246,2025-02-21,2025,2,1,21,21
1247,2025-02-21,2025,2,1,21,22
1248,2025-02-21,2025,2,1,21,23
1249,2025-02-22,2025,2,1,22,0
1250,2025-02-22,2025,2,1,22,1
1251,2025-02-22,2025,2,1,22,2
1252,2025-02-22,2025,2,1,22,3
1253,2025-02-22,2025,2,1,22,4
1254,2025-02-22,2025,2,1,22,5
1255,2025-02-22,2025,2,1,22,6
1256,2025-02-22,2025,2,1,22,7
1257,2025-02-22,2025,2,1,22,8
1258,2025-02-22,2025,2,1,22,9
1259,2025-02-22,2025,2,1,22,10
1260,2025-02-22,2025,2,1,22,11
1261,2025-02-22,2025,2,1,22,12
1262,2025-02-22,2025,2,1,22,13
1263,2025-02-22,2025,2,1,22,14
1264,2025-02-22,2025,2,1,22,15
1265,2025-02-22,2025,2,1,22,16
1266,2025-02-22,2025,2,1,22,17
1267,2025-02-22,2025,2,1,22,18
1268,2025-02-22,2025,2,1,22,19
1269,2025-02-22,2025,2,1,22,20
1270,2025-02-22,2025,2,1,22,21
1271,2025-02-22,2025,2,1,22,22
1272,2025-02-22,2025,2,1,22,23
1273,2025-02-23,2025,2,1,23,0
1274,2025-02-23,2025,2,1,23,1
1275,2025-02-23,2025,2,1,23,2
1276,2025-02-23,2025,2,1,23,3
1277,2025-02-23,2025,2,1,23,4
1278,2025-02-23,2025,2,1,23,5
1279,2025-02-23,2025,2,1,23,6
1280,2025-02-23,2025,2,1,23,7
1281,2025-02-23,2025,2,1,23,8
1282,2025-02-23,2025,2,1,23,9
1283,2025-02-23,2025,2,1,23,10
1284,2025-02-23,2025,2,1,23,11
1285,2025-02-23,2025,2,1,23,12
1286,2025-02-23,2025,2,1,23,13
1287,2025-02-23,2025,2,1,23,14
1288,2025-02-23,2025,2,1,23,15
1289,2025-02-23,2025,2,1,23,16
1290,2025-02-23,2025,2,1,23,17
1291,2025-02-23,2025,2,1,23,18
1292,2025-02-23,2025,2,1,23,19
1293,2025-02-23,2025,2,1,23,20
1294,2025-02-23,2025,2,1,23,21
1295,2025-02-23,2025,2,1,23,22
1296,2025-02-23,2025,2,1,23,23
1297,2025-02-24,2025,2,1,24,0
1298,2025-02-24,2025,2,1,24,1
1299,2025-02-24,2025,2,1,24,2
1300,2025-02-24,2025,2,1,24,3
1301,2025-02-24,2025,2,1,24,4
1302,2025-02-24,2025,2,1,24,5
1303,2025-02-24,2025,2,1,24,6
1304,2025-02-24,2025,2,1,24,7
1305,2025-02-24,2025,2,1,24,8
1306,2025-02-24,2025,2,1,24,9
1307,2025-02-24,2025,2,1,24,10
1308,2025-02-24,2025,2,1,24,11
1309,2025-02-24,2025,2,1,24,12
1310,2025-02-24,2025,2,1,24,13
1311,2025-02-24,2025,2,1,24,14
1312,2025-02-24,2025,2,1,24,15
1313,2025-02-24,2025,2,1,24,16
1314,2025-02-24,2025,2,1,24,17
1315,2025-02-24,2025,2,1,24,18
1316,2025-02-24,2025,2,1,24,19
1317,2025-02-24,2025,2,1,24,20
1318,2025-02-24,2025,2,1,24,21
1319,2025-02-24,2025,2,1,24,22
1320,2025-02-24,2025,2,1,24,23
1321,2025-02-25,2025,2,1,25,0
1322,2025-02-25,2025,2,1,25,1
1323,2025-02-25,2025,2,1,25,2
1324,2025-02-25,2025,2,1,25,3
1325,2025-02-25,2025,2,1,25,4
1326,2025-02-25,2025,2,1,25,5
1327,2025-02-25,2025,2,1,25,6
1328,2025-02-25,2025,2,1,25,7
1329,2025-02-25,2025,2,1,25,8
1330,2025-02-25,2025,2,1,25,9
1331,2025-02-25,2025,2,1,25,10
1332,2025-02-25,2025,2,1,25,11
1333,2025-02-25,2025,2,1,25,12
1334,2025-02-25,2025,2,1,25,13
1335,2025-02-25,2025,2,1,25,14
1336,2025-02-25,2025,2,1,25,15
1337,2025-02-25,2025,2,1,25,16
1338,2025-02-25,2025,2,1,25,17
1339,2025-02-25,2025,2,1,25,18
1340,2025-02-25,2025,2,1,25,19
1341,2025-02-25,2025,2,1,25,20
1342,2025-02-25,2025,2,1,25,21
1343,2025-02-25,2025,2,1,25,22
1344,2025-02-25,2025,2,1,25,23
1345,2025-02-26,2025,2,1,26,0
1346,2025-02-26,2025,2,1,26,1
1347,2025-02-26,2025,2,1,26,2
1348,2025-02-26,2025,2,1,26,3
1349,2025-02-26,2025,2,1,26,4
1350,2025-02-26,2025,2,1,26,5
1351,2025-02-26,2025,2,1,26,6
1352,2025-02-26,2025,2,1,26,7
1353,2025-02-26,2025,2,1,26,8
1354,2025-02-26,2025,2,1,26,9
1355,2025-02-26,2025,2,1,26,10
1356,2025-02-26,2025,2,1,26,11
1357,2025-02-26,2025,2,1,26,12
1358,2025-02-26,2025,2,1,26,13
1359,2025-02-26,2025,2,1,26,14
1360,2025-02-26,2025,2,1,26,15
1361,2025-02-26,2025,2,1,26,16
1362,2025-02-26,2025,2,1,26,17
1363,2025-02-26,2025,2,1,26,18
1364,2025-02-26,2025,2,1,26,19
1365,2025-02-26,2025,2,1,26,20
1366,2025-02-26,2025,2,1,26,21
1367,2025-02-26,2025,2,1,26,22
1368,2025-02-26,2025,2,1,26,23
1369,2025-02-27,2025,2,1,27,0
1370,2025-02-27,2025,2,1,27,1
1371,2025-02-27,2025,2,1,27,2
1372,2025-02-27,2025,2,1,27,3
1373,2025-02-27,2025,2,1,27,4
1374,2025-02-27,2025,2,1,27,5
1375,2025-02-27,2025,2,1,27,6
1376,2025-02-27,2025,2,1,27,7
1377,2025-02-27,2025,2,1,27,8
1378,2025-02-27,2025,2,1,27,9
1379,2025-02-27,2025,2,1,27,10
1380,2025-02-27,2025,2,1,27,11
1381,2025-02-27,2025,2,1,27,12
1382,2025-02-27,2025,2,1,27,13
1383,2025-02-27,2025,2,1,27,14
1384,2025-02-27,2025,2,1,27,15
1385,2025-02-27,2025,2,1,27,16
1386,2025-02-27,2025,2,1,27,17
1387,2025-02-27,2025,2,1,27,18
1388,2025-02-27,2025,2,1,27,19
1389,2025-02-27,2025,2,1,27,20
1390,2025-02-27,2025,2,1,27,21
1391,2025-02-27,2025,2,1,27,22
1392,2025-02-27,2025,2,1,27,23
1393,2025-02-28,2025,2,1,28,0
1394,2025-02-28,2025,2,1,28,1
1395,2025-02-28,2025,2,1,28,2
1396,2025-02-28,2025,2,1,28,3
1397,2025-02-28,2025,2,1,28,4
1398,2025-02-28,2025,2,1,28,5
1399,2025-02-28,2025,2,1,28,6
1400,2025-02-28,2025,2,1,28,7
1401,2025-02-28,2025,2,1,28,8
1402,2025-02-28,2025,2,1,28,9
1403,2025-02-28,2025,2,1,28,10
1404,2025-02-28,2025,2,1,28,11
1405,2025-02-28,2025,2,1,28,12
1406,2025-02-28,2025,2,1,28,13
1407,2025-02-28,2025,2,1,28,14
1408,2025-02-28,2025,2,1,28,15
1409,2025-02-28,2025,2,1,28,16
1410,2025-02-28,2025,2,1,28,17
1411,2025-02-28,2025,2,1,28,18
1412,2025-02-28,2025,2,1,28,19
1413,2025-02-28,2025,2,1,28,20
1414,2025-02-28,2025,2,1,28,21
1415,2025-02-28,2025,2,1,28,22
1416,2025-02-28,2025,2,1,28,23
1417,2025-03-01,2025,3,1,1,0
1418,2025-03-01,2025,3,1,1,1
1419,2025-03-01,2025,3,1,1,2
1420,2025-03-01,2025,3,1,1,3
1421,2025-03-01,2025,3,1,1,4
1422,2025-03-01,2025,3,1,1,5
1423,2025-03-01,2025,3,1,1,6
1424,2025-03-01,2025,3,1,1,7
1425,2025-03-01,2025,3,1,1,8
1426,2025-03-01,2025,3,1,1,9
1427,2025-03-01,2025,3,1,1,10
1428,2025-03-01,2025,3,1,1,11
1429,2025-03-01,2025,3,1,1,12
1430,2025-03-01,2025,3,1,1,13
1431,2025-03-01,2025,3,1,1,14
1432,2025-03-01,2025,3,1,1,15
1433,2025-03-01,2025,3,1,1,16
1434,2025-03-01,2025,3,1,1,17
1435,2025-03-01,2025,3,1,1,18
1436,2025-03-01,2025,3,1,1,19
1437,2025-03-01,2025,3,1,1,20
1438,2025-03-01,2025,3,1,1,21
1439,2025-03-01,2025,3,1,1,22
1440,2025-03-01,2025,3,1,1,23
1441,2025-03-02,2025,3,1,2,0
1442,2025-03-02,2025,3,1,2,1
1443,2025-03-02,2025,3,1,2,2
1444,2025-03-02,2025,3,1,2,3
1445,2025-03-02,2025,3,1,2,4
1446,2025-03-02,2025,3,1,2,5
1447,2025-03-02,2025,3,1,2,6
1448,2025-03-02,2025,3,1,2,7
1449,2025-03-02,2025,3,1,2,8
1450,2025-03-02,2025,3,1,2,9
1451,2025-03-02,2025,3,1,2,10
1452,2025-03-02,2025,3,1,2,11
1453,2025-03-02,2025,3,1,2,12
1454,2025-03-02,2025,3,1,2,13
1455,2025-03-02,2025,3,1,2,14
1456,2025-03-02,2025,3,1,2,15
1457,2025-03-02,2025,3,1,2,16
1458,2025-03-02,2025,3,1,2,17
1459,2025-03-02,2025,3,1,2,18
1460,2025-03-02,2025,3,1,2,19
1461,2025-03-02,2025,3,1,2,20
1462,2025-03-02,2025,3,1,2,21
1463,2025-03-02,2025,3,1,2,22
1464,2025-03-02,2025,3,1,2,23
1465,2025-03-03,2025,3,1,3,0
1466,2025-03-03,2025,3,1,3,1
1467,2025-03-03,2025,3,1,3,2
1468,2025-03-03,2025,3,1,3,3
1469,2025-03-03,2025,3,1,3,4
1470,2025-03-03,2025,3,1,3,5
1471,2025-03-03,2025,3,1,3,6
1472,2025-03-03,2025,3,1,3,7
1473,2025-03-03,2025,3,1,3,8
1474,2025-03-03,2025,3,1,3,9
1475,2025-03-03,2025,3,1,3,10
1476,2025-03-03,2025,3,1,3,11
1477,2025-03-03,2025,3,1,3,12
1478,2025-03-03,2025,3,1,3,13
1479,2025-03-03,2025,3,1,3,14
1480,2025-03-03,2025,3,1,3,15
1481,2025-03-03,2025,3,1,3,16
1482,2025-03-03,2025,3,1,3,17
1483,2025-03-03,2025,3,1,3,18
1484,2025-03-03,2025,3,1,3,19
1485,2025-03-03,2025,3,1,3,20
1486,2025-03-03,2025,3,1,3,21
1487,2025-03-03,2025,3,1,3,22
1488,2025-03-03,2025,3,1,3,23
1489,2025-03-04,2025,3,1,4,0
1490,2025-03-04,2025,3,1,4,1
1491,2025-03-04,2025,3,1,4,2
1492,2025-03-04,2025,3,1,4,3
1493,2025-03-04,2025,3,1,4,4
1494,2025-03-04,2025,3,1,4,5
1495,2025-03-04,2025,3,1,4,6
1496,2025-03-04,2025,3,1,4,7
1497,2025-03-04,2025,3,1,4,8
1498,2025-03-04,2025,3,1,4,9
1499,2025-03-04,2025,3,1,4,10
1500,2025-03-04,2025,3,1,4,11
1501,2025-03-04,2025,3,1,4,12
1502,2025-03-04,2025,3,1,4,13
1503,2025-03-04,2025,3,1,4,14
1504,2025-03-04,2025,3,1,4,15
1505,2025-03-04,2025,3,1,4,16
1506,2025-03-04,2025,3,1,4,17
1507,2025-03-04,2025,3,1,4,18
1508,2025-03-04,2025,3,1,4,19
1509,2025-03-04,2025,3,1,4,20
1510,2025-03-04,2025,3,1,4,21
1511,2025-03-04,2025,3,1,4,22
1512,2025-03-04,2025,3,1,4,23
1513,2025-03-05,2025,3,1,5,0
1514,2025-03-05,2025,3,1,5,1
1515,2025-03-05,2025,3,1,5,2
1516,2025-03-05,2025,3,1,5,3
1517,2025-03-05,2025,3,1,5,4
1518,2025-03-05,2025,3,1,5,5
1519,2025-03-05,2025,3,1,5,6
1520,2025-03-05,2025,3,1,5,7
1521,2025-03-05,2025,3,1,5,8
1522,2025-03-05,2025,3,1,5,9
1523,2025-03-05,2025,3,1,5,10
1524,2025-03-05,2025,3,1,5,11
1525,2025-03-05,2025,3,1,5,12
1526,2025-03-05,2025,3,1,5,13
1527,2025-03-05,2025,3,1,5,14
1528,2025-03-05,2025,3,1,5,15
1529,2025-03-05,2025,3,1,5,16
1530,2025-03-05,2025,3,1,5,17
1531,2025-03-05,2025,3,1,5,18
1532,2025-03-05,2025,3,1,5,19
1533,2025-03-05,2025,3,1,5,20
1534,2025-03-05,2025,3,1,5,21
1535,2025-03-05,2025,3,1,5,22
1536,2025-03-05,2025,3,1,5,23
1537,2025-03-06,2025,3,1,6,0
1538,2025-03-06,2025,3,1,6,1
1539,2025-03-06,2025,3,1,6,2
1540,2025-03-06,2025,3,1,6,3
1541,2025-03-06,2025,3,1,6,4
1542,2025-03-06,2025,3,1,6,5
1543,2025-03-06,2025,3,1,6,6
1544,2025-03-06,2025,3,1,6,7
1545,2025-03-06,2025,3,1,6,8
1546,2025-03-06,2025,3,1,6,9
1547,2025-03-06,2025,3,1,6,10
1548,2025-03-06,2025,3,1,6,11
1549,2025-03-06,2025,3,1,6,12
1550,2025-03-06,2025,3,1,6,13
1551,2025-03-06,2025,3,1,6,14
1552,2025-03-06,2025,3,1,6,15
1553,2025-03-06,2025,3,1,6,16
1554,2025-03-06,2025,3,1,6,17
1555,2025-03-06,2025,3,1,6,18
1556,2025-03-06,2025,3,1,6,19
1557,2025-03-06,2025,3,1,6,20
1558,2025-03-06,2025,3,1,6,21
1559,2025-03-06,2025,3,1,6,22
1560,2025-03-06,2025,3,1,6,23
1561,2025-03-07,2025,3,1,7,0
1562,2025-03-07,2025,3,1,7,1
1563,2025-03-07,2025,3,1,7,2
1564,2025-03-07,2025,3,1,7,3
1565,2025-03-07,2025,3,1,7,4
1566,2025-03-07,2025,3,1,7,5
1567,2025-03-07,2025,3,1,7,6
1568,2025-03-07,2025,3,1,7,7
1569,2025-03-07,2025,3,1,7,8
1570,2025-03-07,2025,3,1,7,9
1571,2025-03-07,2025,3,1,7,10
1572,2025-03-07,2025,3,1,7,11
1573,2025-03-07,2025,3,1,7,12
1574,2025-03-07,2025,3,1,7,13
1575,2025-03-07,2025,3,1,7,14
1576,2025-03-07,2025,3,1,7,15
1577,2025-03-07,2025,3,1,7,16
1578,2025-03-07,2025,3,1,7,17
1579,2025-03-07,2025,3,1,7,18
1580,2025-03-07,2025,3,1,7,19
1581,2025-03-07,2025,3,1,7,20
1582,2025-03-07,2025,3,1,7,21
1583,2025-03-07,2025,3,1,7,22
1584,2025-03-07,2025,3,1,7,23
1585,2025-03-08,2025,3,1,8,0
1586,2025-03-08,2025,3,1,8,1
1587,2025-03-08,2025,3,1,8,2
1588,2025-03-08,2025,3,1,8,3
1589,2025-03-08,2025,3,1,8,4
1590,2025-03-08,2025,3,1,8,5
1591,2025-03-08,2025,3,1,8,6
1592,2025-03-08,2025,3,1,8,7
1593,2025-03-08,2025,3,1,8,8
1594,2025-03-08,2025,3,1,8,9
1595,2025-03-08,2025,3,1,8,10
1596,2025-03-08,2025,3,1,8,11
1597,2025-03-08,2025,3,1,8,12
1598,2025-03-08,2025,3,1,8,13
1599,2025-03-08,2025,3,1,8,14
1600,2025-03-08,2025,3,1,8,15
1601,2025-03-08,2025,3,1,8,16
1602,2025-03-08,2025,3,1,8,17
1603,2025-03-08,2025,3,1,8,18
1604,2025-03-08,2025,3,1,8,19
1605,2025-03-08,2025,3,1,8,20
1606,2025-03-08,2025,3,1,8,21
1607,2025-03-08,2025,3,1,8,22
1608,2025-03-08,2025,3,1,8,23
1609,2025-03-09,2025,3,1,9,0
1610,2025-03-09,2025,3,1,9,1
1611,2025-03-09,2025,3,1,9,2
1612,2025-03-09,2025,3,1,9,3
1613,2025-03-09,2025,3,1,9,4
1614,2025-03-09,2025,3,1,9,5
1615,2025-03-09,2025,3,1,9,6
1616,2025-03-09,2025,3,1,9,7
1617,2025-03-09,2025,3,1,9,8
1618,2025-03-09,2025,3,1,9,9
1619,2025-03-09,2025,3,1,9,10
1620,2025-03-09,2025,3,1,9,11
1621,2025-03-09,2025,3,1,9,12
1622,2025-03-09,2025,3,1,9,13
1623,2025-03-09,2025,3,1,9,14
1624,2025-03-09,2025,3,1,9,15
1625,2025-03-09,2025,3,1,9,16
1626,2025-03-09,2025,3,1,9,17
1627,2025-03-09,2025,3,1,9,18
1628,2025-03-09,2025,3,1,9,19
1629,2025-03-09,2025,3,1,9,20
1630,2025-03-09,2025,3,1,9,21
1631,2025-03-09,2025,3,1,9,22
1632,2025-03-09,2025,3,1,9,23
1633,2025-03-10,2025,3,1,10,0
1634,2025-03-10,2025,3,1,10,1
1635,2025-03-10,2025,3,1,10,2
1636,2025-03-10,2025,3,1,10,3
1637,2025-03-10,2025,3,1,10,4
1638,2025-03-10,2025,3,1,10,5
1639,2025-03-10,2025,3,1,10,6
1640,2025-03-10,2025,3,1,10,7
1641,2025-03-10,2025,3,1,10,8
1642,2025-03-10,2025,3,1,10,9
1643,2025-03-10,2025,3,1,10,10
1644,2025-03-10,2025,3,1,10,11
1645,2025-03-10,2025,3,1,10,12
1646,2025-03-10,2025,3,1,10,13
1647,2025-03-10,2025,3,1,10,14
1648,2025-03-10,2025,3,1,10,15
1649,2025-03-10,2025,3,1,10,16
1650,2025-03-10,2025,3,1,10,17
1651,2025-03-10,2025,3,1,10,18
1652,2025-03-10,2025,3,1,10,19
1653,2025-03-10,2025,3,1,10,20
1654,2025-03-10,2025,3,1,10,21
1655,2025-03-10,2025,3,1,10,22
1656,2025-03-10,2025,3,1,10,23
1657,2025-03-11,2025,3,1,11,0
1658,2025-03-11,2025,3,1,11,1
1659,2025-03-11,2025,3,1,11,2
1660,2025-03-11,2025,3,1,11,3
1661,2025-03-11,2025,3,1,11,4
1662,2025-03-11,2025,3,1,11,5
1663,2025-03-11,2025,3,1,11,6
1664,2025-03-11,2025,3,1,11,7
1665,2025-03-11,2025,3,1,11,8
1666,2025-03-11,2025,3,1,11,9
1667,2025-03-11,2025,3,1,11,10
1668,2025-03-11,2025,3,1,11,11
1669,2025-03-11,2025,3,1,11,12
1670,2025-03-11,2025,3,1,11,13
1671,2025-03-11,2025,3,1,11,14
1672,2025-03-11,2025,3,1,11,15
1673,2025-03-11,2025,3,1,11,16
1674,2025-03-11,2025,3,1,11,17
1675,2025-03-11,2025,3,1,11,18
1676,2025-03-11,2025,3,1,11,19
1677,2025-03-11,2025,3,1,11,20
1678,2025-03-11,2025,3,1,11,21
1679,2025-03-11,2025,3,1,11,22
1680,2025-03-11,2025,3,1,11,23
1681,2025-03-12,2025,3,1,12,0
1682,2025-03-12,2025,3,1,12,1
1683,2025-03-12,2025,3,1,12,2
1684,2025-03-12,2025,3,1,12,3
1685,2025-03-12,2025,3,1,12,4
1686,2025-03-12,2025,3,1,12,5
1687,2025-03-12,2025,3,1,12,6
1688,2025-03-12,2025,3,1,12,7
1689,2025-03-12,2025,3,1,12,8
1690,2025-03-12,2025,3,1,12,9
1691,2025-03-12,2025,3,1,12,10
1692,2025-03-12,2025,3,1,12,11
1693,2025-03-12,2025,3,1,12,12
1694,2025-03-12,2025,3,1,12,13
1695,2025-03-12,2025,3,1,12,14
1696,2025-03-12,2025,3,1,12,15
1697,2025-03-12,2025,3,1,12,16
1698,2025-03-12,2025,3,1,12,17
1699,2025-03-12,2025,3,1,12,18
1700,2025-03-12,2025,3,1,12,19
1701,2025-03-12,2025,3,1,12,20
1702,2025-03-12,2025,3,1,12,21
1703,2025-03-12,2025,3,1,12,22
1704,2025-03-12,2025,3,1,12,23
1705,2025-03-13,2025,3,1,13,0
1706,2025-03-13,2025,3,1,13,1
1707,2025-03-13,2025,3,1,13,2
1708,2025-03-13,2025,3,1,13,3
1709,2025-03-13,2025,3,1,13,4
1710,2025-03-13,2025,3,1,13,5
1711,2025-03-13,2025,3,1,13,6
1712,2025-03-13,2025,3,1,13,7
1713,2025-03-13,2025,3,1,13,8
1714,2025-03-13,2025,3,1,13,9
1715,2025-03-13,2025,3,1,13,10
1716,2025-03-13,2025,3,1,13,11
1717,2025-03-13,2025,3,1,13,12
1718,2025-03-13,2025,3,1,13,13
1719,2025-03-13,2025,3,1,13,14
1720,2025-03-13,2025,3,1,13,15
1721,2025-03-13,2025,3,1,13,16
1722,2025-03-13,2025,3,1,13,17
1723,2025-03-13,2025,3,1,13,18
1724,2025-03-13,2025,3,1,13,19
1725,2025-03-13,2025,3,1,13,20
1726,2025-03-13,2025,3,1,13,21
1727,2025-03-13,2025,3,1,13,22
1728,2025-03-13,2025,3,1,13,23
1729,2025-03-14,2025,3,1,14,0
1730,2025-03-14,2025,3,1,14,1
1731,2025-03-14,2025,3,1,14,2
1732,2025-03-14,2025,3,1,14,3
1733,2025-03-14,2025,3,1,14,4
1734,2025-03-14,2025,3,1,14,5
1735,2025-03-14,2025,3,1,14,6
1736,2025-03-14,2025,3,1,14,7
1737,2025-03-14,2025,3,1,14,8
1738,2025-03-14,2025,3,1,14,9
1739,2025-03-14,2025,3,1,14,10
1740,2025-03-14,2025,3,1,14,11
1741,2025-03-14,2025,3,1,14,12
1742,2025-03-14,2025,3,1,14,13
1743,2025-03-14,2025,3,1,14,14
1744,2025-03-14,2025,3,1,14,15
1745,2025-03-14,2025,3,1,14,16
1746,2025-03-14,2025,3,1,14,17
1747,2025-03-14,2025,3,1,14,18
1748,2025-03-14,2025,3,1,14,19
1749,2025-03-14,2025,3,1,14,20
1750,2025-03-14,2025,3,1,14,21
1751,2025-03-14,2025,3,1,14,22
1752,2025-03-14,2025,3,1,14,23
1753,2025-03-15,2025,3,1,15,0
1754,2025-03-15,2025,3,1,15,1
1755,2025-03-15,2025,3,1,15,2
1756,2025-03-15,2025,3,1,15,3
1757,2025-03-15,2025,3,1,15,4
1758,2025-03-15,2025,3,1,15,5
1759,2025-03-15,2025,3,1,15,6
1760,2025-03-15,2025,3,1,15,7
1761,2025-03-15,2025,3,1,15,8
1762,2025-03-15,2025,3,1,15,9
1763,2025-03-15,2025,3,1,15,10
1764,2025-03-15,2025,3,1,15,11
1765,2025-03-15,2025,3,1,15,12
1766,2025-03-15,2025,3,1,15,13
1767,2025-03-15,2025,3,1,15,14
1768,2025-03-15,2025,3,1,15,15
1769,2025-03-15,2025,3,1,15,16
1770,2025-03-15,2025,3,1,15,17
1771,2025-03-15,2025,3,1,15,18
1772,2025-03-15,2025,3,1,15,19
1773,2025-03-15,2025,3,1,15,20
1774,2025-03-15,2025,3,1,15,21
1775,2025-03-15,2025,3,1,15,22
1776,2025-03-15,2025,3,1,15,23
1777,2025-03-16,2025,3,1,16,0
1778,2025-03-16,2025,3,1,16,1
1779,2025-03-16,2025,3,1,16,2
1780,2025-03-16,2025,3,1,16,3
1781,2025-03-16,2025,3,1,16,4
1782,2025-03-16,2025,3,1,16,5
1783,2025-03-16,2025,3,1,16,6
1784,2025-03-16,2025,3,1,16,7
1785,2025-03-16,2025,3,1,16,8
1786,2025-03-16,2025,3,1,16,9
1787,2025-03-16,2025,3,1,16,10
1788,2025-03-16,2025,3,1,16,11
1789,2025-03-16,2025,3,1,16,12
1790,2025-03-16,2025,3,1,16,13
1791,2025-03-16,2025,3,1,16,14
1792,2025-03-16,2025,3,1,16,15
1793,2025-03-16,2025,3,1,16,16
1794,2025-03-16,2025,3,1,16,17
1795,2025-03-16,2025,3,1,16,18
1796,2025-03-16,2025,3,1,16,19
1797,2025-03-16,2025,3,1,16,20
1798,2025-03-16,2025,3,1,16,21
1799,2025-03-16,2025,3,1,16,22
1800,2025-03-16,2025,3,1,16,23
1801,2025-03-17,2025,3,1,17,0
1802,2025-03-17,2025,3,1,17,1
1803,2025-03-17,2025,3,1,17,2
1804,2025-03-17,2025,3,1,17,3
1805,2025-03-17,2025,3,1,17,4
1806,2025-03-17,2025,3,1,17,5
1807,2025-03-17,2025,3,1,17,6
1808,2025-03-17,2025,3,1,17,7
1809,2025-03-17,2025,3,1,17,8
1810,2025-03-17,2025,3,1,17,9
1811,2025-03-17,2025,3,1,17,10
1812,2025-03-17,2025,3,1,17,11
1813,2025-03-17,2025,3,1,17,12
1814,2025-03-17,2025,3,1,17,13
1815,2025-03-17,2025,3,1,17,14
1816,2025-03-17,2025,3,1,17,15
1817,2025-03-17,2025,3,1,17,16
1818,2025-03-17,2025,3,1,17,17
1819,2025-03-17,2025,3,1,17,18
1820,2025-03-17,2025,3,1,17,19
1821,2025-03-17,2025,3,1,17,20
1822,2025-03-17,2025,3,1,17,21
1823,2025-03-17,2025,3,1,17,22
1824,2025-03-17,2025,3,1,17,23
1825,2025-03-18,2025,3,1,18,0
1826,2025-03-18,2025,3,1,18,1
1827,2025-03-18,2025,3,1,18,2
1828,2025-03-18,2025,3,1,18,3
1829,2025-03-18,2025,3,1,18,4
1830,2025-03-18,2025,3,1,18,5
1831,2025-03-18,2025,3,1,18,6
1832,2025-03-18,2025,3,1,18,7
1833,2025-03-18,2025,3,1,18,8
1834,2025-03-18,2025,3,1,18,9
1835,2025-03-18,2025,3,1,18,10
1836,2025-03-18,2025,3,1,18,11
1837,2025-03-18,2025,3,1,18,12
1838,2025-03-18,2025,3,1,18,13
1839,2025-03-18,2025,3,1,18,14
1840,2025-03-18,2025,3,1,18,15
1841,2025-03-18,2025,3,1,18,16
1842,2025-03-18,2025,3,1,18,17
1843,2025-03-18,2025,3,1,18,18
1844,2025-03-18,2025,3,1,18,19
1845,2025-03-18,2025,3,1,18,20
1846,2025-03-18,2025,3,1,18,21
1847,2025-03-18,2025,3,1,18,22
1848,2025-03-18,2025,3,1,18,23
1849,2025-03-19,2025,3,1,19,0
1850,2025-03-19,2025,3,1,19,1
1851,2025-03-19,2025,3,1,19,2
1852,2025-03-19,2025,3,1,19,3
1853,2025-03-19,2025,3,1,19,4
1854,2025-03-19,2025,3,1,19,5
1855,2025-03-19,2025,3,1,19,6
1856,2025-03-19,2025,3,1,19,7
1857,2025-03-19,2025,3,1,19,8
1858,2025-03-19,2025,3,1,19,9
1859,2025-03-19,2025,3,1,19,10
1860,2025-03-19,2025,3,1,19,11
1861,2025-03-19,2025,3,1,19,12
1862,2025-03-19,2025,3,1,19,13
1863,2025-03-19,2025,3,1,19,14
1864,2025-03-19,2025,3,1,19,15
1865,2025-03-19,2025,3,1,19,16
1866,2025-03-19,2025,3,1,19,17
1867,2025-03-19,2025,3,1,19,18
1868,2025-03-19,2025,3,1,19,19
1869,2025-03-19,2025,3,1,19,20
1870,2025-03-19,2025,3,1,19,21
1871,2025-03-19,2025,3,1,19,22
1872,2025-03-19,2025,3,1,19,23
1873,2025-03-20,2025,3,1,20,0
1874,2025-03-20,2025,3,1,20,1
1875,2025-03-20,2025,3,1,20,2
1876,2025-03-20,2025,3,1,20,3
1877,2025-03-20,2025,3,1,20,4
1878,2025-03-20,2025,3,1,20,5
1879,2025-03-20,2025,3,1,20,6
1880,2025-03-20,2025,3,1,20,7
1881,2025-03-20,2025,3,1,20,8
1882,2025-03-20,2025,3,1,20,9
1883,2025-03-20,2025,3,1,20,10
1884,2025-03-20,2025,3,1,20,11
1885,2025-03-20,2025,3,1,20,12
1886,2025-03-20,2025,3,1,20,13
1887,2025-03-20,2025,3,1,20,14
1888,2025-03-20,2025,3,1,20,15
1889,2025-03-20,2025,3,1,20,16
1890,2025-03-20,2025,3,1,20,17
1891,2025-03-20,2025,3,1,20,18
1892,2025-03-20,2025,3,1,20,19
1893,2025-03-20,2025,3,1,20,20
1894,2025-03-20,2025,3,1,20,21
1895,2025-03-20,2025,3,1,20,22
1896,2025-03-20,2025,3,1,20,23
1897,2025-03-21,2025,3,1,21,0
1898,2025-03-21,2025,3,1,21,1
1899,2025-03-21,2025,3,1,21,2
1900,2025-03-21,2025,3,1,21,3
1901,2025-03-21,2025,3,1,21,4
1902,2025-03-21,2025,3,1,21,5
1903,2025-03-21,2025,3,1,21,6
1904,2025-03-21,2025,3,1,21,7
1905,2025-03-21,2025,3,1,21,8
1906,2025-03-21,2025,3,1,21,9
1907,2025-03-21,2025,3,1,21,10
1908,2025-03-21,2025,3,1,21,11
1909,2025-03-21,2025,3,1,21,12
1910,2025-03-21,2025,3,1,21,13
1911,2025-03-21,2025,3,1,21,14
1912,2025-03-21,2025,3,1,21,15
1913,2025-03-21,2025,3,1,21,16
1914,2025-03-21,2025,3,1,21,17
1915,2025-03-21,2025,3,1,21,18
1916,2025-03-21,2025,3,1,21,19
1917,2025-03-21,2025,3,1,21,20
1918,2025-03-21,2025,3,1,21,21
1919,2025-03-21,2025,3,1,21,22
1920,2025-03-21,2025,3,1,21,23
1921,2025-03-22,2025,3,1,22,0
1922,2025-03-22,2025,3,1,22,1
1923,2025-03-22,2025,3,1,22,2
1924,2025-03-22,2025,3,1,22,3
1925,2025-03-22,2025,3,1,22,4
1926,2025-03-22,2025,3,1,22,5
1927,2025-03-22,2025,3,1,22,6
1928,2025-03-22,2025,3,1,22,7
1929,2025-03-22,2025,3,1,22,8
1930,2025-03-22,2025,3,1,22,9
1931,2025-03-22,2025,3,1,22,10
1932,2025-03-22,2025,3,1,22,11
1933,2025-03-22,2025,3,1,22,12
1934,2025-03-22,2025,3,1,22,13
1935,2025-03-22,2025,3,1,22,14
1936,2025-03-22,2025,3,1,22,15
1937,2025-03-22,2025,3,1,22,16
1938,2025-03-22,2025,3,1,22,17
1939,2025-03-22,2025,3,1,22,18
1940,2025-03-22,2025,3,1,22,19
1941,2025-03-22,2025,3,1,22,20
1942,2025-03-22,2025,3,1,22,21
1943,2025-03-22,2025,3,1,22,22
1944,2025-03-22,2025,3,1,22,23
1945,2025-03-23,2025,3,1,23,0
1946,2025-03-23,2025,3,1,23,1
1947,2025-03-23,2025,3,1,23,2
1948,2025-03-23,2025,3,1,23,3
1949,2025-03-23,2025,3,1,23,4
1950,2025-03-23,2025,3,1,23,5
1951,2025-03-23,2025,3,1,23,6
1952,2025-03-23,2025,3,1,23,7
1953,2025-03-23,2025,3,1,23,8
1954,2025-03-23,2025,3,1,23,9
1955,2025-03-23,2025,3,1,23,10
1956,2025-03-23,2025,3,1,23,11
1957,2025-03-23,2025,3,1,23,12
1958,2025-03-23,2025,3,1,23,13
1959,2025-03-23,2025,3,1,23,14
1960,2025-03-23,2025,3,1,23,15
1961,2025-03-23,2025,3,1,23,16
1962,2025-03-23,2025,3,1,23,17
1963,2025-03-23,2025,3,1,23,18
1964,2025-03-23,2025,3,1,23,19
1965,2025-03-23,2025,3,1,23,20
1966,2025-03-23,2025,3,1,23,21
1967,2025-03-23,2025,3,1,23,22
1968,2025-03-23,2025,3,1,23,23
1969,2025-03-24,2025,3,1,24,0
1970,2025-03-24,2025,3,1,24,1
1971,2025-03-24,2025,3,1,24,2
1972,2025-03-24,2025,3,1,24,3
1973,2025-03-24,2025,3,1,24,4
1974,2025-03-24,2025,3,1,24,5
1975,2025-03-24,2025,3,1,24,6
1976,2025-03-24,2025,3,1,24,7
1977,2025-03-24,2025,3,1,24,8
1978,2025-03-24,2025,3,1,24,9
1979,2025-03-24,2025,3,1,24,10
1980,2025-03-24,2025,3,1,24,11
1981,2025-03-24,2025,3,1,24,12
1982,2025-03-24,2025,3,1,24,13
1983,2025-03-24,2025,3,1,24,14
1984,2025-03-24,2025,3,1,24,15
1985,2025-03-24,2025,3,1,24,16
1986,2025-03-24,2025,3,1,24,17
1987,2025-03-24,2025,3,1,24,18
1988,2025-03-24,2025,3,1,24,19
1989,2025-03-24,2025,3,1,24,20
1990,2025-03-24,2025,3,1,24,21
1991,2025-03-24,2025,3,1,24,22
1992,2025-03-24,2025,3,1,24,23
1993,2025-03-25,2025,3,1,25,0
1994,2025-03-25,2025,3,1,25,1
1995,2025-03-25,2025,3,1,25,2
1996,2025-03-25,2025,3,1,25,3
1997,2025-03-25,2025,3,1,25,4
1998,2025-03-25,2025,3,1,25,5
1999,2025-03-25,2025,3,1,25,6
2000,2025-03-25,2025,3,1,25,7
2001,2025-03-25,2025,3,1,25,8
2002,2025-03-25,2025,3,1,25,9
2003,2025-03-25,2025,3,1,25,10
2004,2025-03-25,2025,3,1,25,11
2005,2025-03-25,2025,3,1,25,12
2006,2025-03-25,2025,3,1,25,13
2007,2025-03-25,2025,3,1,25,14
2008,2025-03-25,2025,3,1,25,15
2009,2025-03-25,2025,3,1,25,16
2010,2025-03-25,2025,3,1,25,17
2011,2025-03-25,2025,3,1,25,18
2012,2025-03-25,2025,3,1,25,19
2013,2025-03-25,2025,3,1,25,20
2014,2025-03-25,2025,3,1,25,21
2015,2025-03-25,2025,3,1,25,22
2016,2025-03-25,2025,3,1,25,23
2017,2025-03-26,2025,3,1,26,0
2018,2025-03-26,2025,3,1,26,1
2019,2025-03-26,2025,3,1,26,2
2020,2025-03-26,2025,3,1,26,3
2021,2025-03-26,2025,3,1,26,4
2022,2025-03-26,2025,3,1,26,5
2023,2025-03-26,2025,3,1,26,6
2024,2025-03-26,2025,3,1,26,7
2025,2025-03-26,2025,3,1,26,8
2026,2025-03-26,2025,3,1,26,9
2027,2025-03-26,2025,3,1,26,10
2028,2025-03-26,2025,3,1,26,11
2029,2025-03-26,2025,3,1,26,12
2030,2025-03-26,2025,3,1,26,13
2031,2025-03-26,2025,3,1,26,14
2032,2025-03-26,2025,3,1,26,15
2033,2025-03-26,2025,3,1,26,16
2034,2025-03-26,2025,3,1,26,17
2035,2025-03-26,2025,3,1,26,18
2036,2025-03-26,2025,3,1,26,19
2037,2025-03-26,2025,3,1,26,20
2038,2025-03-26,2025,3,1,26,21
2039,2025-03-26,2025,3,1,26,22
2040,2025-03-26,2025,3,1,26,23
2041,2025-03-27,2025,3,1,27,0
2042,2025-03-27,2025,3,1,27,1
2043,2025-03-27,2025,3,1,27,2
2044,2025-03-27,2025,3,1,27,3
2045,2025-03-27,2025,3,1,27,4
2046,2025-03-27,2025,3,1,27,5
2047,2025-03-27,2025,3,1,27,6
2048,2025-03-27,2025,3,1,27,7
2049,2025-03-27,2025,3,1,27,8
2050,2025-03-27,2025,3,1,27,9
2051,2025-03-27,2025,3,1,27,10
2052,2025-03-27,2025,3,1,27,11
2053,2025-03-27,2025,3,1,27,12
2054,2025-03-27,2025,3,1,27,13
2055,2025-03-27,2025,3,1,27,14
2056,2025-03-27,2025,3,1,27,15
2057,2025-03-27,2025,3,1,27,16
2058,2025-03-27,2025,3,1,27,17
2059,2025-03-27,2025,3,1,27,18
2060,2025-03-27,2025,3,1,27,19
2061,2025-03-27,2025,3,1,27,20
2062,2025-03-27,2025,3,1,27,21
2063,2025-03-27,2025,3,1,27,22
2064,2025-03-27,2025,3,1,27,23
2065,2025-03-28,2025,3,1,28,0
2066,2025-03-28,2025,3,1,28,1
2067,2025-03-28,2025,3,1,28,2
2068,2025-03-28,2025,3,1,28,3
2069,2025-03-28,2025,3,1,28,4
2070,2025-03-28,2025,3,1,28,5
2071,2025-03-28,2025,3,1,28,6
2072,2025-03-28,2025,3,1,28,7
2073,2025-03-28,2025,3,1,28,8
2074,2025-03-28,2025,3,1,28,9
2075,2025-03-28,2025,3,1,28,10
2076,2025-03-28,2025,3,1,28,11
2077,2025-03-28,2025,3,1,28,12
2078,2025-03-28,2025,3,1,28,13
2079,2025-03-28,2025,3,1,28,14
2080,2025-03-28,2025,3,1,28,15
2081,2025-03-28,2025,3,1,28,16
2082,2025-03-28,2025,3,1,28,17
2083,2025-03-28,2025,3,1,28,18
2084,2025-03-28,2025,3,1,28,19
2085,2025-03-28,2025,3,1,28,20
2086,2025-03-28,2025,3,1,28,21
2087,2025-03-28,2025,3,1,28,22
2088,2025-03-28,2025,3,1,28,23
2089,2025-03-29,2025,3,1,29,0
2090,2025-03-29,2025,3,1,29,1
2091,2025-03-29,2025,3,1,29,2
2092,2025-03-29,2025,3,1,29,3
2093,2025-03-29,2025,3,1,29,4
2094,2025-03-29,2025,3,1,29,5
2095,2025-03-29,2025,3,1,29,6
2096,2025-03-29,2025,3,1,29,7
2097,2025-03-29,2025,3,1,29,8
2098,2025-03-29,2025,3,1,29,9
2099,2025-03-29,2025,3,1,29,10
2100,2025-03-29,2025,3,1,29,11
2101,2025-03-29,2025,3,1,29,12
2102,2025-03-29,2025,3,1,29,13
2103,2025-03-29,2025,3,1,29,14
2104,2025-03-29,2025,3,1,29,15
2105,2025-03-29,2025,3,1,29,16
2106,2025-03-29,2025,3,1,29,17
2107,2025-03-29,2025,3,1,29,18
2108,2025-03-29,2025,3,1,29,19
2109,2025-03-29,2025,3,1,29,20
2110,2025-03-29,2025,3,1,29,21
2111,2025-03-29,2025,3,1,29,22
2112,2025-03-29,2025,3,1,29,23
2113,2025-03-30,2025,3,1,30,0
2114,2025-03-30,2025,3,1,30,1
2115,2025-03-30,2025,3,1,30,2
2116,2025-03-30,2025,3,1,30,3
2117,2025-03-30,2025,3,1,30,4
2118,2025-03-30,2025,3,1,30,5
2119,2025-03-30,2025,3,1,30,6
2120,2025-03-30,2025,3,1,30,7
2121,2025-03-30,2025,3,1,30,8
2122,2025-03-30,2025,3,1,30,9
2123,2025-03-30,2025,3,1,30,10
2124,2025-03-30,2025,3,1,30,11
2125,2025-03-30,2025,3,1,30,12
2126,2025-03-30,2025,3,1,30,13
2127,2025-03-30,2025,3,1,30,14
2128,2025-03-30,2025,3,1,30,15
2129,2025-03-30,2025,3,1,30,16
2130,2025-03-30,2025,3,1,30,17
2131,2025-03-30,2025,3,1,30,18
2132,2025-03-30,2025,3,1,30,19
2133,2025-03-30,2025,3,1,30,20
2134,2025-03-30,2025,3,1,30,21
2135,2025-03-30,2025,3,1,30,22
2136,2025-03-30,2025,3,1,30,23
2137,2025-03-31,2025,3,1,31,0
2138,2025-03-31,2025,3,1,31,1
2139,2025-03-31,2025,3,1,31,2
2140,2025-03-31,2025,3,1,31,3
2141,2025-03-31,2025,3,1,31,4
2142,2025-03-31,2025,3,1,31,5
2143,2025-03-31,2025,3,1,31,6
2144,2025-03-31,2025,3,1,31,7
2145,2025-03-31,2025,3,1,31,8
2146,2025-03-31,2025,3,1,31,9
2147,2025-03-31,2025,3,1,31,10
2148,2025-03-31,2025,3,1,31,11
2149,2025-03-31,2025,3,1,31,12
2150,2025-03-31,2025,3,1,31,13
2151,2025-03-31,2025,3,1,31,14
2152,2025-03-31,2025,3,1,31,15
2153,2025-03-31,2025,3,1,31,16
2154,2025-03-31,2025,3,1,31,17
2155,2025-03-31,2025,3,1,31,18
2156,2025-03-31,2025,3,1,31,19
2157,2025-03-31,2025,3,1,31,20
2158,2025-03-31,2025,3,1,31,21
2159,2025-03-31,2025,3,1,31,22
2160,2025-03-31,2025,3,1,31,23
2161,2025-04-01,2025,4,2,1,0
2162,2025-04-01,2025,4,2,1,1
2163,2025-04-01,2025,4,2,1,2
2164,2025-04-01,2025,4,2,1,3
2165,2025-04-01,2025,4,2,1,4
2166,2025-04-01,2025,4,2,1,5
2167,2025-04-01,2025,4,2,1,6
2168,2025-04-01,2025,4,2,1,7
2169,2025-04-01,2025,4,2,1,8
2170,2025-04-01,2025,4,2,1,9
2171,2025-04-01,2025,4,2,1,10
2172,2025-04-01,2025,4,2,1,11
2173,2025-04-01,2025,4,2,1,12
2174,2025-04-01,2025,4,2,1,13
2175,2025-04-01,2025,4,2,1,14
2176,2025-04-01,2025,4,2,1,15
2177,2025-04-01,2025,4,2,1,16
2178,2025-04-01,2025,4,2,1,17
2179,2025-04-01,2025,4,2,1,18
2180,2025-04-01,2025,4,2,1,19
2181,2025-04-01,2025,4,2,1,20
2182,2025-04-01,2025,4,2,1,21
2183,2025-04-01,2025,4,2,1,22
2184,2025-04-01,2025,4,2,1,23
2185,2025-04-02,2025,4,2,2,0
2186,2025-04-02,2025,4,2,2,1
2187,2025-04-02,2025,4,2,2,2
2188,2025-04-02,2025,4,2,2,3
2189,2025-04-02,2025,4,2,2,4
2190,2025-04-02,2025,4,2,2,5
2191,2025-04-02,2025,4,2,2,6
2192,2025-04-02,2025,4,2,2,7
2193,2025-04-02,2025,4,2,2,8
2194,2025-04-02,2025,4,2,2,9
2195,2025-04-02,2025,4,2,2,10
2196,2025-04-02,2025,4,2,2,11
2197,2025-04-02,2025,4,2,2,12
2198,2025-04-02,2025,4,2,2,13
2199,2025-04-02,2025,4,2,2,14
2200,2025-04-02,2025,4,2,2,15
2201,2025-04-02,2025,4,2,2,16
2202,2025-04-02,2025,4,2,2,17
2203,2025-04-02,2025,4,2,2,18
2204,2025-04-02,2025,4,2,2,19
2205,2025-04-02,2025,4,2,2,20
2206,2025-04-02,2025,4,2,2,21
2207,2025-04-02,2025,4,2,2,22
2208,2025-04-02,2025,4,2,2,23
2209,2025-04-03,2025,4,2,3,0
2210,2025-04-03,2025,4,2,3,1
2211,2025-04-03,2025,4,2,3,2
2212,2025-04-03,2025,4,2,3,3
2213,2025-04-03,2025,4,2,3,4
2214,2025-04-03,2025,4,2,3,5
2215,2025-04-03,2025,4,2,3,6
2216,2025-04-03,2025,4,2,3,7
2217,2025-04-03,2025,4,2,3,8
2218,2025-04-03,2025,4,2,3,9
2219,2025-04-03,2025,4,2,3,10
2220,2025-04-03,2025,4,2,3,11
2221,2025-04-03,2025,4,2,3,12
2222,2025-04-03,2025,4,2,3,13
2223,2025-04-03,2025,4,2,3,14
2224,2025-04-03,2025,4,2,3,15
2225,2025-04-03,2025,4,2,3,16
2226,2025-04-03,2025,4,2,3,17
2227,2025-04-03,2025,4,2,3,18
2228,2025-04-03,2025,4,2,3,19
2229,2025-04-03,2025,4,2,3,20
2230,2025-04-03,2025,4,2,3,21
2231,2025-04-03,2025,4,2,3,22
2232,2025-04-03,2025,4,2,3,23
2233,2025-04-04,2025,4,2,4,0
2234,2025-04-04,2025,4,2,4,1
2235,2025-04-04,2025,4,2,4,2
2236,2025-04-04,2025,4,2,4,3
2237,2025-04-04,2025,4,2,4,4
2238,2025-04-04,2025,4,2,4,5
2239,2025-04-04,2025,4,2,4,6
2240,2025-04-04,2025,4,2,4,7
2241,2025-04-04,2025,4,2,4,8
2242,2025-04-04,2025,4,2,4,9
2243,2025-04-04,2025,4,2,4,10
2244,2025-04-04,2025,4,2,4,11
2245,2025-04-04,2025,4,2,4,12
2246,2025-04-04,2025,4,2,4,13
2247,2025-04-04,2025,4,2,4,14
2248,2025-04-04,2025,4,2,4,15
2249,2025-04-04,2025,4,2,4,16
2250,2025-04-04,2025,4,2,4,17
2251,2025-04-04,2025,4,2,4,18
2252,2025-04-04,2025,4,2,4,19
2253,2025-04-04,2025,4,2,4,20
2254,2025-04-04,2025,4,2,4,21
2255,2025-04-04,2025,4,2,4,22
2256,2025-04-04,2025,4,2,4,23
2257,2025-04-05,2025,4,2,5,0
2258,2025-04-05,2025,4,2,5,1
2259,2025-04-05,2025,4,2,5,2
2260,2025-04-05,2025,4,2,5,3
2261,2025-04-05,2025,4,2,5,4
2262,2025-04-05,2025,4,2,5,5
2263,2025-04-05,2025,4,2,5,6
2264,2025-04-05,2025,4,2,5,7
2265,2025-04-05,2025,4,2,5,8
2266,2025-04-05,2025,4,2,5,9
2267,2025-04-05,2025,4,2,5,10
2268,2025-04-05,2025,4,2,5,11
2269,2025-04-05,2025,4,2,5,12
2270,2025-04-05,2025,4,2,5,13
2271,2025-04-05,2025,4,2,5,14
2272,2025-04-05,2025,4,2,5,15
2273,2025-04-05,2025,4,2,5,16
2274,2025-04-05,2025,4,2,5,17
2275,2025-04-05,2025,4,2,5,18
2276,2025-04-05,2025,4,2,5,19
2277,2025-04-05,2025,4,2,5,20
2278,2025-04-05,2025,4,2,5,21
2279,2025-04-05,2025,4,2,5,22
2280,2025-04-05,2025,4,2,5,23
2281,2025-04-06,2025,4,2,6,0
2282,2025-04-06,2025,4,2,6,1
2283,2025-04-06,2025,4,2,6,2
2284,2025-04-06,2025,4,2,6,3
2285,2025-04-06,2025,4,2,6,4
2286,2025-04-06,2025,4,2,6,5
2287,2025-04-06,2025,4,2,6,6
2288,2025-04-06,2025,4,2,6,7
2289,2025-04-06,2025,4,2,6,8
2290,2025-04-06,2025,4,2,6,9
2291,2025-04-06,2025,4,2,6,10
2292,2025-04-06,2025,4,2,6,11
2293,2025-04-06,2025,4,2,6,12
2294,2025-04-06,2025,4,2,6,13
2295,2025-04-06,2025,4,2,6,14
2296,2025-04-06,2025,4,2,6,15
2297,2025-04-06,2025,4,2,6,16
2298,2025-04-06,2025,4,2,6,17
2299,2025-04-06,2025,4,2,6,18
2300,2025-04-06,2025,4,2,6,19
2301,2025-04-06,2025,4,2,6,20
2302,2025-04-06,2025,4,2,6,21
2303,2025-04-06,2025,4,2,6,22
2304,2025-04-06,2025,4,2,6,23
2305,2025-04-07,2025,4,2,7,0
2306,2025-04-07,2025,4,2,7,1
2307,2025-04-07,2025,4,2,7,2
2308,2025-04-07,2025,4,2,7,3
2309,2025-04-07,2025,4,2,7,4
2310,2025-04-07,2025,4,2,7,5
2311,2025-04-07,2025,4,2,7,6
2312,2025-04-07,2025,4,2,7,7
2313,2025-04-07,2025,4,2,7,8
2314,2025-04-07,2025,4,2,7,9
2315,2025-04-07,2025,4,2,7,10
2316,2025-04-07,2025,4,2,7,11
2317,2025-04-07,2025,4,2,7,12
2318,2025-04-07,2025,4,2,7,13
2319,2025-04-07,2025,4,2,7,14
2320,2025-04-07,2025,4,2,7,15
2321,2025-04-07,2025,4,2,7,16
2322,2025-04-07,2025,4,2,7,17
2323,2025-04-07,2025,4,2,7,18
2324,2025-04-07,2025,4,2,7,19
2325,2025-04-07,2025,4,2,7,20
2326,2025-04-07,2025,4,2,7,21
2327,2025-04-07,2025,4,2,7,22
2328,2025-04-07,2025,4,2,7,23
2329,2025-04-08,2025,4,2,8,0
2330,2025-04-08,2025,4,2,8,1
2331,2025-04-08,2025,4,2,8,2
2332,2025-04-08,2025,4,2,8,3
2333,2025-04-08,2025,4,2,8,4
2334,2025-04-08,2025,4,2,8,5
2335,2025-04-08,2025,4,2,8,6
2336,2025-04-08,2025,4,2,8,7
2337,2025-04-08,2025,4,2,8,8
2338,2025-04-08,2025,4,2,8,9
2339,2025-04-08,2025,4,2,8,10
2340,2025-04-08,2025,4,2,8,11
2341,2025-04-08,2025,4,2,8,12
2342,2025-04-08,2025,4,2,8,13
2343,2025-04-08,2025,4,2,8,14
2344,2025-04-08,2025,4,2,8,15
2345,2025-04-08,2025,4,2,8,16
2346,2025-04-08,2025,4,2,8,17
2347,2025-04-08,2025,4,2,8,18
2348,2025-04-08,2025,4,2,8,19
2349,2025-04-08,2025,4,2,8,20
2350,2025-04-08,2025,4,2,8,21
2351,2025-04-08,2025,4,2,8,22
2352,2025-04-08,2025,4,2,8,23
2353,2025-04-09,2025,4,2,9,0
2354,2025-04-09,2025,4,2,9,1
2355,2025-04-09,2025,4,2,9,2
2356,2025-04-09,2025,4,2,9,3
2357,2025-04-09,2025,4,2,9,4
2358,2025-04-09,2025,4,2,9,5
2359,2025-04-09,2025,4,2,9,6
2360,2025-04-09,2025,4,2,9,7
2361,2025-04-09,2025,4,2,9,8
2362,2025-04-09,2025,4,2,9,9
2363,2025-04-09,2025,4,2,9,10
2364,2025-04-09,2025,4,2,9,11
2365,2025-04-09,2025,4,2,9,12
2366,2025-04-09,2025,4,2,9,13
2367,2025-04-09,2025,4,2,9,14
2368,2025-04-09,2025,4,2,9,15
2369,2025-04-09,2025,4,2,9,16
2370,2025-04-09,2025,4,2,9,17
2371,2025-04-09,2025,4,2,9,18
2372,2025-04-09,2025,4,2,9,19
2373,2025-04-09,2025,4,2,9,20
2374,2025-04-09,2025,4,2,9,21
2375,2025-04-09,2025,4,2,9,22
2376,2025-04-09,2025,4,2,9,23
2377,2025-04-10,2025,4,2,10,0
2378,2025-04-10,2025,4,2,10,1
2379,2025-04-10,2025,4,2,10,2
2380,2025-04-10,2025,4,2,10,3
2381,2025-04-10,2025,4,2,10,4
2382,2025-04-10,2025,4,2,10,5
2383,2025-04-10,2025,4,2,10,6
2384,2025-04-10,2025,4,2,10,7
2385,2025-04-10,2025,4,2,10,8
2386,2025-04-10,2025,4,2,10,9
2387,2025-04-10,2025,4,2,10,10
2388,2025-04-10,2025,4,2,10,11
2389,2025-04-10,2025,4,2,10,12
2390,2025-04-10,2025,4,2,10,13
2391,2025-04-10,2025,4,2,10,14
2392,2025-04-10,2025,4,2,10,15
2393,2025-04-10,2025,4,2,10,16
2394,2025-04-10,2025,4,2,10,17
2395,2025-04-10,2025,4,2,10,18
2396,2025-04-10,2025,4,2,10,19
2397,2025-04-10,2025,4,2,10,20
2398,2025-04-10,2025,4,2,10,21
2399,2025-04-10,2025,4,2,10,22
2400,2025-04-10,2025,4,2,10,23
2401,2025-04-11,2025,4,2,11,0
2402,2025-04-11,2025,4,2,11,1
2403,2025-04-11,2025,4,2,11,2
2404,2025-04-11,2025,4,2,11,3
2405,2025-04-11,2025,4,2,11,4
2406,2025-04-11,2025,4,2,11,5
2407,2025-04-11,2025,4,2,11,6
2408,2025-04-11,2025,4,2,11,7
2409,2025-04-11,2025,4,2,11,8
2410,2025-04-11,2025,4,2,11,9
2411,2025-04-11,2025,4,2,11,10
2412,2025-04-11,2025,4,2,11,11
2413,2025-04-11,2025,4,2,11,12
2414,2025-04-11,2025,4,2,11,13
2415,2025-04-11,2025,4,2,11,14
2416,2025-04-11,2025,4,2,11,15
2417,2025-04-11,2025,4,2,11,16
2418,2025-04-11,2025,4,2,11,17
2419,2025-04-11,2025,4,2,11,18
2420,2025-04-11,2025,4,2,11,19
2421,2025-04-11,2025,4,2,11,20
2422,2025-04-11,2025,4,2,11,21
2423,2025-04-11,2025,4,2,11,22
2424,2025-04-11,2025,4,2,11,23
2425,2025-04-12,2025,4,2,12,0
2426,2025-04-12,2025,4,2,12,1
2427,2025-04-12,2025,4,2,12,2
2428,2025-04-12,2025,4,2,12,3
2429,2025-04-12,2025,4,2,12,4
2430,2025-04-12,2025,4,2,12,5
2431,2025-04-12,2025,4,2,12,6
2432,2025-04-12,2025,4,2,12,7
2433,2025-04-12,2025,4,2,12,8
2434,2025-04-12,2025,4,2,12,9
2435,2025-04-12,2025,4,2,12,10
2436,2025-04-12,2025,4,2,12,11
2437,2025-04-12,2025,4,2,12,12
2438,2025-04-12,2025,4,2,12,13
2439,2025-04-12,2025,4,2,12,14
2440,2025-04-12,2025,4,2,12,15
2441,2025-04-12,2025,4,2,12,16
2442,2025-04-12,2025,4,2,12,17
2443,2025-04-12,2025,4,2,12,18
2444,2025-04-12,2025,4,2,12,19
2445,2025-04-12,2025,4,2,12,20
2446,2025-04-12,2025,4,2,12,21
2447,2025-04-12,2025,4,2,12,22
2448,2025-04-12,2025,4,2,12,23
2449,2025-04-13,2025,4,2,13,0
2450,2025-04-13,2025,4,2,13,1
2451,2025-04-13,2025,4,2,13,2
2452,2025-04-13,2025,4,2,13,3
2453,2025-04-13,2025,4,2,13,4
2454,2025-04-13,2025,4,2,13,5
2455,2025-04-13,2025,4,2,13,6
2456,2025-04-13,2025,4,2,13,7
2457,2025-04-13,2025,4,2,13,8
2458,2025-04-13,2025,4,2,13,9
2459,2025-04-13,2025,4,2,13,10
2460,2025-04-13,2025,4,2,13,11
2461,2025-04-13,2025,4,2,13,12
2462,2025-04-13,2025,4,2,13,13
2463,2025-04-13,2025,4,2,13,14
2464,2025-04-13,2025,4,2,13,15
2465,2025-04-13,2025,4,2,13,16
2466,2025-04-13,2025,4,2,13,17
2467,2025-04-13,2025,4,2,13,18
2468,2025-04-13,2025,4,2,13,19
2469,2025-04-13,2025,4,2,13,20
2470,2025-04-13,2025,4,2,13,21
2471,2025-04-13,2025,4,2,13,22
2472,2025-04-13,2025,4,2,13,23
2473,2025-04-14,2025,4,2,14,0
2474,2025-04-14,2025,4,2,14,1
2475,2025-04-14,2025,4,2,14,2
2476,2025-04-14,2025,4,2,14,3
2477,2025-04-14,2025,4,2,14,4
2478,2025-04-14,2025,4,2,14,5
2479,2025-04-14,2025,4,2,14,6
2480,2025-04-14,2025,4,2,14,7
2481,2025-04-14,2025,4,2,14,8
2482,2025-04-14,2025,4,2,14,9
2483,2025-04-14,2025,4,2,14,10
2484,2025-04-14,2025,4,2,14,11
2485,2025-04-14,2025,4,2,14,12
2486,2025-04-14,2025,4,2,14,13
2487,2025-04-14,2025,4,2,14,14
2488,2025-04-14,2025,4,2,14,15
2489,2025-04-14,2025,4,2,14,16
2490,2025-04-14,2025,4,2,14,17
2491,2025-04-14,2025,4,2,14,18
2492,2025-04-14,2025,4,2,14,19
2493,2025-04-14,2025,4,2,14,20
2494,2025-04-14,2025,4,2,14,21
2495,2025-04-14,2025,4,2,14,22
2496,2025-04-14,2025,4,2,14,23
2497,2025-04-15,2025,4,2,15,0
2498,2025-04-15,2025,4,2,15,1
2499,2025-04-15,2025,4,2,15,2
2500,2025-04-15,2025,4,2,15,3
2501,2025-04-15,2025,4,2,15,4
2502,2025-04-15,2025,4,2,15,5
2503,2025-04-15,2025,4,2,15,6
2504,2025-04-15,2025,4,2,15,7
2505,2025-04-15,2025,4,2,15,8
2506,2025-04-15,2025,4,2,15,9
2507,2025-04-15,2025,4,2,15,10
2508,2025-04-15,2025,4,2,15,11
2509,2025-04-15,2025,4,2,15,12
2510,2025-04-15,2025,4,2,15,13
2511,2025-04-15,2025,4,2,15,14
2512,2025-04-15,2025,4,2,15,15
2513,2025-04-15,2025,4,2,15,16
2514,2025-04-15,2025,4,2,15,17
2515,2025-04-15,2025,4,2,15,18
2516,2025-04-15,2025,4,2,15,19
2517,2025-04-15,2025,4,2,15,20
2518,2025-04-15,2025,4,2,15,21
2519,2025-04-15,2025,4,2,15,22
2520,2025-04-15,2025,4,2,15,23
2521,2025-04-16,2025,4,2,16,0
2522,2025-04-16,2025,4,2,16,1
2523,2025-04-16,2025,4,2,16,2
2524,2025-04-16,2025,4,2,16,3
2525,2025-04-16,2025,4,2,16,4
2526,2025-04-16,2025,4,2,16,5
2527,2025-04-16,2025,4,2,16,6
2528,2025-04-16,2025,4,2,16,7
2529,2025-04-16,2025,4,2,16,8
2530,2025-04-16,2025,4,2,16,9
2531,2025-04-16,2025,4,2,16,10
2532,2025-04-16,2025,4,2,16,11
2533,2025-04-16,2025,4,2,16,12
2534,2025-04-16,2025,4,2,16,13
2535,2025-04-16,2025,4,2,16,14
2536,2025-04-16,2025,4,2,16,15
2537,2025-04-16,2025,4,2,16,16
2538,2025-04-16,2025,4,2,16,17
2539,2025-04-16,2025,4,2,16,18
2540,2025-04-16,2025,4,2,16,19
2541,2025-04-16,2025,4,2,16,20
2542,2025-04-16,2025,4,2,16,21
2543,2025-04-16,2025,4,2,16,22
2544,2025-04-16,2025,4,2,16,23
2545,2025-04-17,2025,4,2,17,0
2546,2025-04-17,2025,4,2,17,1
2547,2025-04-17,2025,4,2,17,2
2548,2025-04-17,2025,4,2,17,3
2549,2025-04-17,2025,4,2,17,4
2550,2025-04-17,2025,4,2,17,5
2551,2025-04-17,2025,4,2,17,6
2552,2025-04-17,2025,4,2,17,7
2553,2025-04-17,2025,4,2,17,8
2554,2025-04-17,2025,4,2,17,9
2555,2025-04-17,2025,4,2,17,10
2556,2025-04-17,2025,4,2,17,11
2557,2025-04-17,2025,4,2,17,12
2558,2025-04-17,2025,4,2,17,13
2559,2025-04-17,2025,4,2,17,14
2560,2025-04-17,2025,4,2,17,15
2561,2025-04-17,2025,4,2,17,16
2562,2025-04-17,2025,4,2,17,17
2563,2025-04-17,2025,4,2,17,18
2564,2025-04-17,2025,4,2,17,19
2565,2025-04-17,2025,4,2,17,20
2566,2025-04-17,2025,4,2,17,21
2567,2025-04-17,2025,4,2,17,22
2568,2025-04-17,2025,4,2,17,23
2569,2025-04-18,2025,4,2,18,0
2570,2025-04-18,2025,4,2,18,1
2571,2025-04-18,2025,4,2,18,2
2572,2025-04-18,2025,4,2,18,3
2573,2025-04-18,2025,4,2,18,4
2574,2025-04-18,2025,4,2,18,5
2575,2025-04-18,2025,4,2,18,6
2576,2025-04-18,2025,4,2,18,7
2577,2025-04-18,2025,4,2,18,8
2578,2025-04-18,2025,4,2,18,9
2579,2025-04-18,2025,4,2,18,10
2580,2025-04-18,2025,4,2,18,11
2581,2025-04-18,2025,4,2,18,12
2582,2025-04-18,2025,4,2,18,13
2583,2025-04-18,2025,4,2,18,14
2584,2025-04-18,2025,4,2,18,15
2585,2025-04-18,2025,4,2,18,16
2586,2025-04-18,2025,4,2,18,17
2587,2025-04-18,2025,4,2,18,18
2588,2025-04-18,2025,4,2,18,19
2589,2025-04-18,2025,4,2,18,20
2590,2025-04-18,2025,4,2,18,21
2591,2025-04-18,2025,4,2,18,22
2592,2025-04-18,2025,4,2,18,23
2593,2025-04-19,2025,4,2,19,0
2594,2025-04-19,2025,4,2,19,1
2595,2025-04-19,2025,4,2,19,2
2596,2025-04-19,2025,4,2,19,3
2597,2025-04-19,2025,4,2,19,4
2598,2025-04-19,2025,4,2,19,5
2599,2025-04-19,2025,4,2,19,6
2600,2025-04-19,2025,4,2,19,7
2601,2025-04-19,2025,4,2,19,8
2602,2025-04-19,2025,4,2,19,9
2603,2025-04-19,2025,4,2,19,10
2604,2025-04-19,2025,4,2,19,11
2605,2025-04-19,2025,4,2,19,12
2606,2025-04-19,2025,4,2,19,13
2607,2025-04-19,2025,4,2,19,14
2608,2025-04-19,2025,4,2,19,15
2609,2025-04-19,2025,4,2,19,16
2610,2025-04-19,2025,4,2,19,17
2611,2025-04-19,2025,4,2,19,18
2612,2025-04-19,2025,4,2,19,19
2613,2025-04-19,2025,4,2,19,20
2614,2025-04-19,2025,4,2,19,21
2615,2025-04-19,2025,4,2,19,22
2616,2025-04-19,2025,4,2,19,23
2617,2025-04-20,2025,4,2,20,0
2618,2025-04-20,2025,4,2,20,1
2619,2025-04-20,2025,4,2,20,2
2620,2025-04-20,2025,4,2,20,3
2621,2025-04-20,2025,4,2,20,4
2622,2025-04-20,2025,4,2,20,5
2623,2025-04-20,2025,4,2,20,6
2624,2025-04-20,2025,4,2,20,7
2625,2025-04-20,2025,4,2,20,8
2626,2025-04-20,2025,4,2,20,9
2627,2025-04-20,2025,4,2,20,10
2628,2025-04-20,2025,4,2,20,11
2629,2025-04-20,2025,4,2,20,12
2630,2025-04-20,2025,4,2,20,13
2631,2025-04-20,2025,4,2,20,14
2632,2025-04-20,2025,4,2,20,15
2633,2025-04-20,2025,4,2,20,16
2634,2025-04-20,2025,4,2,20,17
2635,2025-04-20,2025,4,2,20,18
2636,2025-04-20,2025,4,2,20,19
2637,2025-04-20,2025,4,2,20,20
2638,2025-04-20,2025,4,2,20,21
2639,2025-04-20,2025,4,2,20,22
2640,2025-04-20,2025,4,2,20,23
2641,2025-04-21,2025,4,2,21,0
2642,2025-04-21,2025,4,2,21,1
2643,2025-04-21,2025,4,2,21,2
2644,2025-04-21,2025,4,2,21,3
2645,2025-04-21,2025,4,2,21,4
2646,2025-04-21,2025,4,2,21,5
2647,2025-04-21,2025,4,2,21,6
2648,2025-04-21,2025,4,2,21,7
2649,2025-04-21,2025,4,2,21,8
2650,2025-04-21,2025,4,2,21,9
2651,2025-04-21,2025,4,2,21,10
2652,2025-04-21,2025,4,2,21,11
2653,2025-04-21,2025,4,2,21,12
2654,2025-04-21,2025,4,2,21,13
2655,2025-04-21,2025,4,2,21,14
2656,2025-04-21,2025,4,2,21,15
2657,2025-04-21,2025,4,2,21,16
2658,2025-04-21,2025,4,2,21,17
2659,2025-04-21,2025,4,2,21,18
2660,2025-04-21,2025,4,2,21,19
2661,2025-04-21,2025,4,2,21,20
2662,2025-04-21,2025,4,2,21,21
2663,2025-04-21,2025,4,2,21,22
2664,2025-04-21,2025,4,2,21,23
2665,2025-04-22,2025,4,2,22,0
2666,2025-04-22,2025,4,2,22,1
2667,2025-04-22,2025,4,2,22,2
2668,2025-04-22,2025,4,2,22,3
2669,2025-04-22,2025,4,2,22,4
2670,2025-04-22,2025,4,2,22,5
2671,2025-04-22,2025,4,2,22,6
2672,2025-04-22,2025,4,2,22,7
2673,2025-04-22,2025,4,2,22,8
2674,2025-04-22,2025,4,2,22,9
2675,2025-04-22,2025,4,2,22,10
2676,2025-04-22,2025,4,2,22,11
2677,2025-04-22,2025,4,2,22,12
2678,2025-04-22,2025,4,2,22,13
2679,2025-04-22,2025,4,2,22,14
2680,2025-04-22,2025,4,2,22,15
2681,2025-04-22,2025,4,2,22,16
2682,2025-04-22,2025,4,2,22,17
2683,2025-04-22,2025,4,2,22,18
2684,2025-04-22,2025,4,2,22,19
2685,2025-04-22,2025,4,2,22,20
2686,2025-04-22,2025,4,2,22,21
2687,2025-04-22,2025,4,2,22,22
2688,2025-04-22,2025,4,2,22,23
2689,2025-04-23,2025,4,2,23,0
2690,2025-04-23,2025,4,2,23,1
2691,2025-04-23,2025,4,2,23,2
2692,2025-04-23,2025,4,2,23,3
2693,2025-04-23,2025,4,2,23,4
2694,2025-04-23,2025,4,2,23,5
2695,2025-04-23,2025,4,2,23,6
2696,2025-04-23,2025,4,2,23,7
2697,2025-04-23,2025,4,2,23,8
2698,2025-04-23,2025,4,2,23,9
2699,2025-04-23,2025,4,2,23,10
2700,2025-04-23,2025,4,2,23,11
2701,2025-04-23,2025,4,2,23,12
2702,2025-04-23,2025,4,2,23,13
2703,2025-04-23,2025,4,2,23,14
2704,2025-04-23,2025,4,2,23,15
2705,2025-04-23,2025,4,2,23,16
2706,2025-04-23,2025,4,2,23,17
2707,2025-04-23,2025,4,2,23,18
2708,2025-04-23,2025,4,2,23,19
2709,2025-04-23,2025,4,2,23,20
2710,2025-04-23,2025,4,2,23,21
2711,2025-04-23,2025,4,2,23,22
2712,2025-04-23,2025,4,2,23,23
2713,2025-04-24,2025,4,2,24,0
2714,2025-04-24,2025,4,2,24,1
2715,2025-04-24,2025,4,2,24,2
2716,2025-04-24,2025,4,2,24,3
2717,2025-04-24,2025,4,2,24,4
2718,2025-04-24,2025,4,2,24,5
2719,2025-04-24,2025,4,2,24,6
2720,2025-04-24,2025,4,2,24,7
2721,2025-04-24,2025,4,2,24,8
2722,2025-04-24,2025,4,2,24,9
2723,2025-04-24,2025,4,2,24,10
2724,2025-04-24,2025,4,2,24,11
2725,2025-04-24,2025,4,2,24,12
2726,2025-04-24,2025,4,2,24,13
2727,2025-04-24,2025,4,2,24,14
2728,2025-04-24,2025,4,2,24,15
2729,2025-04-24,2025,4,2,24,16
2730,2025-04-24,2025,4,2,24,17
2731,2025-04-24,2025,4,2,24,18
2732,2025-04-24,2025,4,2,24,19
2733,2025-04-24,2025,4,2,24,20
2734,2025-04-24,2025,4,2,24,21
2735,2025-04-24,2025,4,2,24,22
2736,2025-04-24,2025,4,2,24,23
2737,2025-04-25,2025,4,2,25,0
2738,2025-04-25,2025,4,2,25,1
2739,2025-04-25,2025,4,2,25,2
2740,2025-04-25,2025,4,2,25,3
2741,2025-04-25,2025,4,2,25,4
2742,2025-04-25,2025,4,2,25,5
2743,2025-04-25,2025,4,2,25,6
2744,2025-04-25,2025,4,2,25,7
2745,2025-04-25,2025,4,2,25,8
2746,2025-04-25,2025,4,2,25,9
2747,2025-04-25,2025,4,2,25,10
2748,2025-04-25,2025,4,2,25,11
2749,2025-04-25,2025,4,2,25,12
2750,2025-04-25,2025,4,2,25,13
2751,2025-04-25,2025,4,2,25,14
2752,2025-04-25,2025,4,2,25,15
2753,2025-04-25,2025,4,2,25,16
2754,2025-04-25,2025,4,2,25,17
2755,2025-04-25,2025,4,2,25,18
2756,2025-04-25,2025,4,2,25,19
2757,2025-04-25,2025,4,2,25,20
2758,2025-04-25,2025,4,2,25,21
2759,2025-04-25,2025,4,2,25,22
2760,2025-04-25,2025,4,2,25,23
2761,2025-04-26,2025,4,2,26,0
2762,2025-04-26,2025,4,2,26,1
2763,2025-04-26,2025,4,2,26,2
2764,2025-04-26,2025,4,2,26,3
2765,2025-04-26,2025,4,2,26,4
2766,2025-04-26,2025,4,2,26,5
2767,2025-04-26,2025,4,2,26,6
2768,2025-04-26,2025,4,2,26,7
2769,2025-04-26,2025,4,2,26,8
2770,2025-04-26,2025,4,2,26,9
2771,2025-04-26,2025,4,2,26,10
2772,2025-04-26,2025,4,2,26,11
2773,2025-04-26,2025,4,2,26,12
2774,2025-04-26,2025,4,2,26,13
2775,2025-04-26,2025,4,2,26,14
2776,2025-04-26,2025,4,2,26,15
2777,2025-04-26,2025,4,2,26,16
2778,2025-04-26,2025,4,2,26,17
2779,2025-04-26,2025,4,2,26,18
2780,2025-04-26,2025,4,2,26,19
2781,2025-04-26,2025,4,2,26,20
2782,2025-04-26,2025,4,2,26,21
2783,2025-04-26,2025,4,2,26,22
2784,2025-04-26,2025,4,2,26,23
2785,2025-04-27,2025,4,2,27,0
2786,2025-04-27,2025,4,2,27,1
2787,2025-04-27,2025,4,2,27,2
2788,2025-04-27,2025,4,2,27,3
2789,2025-04-27,2025,4,2,27,4
2790,2025-04-27,2025,4,2,27,5
2791,2025-04-27,2025,4,2,27,6
2792,2025-04-27,2025,4,2,27,7
2793,2025-04-27,2025,4,2,27,8
2794,2025-04-27,2025,4,2,27,9
2795,2025-04-27,2025,4,2,27,10
2796,2025-04-27,2025,4,2,27,11
2797,2025-04-27,2025,4,2,27,12
2798,2025-04-27,2025,4,2,27,13
2799,2025-04-27,2025,4,2,27,14
2800,2025-04-27,2025,4,2,27,15
2801,2025-04-27,2025,4,2,27,16
2802,2025-04-27,2025,4,2,27,17
2803,2025-04-27,2025,4,2,27,18
2804,2025-04-27,2025,4,2,27,19
2805,2025-04-27,2025,4,2,27,20
2806,2025-04-27,2025,4,2,27,21
2807,2025-04-27,2025,4,2,27,22
2808,2025-04-27,2025,4,2,27,23
2809,2025-04-28,2025,4,2,28,0
2810,2025-04-28,2025,4,2,28,1
2811,2025-04-28,2025,4,2,28,2
2812,2025-04-28,2025,4,2,28,3
2813,2025-04-28,2025,4,2,28,4
2814,2025-04-28,2025,4,2,28,5
2815,2025-04-28,2025,4,2,28,6
2816,2025-04-28,2025,4,2,28,7
2817,2025-04-28,2025,4,2,28,8
2818,2025-04-28,2025,4,2,28,9
2819,2025-04-28,2025,4,2,28,10
2820,2025-04-28,2025,4,2,28,11
2821,2025-04-28,2025,4,2,28,12
2822,2025-04-28,2025,4,2,28,13
2823,2025-04-28,2025,4,2,28,14
2824,2025-04-28,2025,4,2,28,15
2825,2025-04-28,2025,4,2,28,16
2826,2025-04-28,2025,4,2,28,17
2827,2025-04-28,2025,4,2,28,18
2828,2025-04-28,2025,4,2,28,19
2829,2025-04-28,2025,4,2,28,20
2830,2025-04-28,2025,4,2,28,21
2831,2025-04-28,2025,4,2,28,22
2832,2025-04-28,2025,4,2,28,23
2833,2025-04-29,2025,4,2,29,0
2834,2025-04-29,2025,4,2,29,1
2835,2025-04-29,2025,4,2,29,2
2836,2025-04-29,2025,4,2,29,3
2837,2025-04-29,2025,4,2,29,4
2838,2025-04-29,2025,4,2,29,5
2839,2025-04-29,2025,4,2,29,6
2840,2025-04-29,2025,4,2,29,7
2841,2025-04-29,2025,4,2,29,8
2842,2025-04-29,2025,4,2,29,9
2843,2025-04-29,2025,4,2,29,10
2844,2025-04-29,2025,4,2,29,11
2845,2025-04-29,2025,4,2,29,12
2846,2025-04-29,2025,4,2,29,13
2847,2025-04-29,2025,4,2,29,14
2848,2025-04-29,2025,4,2,29,15
2849,2025-04-29,2025,4,2,29,16
2850,2025-04-29,2025,4,2,29,17
2851,2025-04-29,2025,4,2,29,18
2852,2025-04-29,2025,4,2,29,19
2853,2025-04-29,2025,4,2,29,20
2854,2025-04-29,2025,4,2,29,21
2855,2025-04-29,2025,4,2,29,22
2856,2025-04-29,2025,4,2,29,23
2857,2025-04-30,2025,4,2,30,0
2858,2025-04-30,2025,4,2,30,1
2859,2025-04-30,2025,4,2,30,2
2860,2025-04-30,2025,4,2,30,3
2861,2025-04-30,2025,4,2,30,4
2862,2025-04-30,2025,4,2,30,5
2863,2025-04-30,2025,4,2,30,6
2864,2025-04-30,2025,4,2,30,7
2865,2025-04-30,2025,4,2,30,8
2866,2025-04-30,2025,4,2,30,9
2867,2025-04-30,2025,4,2,30,10
2868,2025-04-30,2025,4,2,30,11
2869,2025-04-30,2025,4,2,30,12
2870,2025-04-30,2025,4,2,30,13
2871,2025-04-30,2025,4,2,30,14
2872,2025-04-30,2025,4,2,30,15
2873,2025-04-30,2025,4,2,30,16
2874,2025-04-30,2025,4,2,30,17
2875,2025-04-30,2025,4,2,30,18
2876,2025-04-30,2025,4,2,30,19
2877,2025-04-30,2025,4,2,30,20
2878,2025-04-30,2025,4,2,30,21
2879,2025-04-30,2025,4,2,30,22
2880,2025-04-30,2025,4,2,30,23
2881,2025-05-01,2025,5,2,1,0
2882,2025-05-01,2025,5,2,1,1
2883,2025-05-01,2025,5,2,1,2
2884,2025-05-01,2025,5,2,1,3
2885,2025-05-01,2025,5,2,1,4
2886,2025-05-01,2025,5,2,1,5
2887,2025-05-01,2025,5,2,1,6
2888,2025-05-01,2025,5,2,1,7
2889,2025-05-01,2025,5,2,1,8
2890,2025-05-01,2025,5,2,1,9
2891,2025-05-01,2025,5,2,1,10
2892,2025-05-01,2025,5,2,1,11
2893,2025-05-01,2025,5,2,1,12
2894,2025-05-01,2025,5,2,1,13
2895,2025-05-01,2025,5,2,1,14
2896,2025-05-01,2025,5,2,1,15
2897,2025-05-01,2025,5,2,1,16
2898,2025-05-01,2025,5,2,1,17
2899,2025-05-01,2025,5,2,1,18
2900,2025-05-01,2025,5,2,1,19
2901,2025-05-01,2025,5,2,1,20
2902,2025-05-01,2025,5,2,1,21
2903,2025-05-01,2025,5,2,1,22
2904,2025-05-01,2025,5,2,1,23
2905,2025-05-02,2025,5,2,2,0
2906,2025-05-02,2025,5,2,2,1
2907,2025-05-02,2025,5,2,2,2
2908,2025-05-02,2025,5,2,2,3
2909,2025-05-02,2025,5,2,2,4
2910,2025-05-02,2025,5,2,2,5
2911,2025-05-02,2025,5,2,2,6
2912,2025-05-02,2025,5,2,2,7
2913,2025-05-02,2025,5,2,2,8
2914,2025-05-02,2025,5,2,2,9
2915,2025-05-02,2025,5,2,2,10
2916,2025-05-02,2025,5,2,2,11
2917,2025-05-02,2025,5,2,2,12
2918,2025-05-02,2025,5,2,2,13
2919,2025-05-02,2025,5,2,2,14
2920,2025-05-02,2025,5,2,2,15
2921,2025-05-02,2025,5,2,2,16
2922,2025-05-02,2025,5,2,2,17
2923,2025-05-02,2025,5,2,2,18
2924,2025-05-02,2025,5,2,2,19
2925,2025-05-02,2025,5,2,2,20
2926,2025-05-02,2025,5,2,2,21
2927,2025-05-02,2025,5,2,2,22
2928,2025-05-02,2025,5,2,2,23
2929,2025-05-03,2025,5,2,3,0
2930,2025-05-03,2025,5,2,3,1
2931,2025-05-03,2025,5,2,3,2
2932,2025-05-03,2025,5,2,3,3
2933,2025-05-03,2025,5,2,3,4
2934,2025-05-03,2025,5,2,3,5
2935,2025-05-03,2025,5,2,3,6
2936,2025-05-03,2025,5,2,3,7
2937,2025-05-03,2025,5,2,3,8
2938,2025-05-03,2025,5,2,3,9
2939,2025-05-03,2025,5,2,3,10
2940,2025-05-03,2025,5,2,3,11
2941,2025-05-03,2025,5,2,3,12
2942,2025-05-03,2025,5,2,3,13
2943,2025-05-03,2025,5,2,3,14
2944,2025-05-03,2025,5,2,3,15
2945,2025-05-03,2025,5,2,3,16
2946,2025-05-03,2025,5,2,3,17
2947,2025-05-03,2025,5,2,3,18
2948,2025-05-03,2025,5,2,3,19
2949,2025-05-03,2025,5,2,3,20
2950,2025-05-03,2025,5,2,3,21
2951,2025-05-03,2025,5,2,3,22
2952,2025-05-03,2025,5,2,3,23
2953,2025-05-04,2025,5,2,4,0
2954,2025-05-04,2025,5,2,4,1
2955,2025-05-04,2025,5,2,4,2
2956,2025-05-04,2025,5,2,4,3
2957,2025-05-04,2025,5,2,4,4
2958,2025-05-04,2025,5,2,4,5
2959,2025-05-04,2025,5,2,4,6
2960,2025-05-04,2025,5,2,4,7
2961,2025-05-04,2025,5,2,4,8
2962,2025-05-04,2025,5,2,4,9
2963,2025-05-04,2025,5,2,4,10
2964,2025-05-04,2025,5,2,4,11
2965,2025-05-04,2025,5,2,4,12
2966,2025-05-04,2025,5,2,4,13
2967,2025-05-04,2025,5,2,4,14
2968,2025-05-04,2025,5,2,4,15
2969,2025-05-04,2025,5,2,4,16
2970,2025-05-04,2025,5,2,4,17
2971,2025-05-04,2025,5,2,4,18
2972,2025-05-04,2025,5,2,4,19
2973,2025-05-04,2025,5,2,4,20
2974,2025-05-04,2025,5,2,4,21
2975,2025-05-04,2025,5,2,4,22
2976,2025-05-04,2025,5,2,4,23
2977,2025-05-05,2025,5,2,5,0
2978,2025-05-05,2025,5,2,5,1
2979,2025-05-05,2025,5,2,5,2
2980,2025-05-05,2025,5,2,5,3
2981,2025-05-05,2025,5,2,5,4
2982,2025-05-05,2025,5,2,5,5
2983,2025-05-05,2025,5,2,5,6
2984,2025-05-05,2025,5,2,5,7
2985,2025-05-05,2025,5,2,5,8
2986,2025-05-05,2025,5,2,5,9
2987,2025-05-05,2025,5,2,5,10
2988,2025-05-05,2025,5,2,5,11
2989,2025-05-05,2025,5,2,5,12
2990,2025-05-05,2025,5,2,5,13
2991,2025-05-05,2025,5,2,5,14
2992,2025-05-05,2025,5,2,5,15
2993,2025-05-05,2025,5,2,5,16
2994,2025-05-05,2025,5,2,5,17
2995,2025-05-05,2025,5,2,5,18
2996,2025-05-05,2025,5,2,5,19
2997,2025-05-05,2025,5,2,5,20
2998,2025-05-05,2025,5,2,5,21
2999,2025-05-05,2025,5,2,5,22
3000,2025-05-05,2025,5,2,5,23
3001,2025-05-06,2025,5,2,6,0
3002,2025-05-06,2025,5,2,6,1
3003,2025-05-06,2025,5,2,6,2
3004,2025-05-06,2025,5,2,6,3
3005,2025-05-06,2025,5,2,6,4
3006,2025-05-06,2025,5,2,6,5
3007,2025-05-06,2025,5,2,6,6
3008,2025-05-06,2025,5,2,6,7
3009,2025-05-06,2025,5,2,6,8
3010,2025-05-06,2025,5,2,6,9
3011,2025-05-06,2025,5,2,6,10
3012,2025-05-06,2025,5,2,6,11
3013,2025-05-06,2025,5,2,6,12
3014,2025-05-06,2025,5,2,6,13
3015,2025-05-06,2025,5,2,6,14
3016,2025-05-06,2025,5,2,6,15
3017,2025-05-06,2025,5,2,6,16
3018,2025-05-06,2025,5,2,6,17
3019,2025-05-06,2025,5,2,6,18
3020,2025-05-06,2025,5,2,6,19
3021,2025-05-06,2025,5,2,6,20
3022,2025-05-06,2025,5,2,6,21
3023,2025-05-06,2025,5,2,6,22
3024,2025-05-06,2025,5,2,6,23
3025,2025-05-07,2025,5,2,7,0
3026,2025-05-07,2025,5,2,7,1
3027,2025-05-07,2025,5,2,7,2
3028,2025-05-07,2025,5,2,7,3
3029,2025-05-07,2025,5,2,7,4
3030,2025-05-07,2025,5,2,7,5
3031,2025-05-07,2025,5,2,7,6
3032,2025-05-07,2025,5,2,7,7
3033,2025-05-07,2025,5,2,7,8
3034,2025-05-07,2025,5,2,7,9
3035,2025-05-07,2025,5,2,7,10
3036,2025-05-07,2025,5,2,7,11
3037,2025-05-07,2025,5,2,7,12
3038,2025-05-07,2025,5,2,7,13
3039,2025-05-07,2025,5,2,7,14
3040,2025-05-07,2025,5,2,7,15
3041,2025-05-07,2025,5,2,7,16
3042,2025-05-07,2025,5,2,7,17
3043,2025-05-07,2025,5,2,7,18
3044,2025-05-07,2025,5,2,7,19
3045,2025-05-07,2025,5,2,7,20
3046,2025-05-07,2025,5,2,7,21
3047,2025-05-07,2025,5,2,7,22
3048,2025-05-07,2025,5,2,7,23
3049,2025-05-08,2025,5,2,8,0
3050,2025-05-08,2025,5,2,8,1
3051,2025-05-08,2025,5,2,8,2
3052,2025-05-08,2025,5,2,8,3
3053,2025-05-08,2025,5,2,8,4
3054,2025-05-08,2025,5,2,8,5
3055,2025-05-08,2025,5,2,8,6
3056,2025-05-08,2025,5,2,8,7
3057,2025-05-08,2025,5,2,8,8
3058,2025-05-08,2025,5,2,8,9
3059,2025-05-08,2025,5,2,8,10
3060,2025-05-08,2025,5,2,8,11
3061,2025-05-08,2025,5,2,8,12
3062,2025-05-08,2025,5,2,8,13
3063,2025-05-08,2025,5,2,8,14
3064,2025-05-08,2025,5,2,8,15
3065,2025-05-08,2025,5,2,8,16
3066,2025-05-08,2025,5,2,8,17
3067,2025-05-08,2025,5,2,8,18
3068,2025-05-08,2025,5,2,8,19
3069,2025-05-08,2025,5,2,8,20
3070,2025-05-08,2025,5,2,8,21
3071,2025-05-08,2025,5,2,8,22
3072,2025-05-08,2025,5,2,8,23
3073,2025-05-09,2025,5,2,9,0
3074,2025-05-09,2025,5,2,9,1
3075,2025-05-09,2025,5,2,9,2
3076,2025-05-09,2025,5,2,9,3
3077,2025-05-09,2025,5,2,9,4
3078,2025-05-09,2025,5,2,9,5
3079,2025-05-09,2025,5,2,9,6
3080,2025-05-09,2025,5,2,9,7
3081,2025-05-09,2025,5,2,9,8
3082,2025-05-09,2025,5,2,9,9
3083,2025-05-09,2025,5,2,9,10
3084,2025-05-09,2025,5,2,9,11
3085,2025-05-09,2025,5,2,9,12
3086,2025-05-09,2025,5,2,9,13
3087,2025-05-09,2025,5,2,9,14
3088,2025-05-09,2025,5,2,9,15
3089,2025-05-09,2025,5,2,9,16
3090,2025-05-09,2025,5,2,9,17
3091,2025-05-09,2025,5,2,9,18
3092,2025-05-09,2025,5,2,9,19
3093,2025-05-09,2025,5,2,9,20
3094,2025-05-09,2025,5,2,9,21
3095,2025-05-09,2025,5,2,9,22
3096,2025-05-09,2025,5,2,9,23
3097,2025-05-10,2025,5,2,10,0
3098,2025-05-10,2025,5,2,10,1
3099,2025-05-10,2025,5,2,10,2
3100,2025-05-10,2025,5,2,10,3
3101,2025-05-10,2025,5,2,10,4
3102,2025-05-10,2025,5,2,10,5
3103,2025-05-10,2025,5,2,10,6
3104,2025-05-10,2025,5,2,10,7
3105,2025-05-10,2025,5,2,10,8
3106,2025-05-10,2025,5,2,10,9
3107,2025-05-10,2025,5,2,10,10
3108,2025-05-10,2025,5,2,10,11
3109,2025-05-10,2025,5,2,10,12
3110,2025-05-10,2025,5,2,10,13
3111,2025-05-10,2025,5,2,10,14
3112,2025-05-10,2025,5,2,10,15
3113,2025-05-10,2025,5,2,10,16
3114,2025-05-10,2025,5,2,10,17
3115,2025-05-10,2025,5,2,10,18
3116,2025-05-10,2025,5,2,10,19
3117,2025-05-10,2025,5,2,10,20
3118,2025-05-10,2025,5,2,10,21
3119,2025-05-10,2025,5,2,10,22
3120,2025-05-10,2025,5,2,10,23
3121,2025-05-11,2025,5,2,11,0
3122,2025-05-11,2025,5,2,11,1
3123,2025-05-11,2025,5,2,11,2
3124,2025-05-11,2025,5,2,11,3
3125,2025-05-11,2025,5,2,11,4
3126,2025-05-11,2025,5,2,11,5
3127,2025-05-11,2025,5,2,11,6
3128,2025-05-11,2025,5,2,11,7
3129,2025-05-11,2025,5,2,11,8
3130,2025-05-11,2025,5,2,11,9
3131,2025-05-11,2025,5,2,11,10
3132,2025-05-11,2025,5,2,11,11
3133,2025-05-11,2025,5,2,11,12
3134,2025-05-11,2025,5,2,11,13
3135,2025-05-11,2025,5,2,11,14
3136,2025-05-11,2025,5,2,11,15
3137,2025-05-11,2025,5,2,11,16
3138,2025-05-11,2025,5,2,11,17
3139,2025-05-11,2025,5,2,11,18
3140,2025-05-11,2025,5,2,11,19
3141,2025-05-11,2025,5,2,11,20
3142,2025-05-11,2025,5,2,11,21
3143,2025-05-11,2025,5,2,11,22
3144,2025-05-11,2025,5,2,11,23
3145,2025-05-12,2025,5,2,12,0
3146,2025-05-12,2025,5,2,12,1
3147,2025-05-12,2025,5,2,12,2
3148,2025-05-12,2025,5,2,12,3
3149,2025-05-12,2025,5,2,12,4
3150,2025-05-12,2025,5,2,12,5
3151,2025-05-12,2025,5,2,12,6
3152,2025-05-12,2025,5,2,12,7
3153,2025-05-12,2025,5,2,12,8
3154,2025-05-12,2025,5,2,12,9
3155,2025-05-12,2025,5,2,12,10
3156,2025-05-12,2025,5,2,12,11
3157,2025-05-12,2025,5,2,12,12
3158,2025-05-12,2025,5,2,12,13
3159,2025-05-12,2025,5,2,12,14
3160,2025-05-12,2025,5,2,12,15
3161,2025-05-12,2025,5,2,12,16
3162,2025-05-12,2025,5,2,12,17
3163,2025-05-12,2025,5,2,12,18
3164,2025-05-12,2025,5,2,12,19
3165,2025-05-12,2025,5,2,12,20
3166,2025-05-12,2025,5,2,12,21
3167,2025-05-12,2025,5,2,12,22
3168,2025-05-12,2025,5,2,12,23
3169,2025-05-13,2025,5,2,13,0
3170,2025-05-13,2025,5,2,13,1
3171,2025-05-13,2025,5,2,13,2
3172,2025-05-13,2025,5,2,13,3
3173,2025-05-13,2025,5,2,13,4
3174,2025-05-13,2025,5,2,13,5
3175,2025-05-13,2025,5,2,13,6
3176,2025-05-13,2025,5,2,13,7
3177,2025-05-13,2025,5,2,13,8
3178,2025-05-13,2025,5,2,13,9
3179,2025-05-13,2025,5,2,13,10
3180,2025-05-13,2025,5,2,13,11
3181,2025-05-13,2025,5,2,13,12
3182,2025-05-13,2025,5,2,13,13
3183,2025-05-13,2025,5,2,13,14
3184,2025-05-13,2025,5,2,13,15
3185,2025-05-13,2025,5,2,13,16
3186,2025-05-13,2025,5,2,13,17
3187,2025-05-13,2025,5,2,13,18
3188,2025-05-13,2025,5,2,13,19
3189,2025-05-13,2025,5,2,13,20
3190,2025-05-13,2025,5,2,13,21
3191,2025-05-13,2025,5,2,13,22
3192,2025-05-13,2025,5,2,13,23
3193,2025-05-14,2025,5,2,14,0
3194,2025-05-14,2025,5,2,14,1
3195,2025-05-14,2025,5,2,14,2
3196,2025-05-14,2025,5,2,14,3
3197,2025-05-14,2025,5,2,14,4
3198,2025-05-14,2025,5,2,14,5
3199,2025-05-14,2025,5,2,14,6
3200,2025-05-14,2025,5,2,14,7
3201,2025-05-14,2025,5,2,14,8
3202,2025-05-14,2025,5,2,14,9
3203,2025-05-14,2025,5,2,14,10
3204,2025-05-14,2025,5,2,14,11
3205,2025-05-14,2025,5,2,14,12
3206,2025-05-14,2025,5,2,14,13
3207,2025-05-14,2025,5,2,14,14
3208,2025-05-14,2025,5,2,14,15
3209,2025-05-14,2025,5,2,14,16
3210,2025-05-14,2025,5,2,14,17
3211,2025-05-14,2025,5,2,14,18
3212,2025-05-14,2025,5,2,14,19
3213,2025-05-14,2025,5,2,14,20
3214,2025-05-14,2025,5,2,14,21
3215,2025-05-14,2025,5,2,14,22
3216,2025-05-14,2025,5,2,14,23
3217,2025-05-15,2025,5,2,15,0
3218,2025-05-15,2025,5,2,15,1
3219,2025-05-15,2025,5,2,15,2
3220,2025-05-15,2025,5,2,15,3
3221,2025-05-15,2025,5,2,15,4
3222,2025-05-15,2025,5,2,15,5
3223,2025-05-15,2025,5,2,15,6
3224,2025-05-15,2025,5,2,15,7
3225,2025-05-15,2025,5,2,15,8
3226,2025-05-15,2025,5,2,15,9
3227,2025-05-15,2025,5,2,15,10
3228,2025-05-15,2025,5,2,15,11
3229,2025-05-15,2025,5,2,15,12
3230,2025-05-15,2025,5,2,15,13
3231,2025-05-15,2025,5,2,15,14
3232,2025-05-15,2025,5,2,15,15
3233,2025-05-15,2025,5,2,15,16
3234,2025-05-15,2025,5,2,15,17
3235,2025-05-15,2025,5,2,15,18
3236,2025-05-15,2025,5,2,15,19
3237,2025-05-15,2025,5,2,15,20
3238,2025-05-15,2025,5,2,15,21
3239,2025-05-15,2025,5,2,15,22
3240,2025-05-15,2025,5,2,15,23
3241,2025-05-16,2025,5,2,16,0
3242,2025-05-16,2025,5,2,16,1
3243,2025-05-16,2025,5,2,16,2
3244,2025-05-16,2025,5,2,16,3
3245,2025-05-16,2025,5,2,16,4
3246,2025-05-16,2025,5,2,16,5
3247,2025-05-16,2025,5,2,16,6
3248,2025-05-16,2025,5,2,16,7
3249,2025-05-16,2025,5,2,16,8
3250,2025-05-16,2025,5,2,16,9
3251,2025-05-16,2025,5,2,16,10
3252,2025-05-16,2025,5,2,16,11
3253,2025-05-16,2025,5,2,16,12
3254,2025-05-16,2025,5,2,16,13
3255,2025-05-16,2025,5,2,16,14
3256,2025-05-16,2025,5,2,16,15
3257,2025-05-16,2025,5,2,16,16
3258,2025-05-16,2025,5,2,16,17
3259,2025-05-16,2025,5,2,16,18
3260,2025-05-16,2025,5,2,16,19
3261,2025-05-16,2025,5,2,16,20
3262,2025-05-16,2025,5,2,16,21
3263,2025-05-16,2025,5,2,16,22
3264,2025-05-16,2025,5,2,16,23
3265,2025-05-17,2025,5,2,17,0
3266,2025-05-17,2025,5,2,17,1
3267,2025-05-17,2025,5,2,17,2
3268,2025-05-17,2025,5,2,17,3
3269,2025-05-17,2025,5,2,17,4
3270,2025-05-17,2025,5,2,17,5
3271,2025-05-17,2025,5,2,17,6
3272,2025-05-17,2025,5,2,17,7
3273,2025-05-17,2025,5,2,17,8
3274,2025-05-17,2025,5,2,17,9
3275,2025-05-17,2025,5,2,17,10
3276,2025-05-17,2025,5,2,17,11
3277,2025-05-17,2025,5,2,17,12
3278,2025-05-17,2025,5,2,17,13
3279,2025-05-17,2025,5,2,17,14
3280,2025-05-17,2025,5,2,17,15
3281,2025-05-17,2025,5,2,17,16
3282,2025-05-17,2025,5,2,17,17
3283,2025-05-17,2025,5,2,17,18
3284,2025-05-17,2025,5,2,17,19
3285,2025-05-17,2025,5,2,17,20
3286,2025-05-17,2025,5,2,17,21
3287,2025-05-17,2025,5,2,17,22
3288,2025-05-17,2025,5,2,17,23
3289,2025-05-18,2025,5,2,18,0
3290,2025-05-18,2025,5,2,18,1
3291,2025-05-18,2025,5,2,18,2
3292,2025-05-18,2025,5,2,18,3
3293,2025-05-18,2025,5,2,18,4
3294,2025-05-18,2025,5,2,18,5
3295,2025-05-18,2025,5,2,18,6
3296,2025-05-18,2025,5,2,18,7
3297,2025-05-18,2025,5,2,18,8
3298,2025-05-18,2025,5,2,18,9
3299,2025-05-18,2025,5,2,18,10
3300,2025-05-18,2025,5,2,18,11
3301,2025-05-18,2025,5,2,18,12
3302,2025-05-18,2025,5,2,18,13
3303,2025-05-18,2025,5,2,18,14
3304,2025-05-18,2025,5,2,18,15
3305,2025-05-18,2025,5,2,18,16
3306,2025-05-18,2025,5,2,18,17
3307,2025-05-18,2025,5,2,18,18
3308,2025-05-18,2025,5,2,18,19
3309,2025-05-18,2025,5,2,18,20
3310,2025-05-18,2025,5,2,18,21
3311,2025-05-18,2025,5,2,18,22
3312,2025-05-18,2025,5,2,18,23
3313,2025-05-19,2025,5,2,19,0
3314,2025-05-19,2025,5,2,19,1
3315,2025-05-19,2025,5,2,19,2
3316,2025-05-19,2025,5,2,19,3
3317,2025-05-19,2025,5,2,19,4
3318,2025-05-19,2025,5,2,19,5
3319,2025-05-19,2025,5,2,19,6
3320,2025-05-19,2025,5,2,19,7
3321,2025-05-19,2025,5,2,19,8
3322,2025-05-19,2025,5,2,19,9
3323,2025-05-19,2025,5,2,19,10
3324,2025-05-19,2025,5,2,19,11
3325,2025-05-19,2025,5,2,19,12
3326,2025-05-19,2025,5,2,19,13
3327,2025-05-19,2025,5,2,19,14
3328,2025-05-19,2025,5,2,19,15
3329,2025-05-19,2025,5,2,19,16
3330,2025-05-19,2025,5,2,19,17
3331,2025-05-19,2025,5,2,19,18
3332,2025-05-19,2025,5,2,19,19
3333,2025-05-19,2025,5,2,19,20
3334,2025-05-19,2025,5,2,19,21
3335,2025-05-19,2025,5,2,19,22
3336,2025-05-19,2025,5,2,19,23
3337,2025-05-20,2025,5,2,20,0
3338,2025-05-20,2025,5,2,20,1
3339,2025-05-20,2025,5,2,20,2
3340,2025-05-20,2025,5,2,20,3
3341,2025-05-20,2025,5,2,20,4
3342,2025-05-20,2025,5,2,20,5
3343,2025-05-20,2025,5,2,20,6
3344,2025-05-20,2025,5,2,20,7
3345,2025-05-20,2025,5,2,20,8
3346,2025-05-20,2025,5,2,20,9
3347,2025-05-20,2025,5,2,20,10
3348,2025-05-20,2025,5,2,20,11
3349,2025-05-20,2025,5,2,20,12
3350,2025-05-20,2025,5,2,20,13
3351,2025-05-20,2025,5,2,20,14
3352,2025-05-20,2025,5,2,20,15
3353,2025-05-20,2025,5,2,20,16
3354,2025-05-20,2025,5,2,20,17
3355,2025-05-20,2025,5,2,20,18
3356,2025-05-20,2025,5,2,20,19
3357,2025-05-20,2025,5,2,20,20
3358,2025-05-20,2025,5,2,20,21
3359,2025-05-20,2025,5,2,20,22
3360,2025-05-20,2025,5,2,20,23
3361,2025-05-21,2025,5,2,21,0
3362,2025-05-21,2025,5,2,21,1
3363,2025-05-21,2025,5,2,21,2
3364,2025-05-21,2025,5,2,21,3
3365,2025-05-21,2025,5,2,21,4
3366,2025-05-21,2025,5,2,21,5
3367,2025-05-21,2025,5,2,21,6
3368,2025-05-21,2025,5,2,21,7
3369,2025-05-21,2025,5,2,21,8
3370,2025-05-21,2025,5,2,21,9
3371,2025-05-21,2025,5,2,21,10
3372,2025-05-21,2025,5,2,21,11
3373,2025-05-21,2025,5,2,21,12
3374,2025-05-21,2025,5,2,21,13
3375,2025-05-21,2025,5,2,21,14
3376,2025-05-21,2025,5,2,21,15
3377,2025-05-21,2025,5,2,21,16
3378,2025-05-21,2025,5,2,21,17
3379,2025-05-21,2025,5,2,21,18
3380,2025-05-21,2025,5,2,21,19
3381,2025-05-21,2025,5,2,21,20
3382,2025-05-21,2025,5,2,21,21
3383,2025-05-21,2025,5,2,21,22
3384,2025-05-21,2025,5,2,21,23
3385,2025-05-22,2025,5,2,22,0
3386,2025-05-22,2025,5,2,22,1
3387,2025-05-22,2025,5,2,22,2
3388,2025-05-22,2025,5,2,22,3
3389,2025-05-22,2025,5,2,22,4
3390,2025-05-22,2025,5,2,22,5
3391,2025-05-22,2025,5,2,22,6
3392,2025-05-22,2025,5,2,22,7
3393,2025-05-22,2025,5,2,22,8
3394,2025-05-22,2025,5,2,22,9
3395,2025-05-22,2025,5,2,22,10
3396,2025-05-22,2025,5,2,22,11
3397,2025-05-22,2025,5,2,22,12
3398,2025-05-22,2025,5,2,22,13
3399,2025-05-22,2025,5,2,22,14
3400,2025-05-22,2025,5,2,22,15
3401,2025-05-22,2025,5,2,22,16
3402,2025-05-22,2025,5,2,22,17
3403,2025-05-22,2025,5,2,22,18
3404,2025-05-22,2025,5,2,22,19
3405,2025-05-22,2025,5,2,22,20
3406,2025-05-22,2025,5,2,22,21
3407,2025-05-22,2025,5,2,22,22
3408,2025-05-22,2025,5,2,22,23
3409,2025-05-23,2025,5,2,23,0
3410,2025-05-23,2025,5,2,23,1
3411,2025-05-23,2025,5,2,23,2
3412,2025-05-23,2025,5,2,23,3
3413,2025-05-23,2025,5,2,23,4
3414,2025-05-23,2025,5,2,23,5
3415,2025-05-23,2025,5,2,23,6
3416,2025-05-23,2025,5,2,23,7
3417,2025-05-23,2025,5,2,23,8
3418,2025-05-23,2025,5,2,23,9
3419,2025-05-23,2025,5,2,23,10
3420,2025-05-23,2025,5,2,23,11
3421,2025-05-23,2025,5,2,23,12
3422,2025-05-23,2025,5,2,23,13
3423,2025-05-23,2025,5,2,23,14
3424,2025-05-23,2025,5,2,23,15
3425,2025-05-23,2025,5,2,23,16
3426,2025-05-23,2025,5,2,23,17
3427,2025-05-23,2025,5,2,23,18
3428,2025-05-23,2025,5,2,23,19
3429,2025-05-23,2025,5,2,23,20
3430,2025-05-23,2025,5,2,23,21
3431,2025-05-23,2025,5,2,23,22
3432,2025-05-23,2025,5,2,23,23
3433,2025-05-24,2025,5,2,24,0
3434,2025-05-24,2025,5,2,24,1
3435,2025-05-24,2025,5,2,24,2
3436,2025-05-24,2025,5,2,24,3
3437,2025-05-24,2025,5,2,24,4
3438,2025-05-24,2025,5,2,24,5
3439,2025-05-24,2025,5,2,24,6
3440,2025-05-24,2025,5,2,24,7
3441,2025-05-24,2025,5,2,24,8
3442,2025-05-24,2025,5,2,24,9
3443,2025-05-24,2025,5,2,24,10
3444,2025-05-24,2025,5,2,24,11
3445,2025-05-24,2025,5,2,24,12
3446,2025-05-24,2025,5,2,24,13
3447,2025-05-24,2025,5,2,24,14
3448,2025-05-24,2025,5,2,24,15
3449,2025-05-24,2025,5,2,24,16
3450,2025-05-24,2025,5,2,24,17
3451,2025-05-24,2025,5,2,24,18
3452,2025-05-24,2025,5,2,24,19
3453,2025-05-24,2025,5,2,24,20
3454,2025-05-24,2025,5,2,24,21
3455,2025-05-24,2025,5,2,24,22
3456,2025-05-24,2025,5,2,24,23
3457,2025-05-25,2025,5,2,25,0
3458,2025-05-25,2025,5,2,25,1
3459,2025-05-25,2025,5,2,25,2
3460,2025-05-25,2025,5,2,25,3
3461,2025-05-25,2025,5,2,25,4
3462,2025-05-25,2025,5,2,25,5
3463,2025-05-25,2025,5,2,25,6
3464,2025-05-25,2025,5,2,25,7
3465,2025-05-25,2025,5,2,25,8
3466,2025-05-25,2025,5,2,25,9
3467,2025-05-25,2025,5,2,25,10
3468,2025-05-25,2025,5,2,25,11
3469,2025-05-25,2025,5,2,25,12
3470,2025-05-25,2025,5,2,25,13
3471,2025-05-25,2025,5,2,25,14
3472,2025-05-25,2025,5,2,25,15
3473,2025-05-25,2025,5,2,25,16
3474,2025-05-25,2025,5,2,25,17
3475,2025-05-25,2025,5,2,25,18
3476,2025-05-25,2025,5,2,25,19
3477,2025-05-25,2025,5,2,25,20
3478,2025-05-25,2025,5,2,25,21
3479,2025-05-25,2025,5,2,25,22
3480,2025-05-25,2025,5,2,25,23
3481,2025-05-26,2025,5,2,26,0
3482,2025-05-26,2025,5,2,26,1
3483,2025-05-26,2025,5,2,26,2
3484,2025-05-26,2025,5,2,26,3
3485,2025-05-26,2025,5,2,26,4
3486,2025-05-26,2025,5,2,26,5
3487,2025-05-26,2025,5,2,26,6
3488,2025-05-26,2025,5,2,26,7
3489,2025-05-26,2025,5,2,26,8
3490,2025-05-26,2025,5,2,26,9
3491,2025-05-26,2025,5,2,26,10
3492,2025-05-26,2025,5,2,26,11
3493,2025-05-26,2025,5,2,26,12
3494,2025-05-26,2025,5,2,26,13
3495,2025-05-26,2025,5,2,26,14
3496,2025-05-26,2025,5,2,26,15
3497,2025-05-26,2025,5,2,26,16
3498,2025-05-26,2025,5,2,26,17
3499,2025-05-26,2025,5,2,26,18
3500,2025-05-26,2025,5,2,26,19
3501,2025-05-26,2025,5,2,26,20
3502,2025-05-26,2025,5,2,26,21
3503,2025-05-26,2025,5,2,26,22
3504,2025-05-26,2025,5,2,26,23
3505,2025-05-27,2025,5,2,27,0
3506,2025-05-27,2025,5,2,27,1
3507,2025-05-27,2025,5,2,27,2
3508,2025-05-27,2025,5,2,27,3
3509,2025-05-27,2025,5,2,27,4
3510,2025-05-27,2025,5,2,27,5
3511,2025-05-27,2025,5,2,27,6
3512,2025-05-27,2025,5,2,27,7
3513,2025-05-27,2025,5,2,27,8
3514,2025-05-27,2025,5,2,27,9
3515,2025-05-27,2025,5,2,27,10
3516,2025-05-27,2025,5,2,27,11
3517,2025-05-27,2025,5,2,27,12
3518,2025-05-27,2025,5,2,27,13
3519,2025-05-27,2025,5,2,27,14
3520,2025-05-27,2025,5,2,27,15
3521,2025-05-27,2025,5,2,27,16
3522,2025-05-27,2025,5,2,27,17
3523,2025-05-27,2025,5,2,27,18
3524,2025-05-27,2025,5,2,27,19
3525,2025-05-27,2025,5,2,27,20
3526,2025-05-27,2025,5,2,27,21
3527,2025-05-27,2025,5,2,27,22
3528,2025-05-27,2025,5,2,27,23
3529,2025-05-28,2025,5,2,28,0
3530,2025-05-28,2025,5,2,28,1
3531,2025-05-28,2025,5,2,28,2
3532,2025-05-28,2025,5,2,28,3
3533,2025-05-28,2025,5,2,28,4
3534,2025-05-28,2025,5,2,28,5
3535,2025-05-28,2025,5,2,28,6
3536,2025-05-28,2025,5,2,28,7
3537,2025-05-28,2025,5,2,28,8
3538,2025-05-28,2025,5,2,28,9
3539,2025-05-28,2025,5,2,28,10
3540,2025-05-28,2025,5,2,28,11
3541,2025-05-28,2025,5,2,28,12
3542,2025-05-28,2025,5,2,28,13
3543,2025-05-28,2025,5,2,28,14
3544,2025-05-28,2025,5,2,28,15
3545,2025-05-28,2025,5,2,28,16
3546,2025-05-28,2025,5,2,28,17
3547,2025-05-28,2025,5,2,28,18
3548,2025-05-28,2025,5,2,28,19
3549,2025-05-28,2025,5,2,28,20
3550,2025-05-28,2025,5,2,28,21
3551,2025-05-28,2025,5,2,28,22
3552,2025-05-28,2025,5,2,28,23
3553,2025-05-29,2025,5,2,29,0
3554,2025-05-29,2025,5,2,29,1
3555,2025-05-29,2025,5,2,29,2
3556,2025-05-29,2025,5,2,29,3
3557,2025-05-29,2025,5,2,29,4
3558,2025-05-29,2025,5,2,29,5
3559,2025-05-29,2025,5,2,29,6
3560,2025-05-29,2025,5,2,29,7
3561,2025-05-29,2025,5,2,29,8
3562,2025-05-29,2025,5,2,29,9
3563,2025-05-29,2025,5,2,29,10
3564,2025-05-29,2025,5,2,29,11
3565,2025-05-29,2025,5,2,29,12
3566,2025-05-29,2025,5,2,29,13
3567,2025-05-29,2025,5,2,29,14
3568,2025-05-29,2025,5,2,29,15
3569,2025-05-29,2025,5,2,29,16
3570,2025-05-29,2025,5,2,29,17
3571,2025-05-29,2025,5,2,29,18
3572,2025-05-29,2025,5,2,29,19
3573,2025-05-29,2025,5,2,29,20
3574,2025-05-29,2025,5,2,29,21
3575,2025-05-29,2025,5,2,29,22
3576,2025-05-29,2025,5,2,29,23
3577,2025-05-30,2025,5,2,30,0
3578,2025-05-30,2025,5,2,30,1
3579,2025-05-30,2025,5,2,30,2
3580,2025-05-30,2025,5,2,30,3
3581,2025-05-30,2025,5,2,30,4
3582,2025-05-30,2025,5,2,30,5
3583,2025-05-30,2025,5,2,30,6
3584,2025-05-30,2025,5,2,30,7
3585,2025-05-30,2025,5,2,30,8
3586,2025-05-30,2025,5,2,30,9
3587,2025-05-30,2025,5,2,30,10
3588,2025-05-30,2025,5,2,30,11
3589,2025-05-30,2025,5,2,30,12
3590,2025-05-30,2025,5,2,30,13
3591,2025-05-30,2025,5,2,30,14
3592,2025-05-30,2025,5,2,30,15
3593,2025-05-30,2025,5,2,30,16
3594,2025-05-30,2025,5,2,30,17
3595,2025-05-30,2025,5,2,30,18
3596,2025-05-30,2025,5,2,30,19
3597,2025-05-30,2025,5,2,30,20
3598,2025-05-30,2025,5,2,30,21
3599,2025-05-30,2025,5,2,30,22
3600,2025-05-30,2025,5,2,30,23
3601,2025-05-31,2025,5,2,31,0
3602,2025-05-31,2025,5,2,31,1
3603,2025-05-31,2025,5,2,31,2
3604,2025-05-31,2025,5,2,31,3
3605,2025-05-31,2025,5,2,31,4
3606,2025-05-31,2025,5,2,31,5
3607,2025-05-31,2025,5,2,31,6
3608,2025-05-31,2025,5,2,31,7
3609,2025-05-31,2025,5,2,31,8
3610,2025-05-31,2025,5,2,31,9
3611,2025-05-31,2025,5,2,31,10
3612,2025-05-31,2025,5,2,31,11
3613,2025-05-31,2025,5,2,31,12
3614,2025-05-31,2025,5,2,31,13
3615,2025-05-31,2025,5,2,31,14
3616,2025-05-31,2025,5,2,31,15
3617,2025-05-31,2025,5,2,31,16
3618,2025-05-31,2025,5,2,31,17
3619,2025-05-31,2025,5,2,31,18
3620,2025-05-31,2025,5,2,31,19
3621,2025-05-31,2025,5,2,31,20
3622,2025-05-31,2025,5,2,31,21
3623,2025-05-31,2025,5,2,31,22
3624,2025-05-31,2025,5,2,31,23
3625,2025-06-01,2025,6,2,1,0
3626,2025-06-01,2025,6,2,1,1
3627,2025-06-01,2025,6,2,1,2
3628,2025-06-01,2025,6,2,1,3
3629,2025-06-01,2025,6,2,1,4
3630,2025-06-01,2025,6,2,1,5
3631,2025-06-01,2025,6,2,1,6
3632,2025-06-01,2025,6,2,1,7
3633,2025-06-01,2025,6,2,1,8
3634,2025-06-01,2025,6,2,1,9
3635,2025-06-01,2025,6,2,1,10
3636,2025-06-01,2025,6,2,1,11
3637,2025-06-01,2025,6,2,1,12
3638,2025-06-01,2025,6,2,1,13
3639,2025-06-01,2025,6,2,1,14
3640,2025-06-01,2025,6,2,1,15
3641,2025-06-01,2025,6,2,1,16
3642,2025-06-01,2025,6,2,1,17
3643,2025-06-01,2025,6,2,1,18
3644,2025-06-01,2025,6,2,1,19
3645,2025-06-01,2025,6,2,1,20
3646,2025-06-01,2025,6,2,1,21
3647,2025-06-01,2025,6,2,1,22
3648,2025-06-01,2025,6,2,1,23
3649,2025-06-02,2025,6,2,2,0
3650,2025-06-02,2025,6,2,2,1
3651,2025-06-02,2025,6,2,2,2
3652,2025-06-02,2025,6,2,2,3
3653,2025-06-02,2025,6,2,2,4
3654,2025-06-02,2025,6,2,2,5
3655,2025-06-02,2025,6,2,2,6
3656,2025-06-02,2025,6,2,2,7
3657,2025-06-02,2025,6,2,2,8
3658,2025-06-02,2025,6,2,2,9
3659,2025-06-02,2025,6,2,2,10
3660,2025-06-02,2025,6,2,2,11
3661,2025-06-02,2025,6,2,2,12
3662,2025-06-02,2025,6,2,2,13
3663,2025-06-02,2025,6,2,2,14
3664,2025-06-02,2025,6,2,2,15
3665,2025-06-02,2025,6,2,2,16
3666,2025-06-02,2025,6,2,2,17
3667,2025-06-02,2025,6,2,2,18
3668,2025-06-02,2025,6,2,2,19
3669,2025-06-02,2025,6,2,2,20
3670,2025-06-02,2025,6,2,2,21
3671,2025-06-02,2025,6,2,2,22
3672,2025-06-02,2025,6,2,2,23
3673,2025-06-03,2025,6,2,3,0
3674,2025-06-03,2025,6,2,3,1
3675,2025-06-03,2025,6,2,3,2
3676,2025-06-03,2025,6,2,3,3
3677,2025-06-03,2025,6,2,3,4
3678,2025-06-03,2025,6,2,3,5
3679,2025-06-03,2025,6,2,3,6
3680,2025-06-03,2025,6,2,3,7
3681,2025-06-03,2025,6,2,3,8
3682,2025-06-03,2025,6,2,3,9
3683,2025-06-03,2025,6,2,3,10
3684,2025-06-03,2025,6,2,3,11
3685,2025-06-03,2025,6,2,3,12
3686,2025-06-03,2025,6,2,3,13
3687,2025-06-03,2025,6,2,3,14
3688,2025-06-03,2025,6,2,3,15
3689,2025-06-03,2025,6,2,3,16
3690,2025-06-03,2025,6,2,3,17
3691,2025-06-03,2025,6,2,3,18
3692,2025-06-03,2025,6,2,3,19
3693,2025-06-03,2025,6,2,3,20
3694,2025-06-03,2025,6,2,3,21
3695,2025-06-03,2025,6,2,3,22
3696,2025-06-03,2025,6,2,3,23
3697,2025-06-04,2025,6,2,4,0
3698,2025-06-04,2025,6,2,4,1
3699,2025-06-04,2025,6,2,4,2
3700,2025-06-04,2025,6,2,4,3
3701,2025-06-04,2025,6,2,4,4
3702,2025-06-04,2025,6,2,4,5
3703,2025-06-04,2025,6,2,4,6
3704,2025-06-04,2025,6,2,4,7
3705,2025-06-04,2025,6,2,4,8
3706,2025-06-04,2025,6,2,4,9
3707,2025-06-04,2025,6,2,4,10
3708,2025-06-04,2025,6,2,4,11
3709,2025-06-04,2025,6,2,4,12
3710,2025-06-04,2025,6,2,4,13
3711,2025-06-04,2025,6,2,4,14
3712,2025-06-04,2025,6,2,4,15
3713,2025-06-04,2025,6,2,4,16
3714,2025-06-04,2025,6,2,4,17
3715,2025-06-04,2025,6,2,4,18
3716,2025-06-04,2025,6,2,4,19
3717,2025-06-04,2025,6,2,4,20
3718,2025-06-04,2025,6,2,4,21
3719,2025-06-04,2025,6,2,4,22
3720,2025-06-04,2025,6,2,4,23
3721,2025-06-05,2025,6,2,5,0
3722,2025-06-05,2025,6,2,5,1
3723,2025-06-05,2025,6,2,5,2
3724,2025-06-05,2025,6,2,5,3
3725,2025-06-05,2025,6,2,5,4
3726,2025-06-05,2025,6,2,5,5
3727,2025-06-05,2025,6,2,5,6
3728,2025-06-05,2025,6,2,5,7
3729,2025-06-05,2025,6,2,5,8
3730,2025-06-05,2025,6,2,5,9
3731,2025-06-05,2025,6,2,5,10
3732,2025-06-05,2025,6,2,5,11
3733,2025-06-05,2025,6,2,5,12
3734,2025-06-05,2025,6,2,5,13
3735,2025-06-05,2025,6,2,5,14
3736,2025-06-05,2025,6,2,5,15
3737,2025-06-05,2025,6,2,5,16
3738,2025-06-05,2025,6,2,5,17
3739,2025-06-05,2025,6,2,5,18
3740,2025-06-05,2025,6,2,5,19
3741,2025-06-05,2025,6,2,5,20
3742,2025-06-05,2025,6,2,5,21
3743,2025-06-05,2025,6,2,5,22
3744,2025-06-05,2025,6,2,5,23
3745,2025-06-06,2025,6,2,6,0
3746,2025-06-06,2025,6,2,6,1
3747,2025-06-06,2025,6,2,6,2
3748,2025-06-06,2025,6,2,6,3
3749,2025-06-06,2025,6,2,6,4
3750,2025-06-06,2025,6,2,6,5
3751,2025-06-06,2025,6,2,6,6
3752,2025-06-06,2025,6,2,6,7
3753,2025-06-06,2025,6,2,6,8
3754,2025-06-06,2025,6,2,6,9
3755,2025-06-06,2025,6,2,6,10
3756,2025-06-06,2025,6,2,6,11
3757,2025-06-06,2025,6,2,6,12
3758,2025-06-06,2025,6,2,6,13
3759,2025-06-06,2025,6,2,6,14
3760,2025-06-06,2025,6,2,6,15
3761,2025-06-06,2025,6,2,6,16
3762,2025-06-06,2025,6,2,6,17
3763,2025-06-06,2025,6,2,6,18
3764,2025-06-06,2025,6,2,6,19
3765,2025-06-06,2025,6,2,6,20
3766,2025-06-06,2025,6,2,6,21
3767,2025-06-06,2025,6,2,6,22
3768,2025-06-06,2025,6,2,6,23
3769,2025-06-07,2025,6,2,7,0
3770,2025-06-07,2025,6,2,7,1
3771,2025-06-07,2025,6,2,7,2
3772,2025-06-07,2025,6,2,7,3
3773,2025-06-07,2025,6,2,7,4
3774,2025-06-07,2025,6,2,7,5
3775,2025-06-07,2025,6,2,7,6
3776,2025-06-07,2025,6,2,7,7
3777,2025-06-07,2025,6,2,7,8
3778,2025-06-07,2025,6,2,7,9
3779,2025-06-07,2025,6,2,7,10
3780,2025-06-07,2025,6,2,7,11
3781,2025-06-07,2025,6,2,7,12
3782,2025-06-07,2025,6,2,7,13
3783,2025-06-07,2025,6,2,7,14
3784,2025-06-07,2025,6,2,7,15
3785,2025-06-07,2025,6,2,7,16
3786,2025-06-07,2025,6,2,7,17
3787,2025-06-07,2025,6,2,7,18
3788,2025-06-07,2025,6,2,7,19
3789,2025-06-07,2025,6,2,7,20
3790,2025-06-07,2025,6,2,7,21
3791,2025-06-07,2025,6,2,7,22
3792,2025-06-07,2025,6,2,7,23
3793,2025-06-08,2025,6,2,8,0
3794,2025-06-08,2025,6,2,8,1
3795,2025-06-08,2025,6,2,8,2
3796,2025-06-08,2025,6,2,8,3
3797,2025-06-08,2025,6,2,8,4
3798,2025-06-08,2025,6,2,8,5
3799,2025-06-08,2025,6,2,8,6
3800,2025-06-08,2025,6,2,8,7
3801,2025-06-08,2025,6,2,8,8
3802,2025-06-08,2025,6,2,8,9
3803,2025-06-08,2025,6,2,8,10
3804,2025-06-08,2025,6,2,8,11
3805,2025-06-08,2025,6,2,8,12
3806,2025-06-08,2025,6,2,8,13
3807,2025-06-08,2025,6,2,8,14
3808,2025-06-08,2025,6,2,8,15
3809,2025-06-08,2025,6,2,8,16
3810,2025-06-08,2025,6,2,8,17
3811,2025-06-08,2025,6,2,8,18
3812,2025-06-08,2025,6,2,8,19
3813,2025-06-08,2025,6,2,8,20
3814,2025-06-08,2025,6,2,8,21
3815,2025-06-08,2025,6,2,8,22
3816,2025-06-08,2025,6,2,8,23
3817,2025-06-09,2025,6,2,9,0
3818,2025-06-09,2025,6,2,9,1
3819,2025-06-09,2025,6,2,9,2
3820,2025-06-09,2025,6,2,9,3
3821,2025-06-09,2025,6,2,9,4
3822,2025-06-09,2025,6,2,9,5
3823,2025-06-09,2025,6,2,9,6
3824,2025-06-09,2025,6,2,9,7
3825,2025-06-09,2025,6,2,9,8
3826,2025-06-09,2025,6,2,9,9
3827,2025-06-09,2025,6,2,9,10
3828,2025-06-09,2025,6,2,9,11
3829,2025-06-09,2025,6,2,9,12
3830,2025-06-09,2025,6,2,9,13
3831,2025-06-09,2025,6,2,9,14
3832,2025-06-09,2025,6,2,9,15
3833,2025-06-09,2025,6,2,9,16
3834,2025-06-09,2025,6,2,9,17
3835,2025-06-09,2025,6,2,9,18
3836,2025-06-09,2025,6,2,9,19
3837,2025-06-09,2025,6,2,9,20
3838,2025-06-09,2025,6,2,9,21
3839,2025-06-09,2025,6,2,9,22
3840,2025-06-09,2025,6,2,9,23
3841,2025-06-10,2025,6,2,10,0
3842,2025-06-10,2025,6,2,10,1
3843,2025-06-10,2025,6,2,10,2
3844,2025-06-10,2025,6,2,10,3
3845,2025-06-10,2025,6,2,10,4
3846,2025-06-10,2025,6,2,10,5
3847,2025-06-10,2025,6,2,10,6
3848,2025-06-10,2025,6,2,10,7
3849,2025-06-10,2025,6,2,10,8
3850,2025-06-10,2025,6,2,10,9
3851,2025-06-10,2025,6,2,10,10
3852,2025-06-10,2025,6,2,10,11
3853,2025-06-10,2025,6,2,10,12
3854,2025-06-10,2025,6,2,10,13
3855,2025-06-10,2025,6,2,10,14
3856,2025-06-10,2025,6,2,10,15
3857,2025-06-10,2025,6,2,10,16
3858,2025-06-10,2025,6,2,10,17
3859,2025-06-10,2025,6,2,10,18
3860,2025-06-10,2025,6,2,10,19
3861,2025-06-10,2025,6,2,10,20
3862,2025-06-10,2025,6,2,10,21
3863,2025-06-10,2025,6,2,10,22
3864,2025-06-10,2025,6,2,10,23
3865,2025-06-11,2025,6,2,11,0
3866,2025-06-11,2025,6,2,11,1
3867,2025-06-11,2025,6,2,11,2
3868,2025-06-11,2025,6,2,11,3
3869,2025-06-11,2025,6,2,11,4
3870,2025-06-11,2025,6,2,11,5
3871,2025-06-11,2025,6,2,11,6
3872,2025-06-11,2025,6,2,11,7
3873,2025-06-11,2025,6,2,11,8
3874,2025-06-11,2025,6,2,11,9
3875,2025-06-11,2025,6,2,11,10
3876,2025-06-11,2025,6,2,11,11
3877,2025-06-11,2025,6,2,11,12
3878,2025-06-11,2025,6,2,11,13
3879,2025-06-11,2025,6,2,11,14
3880,2025-06-11,2025,6,2,11,15
3881,2025-06-11,2025,6,2,11,16
3882,2025-06-11,2025,6,2,11,17
3883,2025-06-11,2025,6,2,11,18
3884,2025-06-11,2025,6,2,11,19
3885,2025-06-11,2025,6,2,11,20
3886,2025-06-11,2025,6,2,11,21
3887,2025-06-11,2025,6,2,11,22
3888,2025-06-11,2025,6,2,11,23
3889,2025-06-12,2025,6,2,12,0
3890,2025-06-12,2025,6,2,12,1
3891,2025-06-12,2025,6,2,12,2
3892,2025-06-12,2025,6,2,12,3
3893,2025-06-12,2025,6,2,12,4
3894,2025-06-12,2025,6,2,12,5
3895,2025-06-12,2025,6,2,12,6
3896,2025-06-12,2025,6,2,12,7
3897,2025-06-12,2025,6,2,12,8
3898,2025-06-12,2025,6,2,12,9
3899,2025-06-12,2025,6,2,12,10
3900,2025-06-12,2025,6,2,12,11
3901,2025-06-12,2025,6,2,12,12
3902,2025-06-12,2025,6,2,12,13
3903,2025-06-12,2025,6,2,12,14
3904,2025-06-12,2025,6,2,12,15
3905,2025-06-12,2025,6,2,12,16
3906,2025-06-12,2025,6,2,12,17
3907,2025-06-12,2025,6,2,12,18
3908,2025-06-12,2025,6,2,12,19
3909,2025-06-12,2025,6,2,12,20
3910,2025-06-12,2025,6,2,12,21
3911,2025-06-12,2025,6,2,12,22
3912,2025-06-12,2025,6,2,12,23
3913,2025-06-13,2025,6,2,13,0
3914,2025-06-13,2025,6,2,13,1
3915,2025-06-13,2025,6,2,13,2
3916,2025-06-13,2025,6,2,13,3
3917,2025-06-13,2025,6,2,13,4
3918,2025-06-13,2025,6,2,13,5
3919,2025-06-13,2025,6,2,13,6
3920,2025-06-13,2025,6,2,13,7
3921,2025-06-13,2025,6,2,13,8
3922,2025-06-13,2025,6,2,13,9
3923,2025-06-13,2025,6,2,13,10
3924,2025-06-13,2025,6,2,13,11
3925,2025-06-13,2025,6,2,13,12
3926,2025-06-13,2025,6,2,13,13
3927,2025-06-13,2025,6,2,13,14
3928,2025-06-13,2025,6,2,13,15
3929,2025-06-13,2025,6,2,13,16
3930,2025-06-13,2025,6,2,13,17
3931,2025-06-13,2025,6,2,13,18
3932,2025-06-13,2025,6,2,13,19
3933,2025-06-13,2025,6,2,13,20
3934,2025-06-13,2025,6,2,13,21
3935,2025-06-13,2025,6,2,13,22
3936,2025-06-13,2025,6,2,13,23
3937,2025-06-14,2025,6,2,14,0
3938,2025-06-14,2025,6,2,14,1
3939,2025-06-14,2025,6,2,14,2
3940,2025-06-14,2025,6,2,14,3
3941,2025-06-14,2025,6,2,14,4
3942,2025-06-14,2025,6,2,14,5
3943,2025-06-14,2025,6,2,14,6
3944,2025-06-14,2025,6,2,14,7
3945,2025-06-14,2025,6,2,14,8
3946,2025-06-14,2025,6,2,14,9
3947,2025-06-14,2025,6,2,14,10
3948,2025-06-14,2025,6,2,14,11
3949,2025-06-14,2025,6,2,14,12
3950,2025-06-14,2025,6,2,14,13
3951,2025-06-14,2025,6,2,14,14
3952,2025-06-14,2025,6,2,14,15
3953,2025-06-14,2025,6,2,14,16
3954,2025-06-14,2025,6,2,14,17
3955,2025-06-14,2025,6,2,14,18
3956,2025-06-14,2025,6,2,14,19
3957,2025-06-14,2025,6,2,14,20
3958,2025-06-14,2025,6,2,14,21
3959,2025-06-14,2025,6,2,14,22
3960,2025-06-14,2025,6,2,14,23
3961,2025-06-15,2025,6,2,15,0
3962,2025-06-15,2025,6,2,15,1
3963,2025-06-15,2025,6,2,15,2
3964,2025-06-15,2025,6,2,15,3
3965,2025-06-15,2025,6,2,15,4
3966,2025-06-15,2025,6,2,15,5
3967,2025-06-15,2025,6,2,15,6
3968,2025-06-15,2025,6,2,15,7
3969,2025-06-15,2025,6,2,15,8
3970,2025-06-15,2025,6,2,15,9
3971,2025-06-15,2025,6,2,15,10
3972,2025-06-15,2025,6,2,15,11
3973,2025-06-15,2025,6,2,15,12
3974,2025-06-15,2025,6,2,15,13
3975,2025-06-15,2025,6,2,15,14
3976,2025-06-15,2025,6,2,15,15
3977,2025-06-15,2025,6,2,15,16
3978,2025-06-15,2025,6,2,15,17
3979,2025-06-15,2025,6,2,15,18
3980,2025-06-15,2025,6,2,15,19
3981,2025-06-15,2025,6,2,15,20
3982,2025-06-15,2025,6,2,15,21
3983,2025-06-15,2025,6,2,15,22
3984,2025-06-15,2025,6,2,15,23
3985,2025-06-16,2025,6,2,16,0
3986,2025-06-16,2025,6,2,16,1
3987,2025-06-16,2025,6,2,16,2
3988,2025-06-16,2025,6,2,16,3
3989,2025-06-16,2025,6,2,16,4
3990,2025-06-16,2025,6,2,16,5
3991,2025-06-16,2025,6,2,16,6
3992,2025-06-16,2025,6,2,16,7
3993,2025-06-16,2025,6,2,16,8
3994,2025-06-16,2025,6,2,16,9
3995,2025-06-16,2025,6,2,16,10
3996,2025-06-16,2025,6,2,16,11
3997,2025-06-16,2025,6,2,16,12
3998,2025-06-16,2025,6,2,16,13
3999,2025-06-16,2025,6,2,16,14
4000,2025-06-16,2025,6,2,16,15
4001,2025-06-16,2025,6,2,16,16
4002,2025-06-16,2025,6,2,16,17
4003,2025-06-16,2025,6,2,16,18
4004,2025-06-16,2025,6,2,16,19
4005,2025-06-16,2025,6,2,16,20
4006,2025-06-16,2025,6,2,16,21
4007,2025-06-16,2025,6,2,16,22
4008,2025-06-16,2025,6,2,16,23
4009,2025-06-17,2025,6,2,17,0
4010,2025-06-17,2025,6,2,17,1
4011,2025-06-17,2025,6,2,17,2
4012,2025-06-17,2025,6,2,17,3
4013,2025-06-17,2025,6,2,17,4
4014,2025-06-17,2025,6,2,17,5
4015,2025-06-17,2025,6,2,17,6
4016,2025-06-17,2025,6,2,17,7
4017,2025-06-17,2025,6,2,17,8
4018,2025-06-17,2025,6,2,17,9
4019,2025-06-17,2025,6,2,17,10
4020,2025-06-17,2025,6,2,17,11
4021,2025-06-17,2025,6,2,17,12
4022,2025-06-17,2025,6,2,17,13
4023,2025-06-17,2025,6,2,17,14
4024,2025-06-17,2025,6,2,17,15
4025,2025-06-17,2025,6,2,17,16
4026,2025-06-17,2025,6,2,17,17
4027,2025-06-17,2025,6,2,17,18
4028,2025-06-17,2025,6,2,17,19
4029,2025-06-17,2025,6,2,17,20
4030,2025-06-17,2025,6,2,17,21
4031,2025-06-17,2025,6,2,17,22
4032,2025-06-17,2025,6,2,17,23
4033,2025-06-18,2025,6,2,18,0
4034,2025-06-18,2025,6,2,18,1
4035,2025-06-18,2025,6,2,18,2
4036,2025-06-18,2025,6,2,18,3
4037,2025-06-18,2025,6,2,18,4
4038,2025-06-18,2025,6,2,18,5
4039,2025-06-18,2025,6,2,18,6
4040,2025-06-18,2025,6,2,18,7
4041,2025-06-18,2025,6,2,18,8
4042,2025-06-18,2025,6,2,18,9
4043,2025-06-18,2025,6,2,18,10
4044,2025-06-18,2025,6,2,18,11
4045,2025-06-18,2025,6,2,18,12
4046,2025-06-18,2025,6,2,18,13
4047,2025-06-18,2025,6,2,18,14
4048,2025-06-18,2025,6,2,18,15
4049,2025-06-18,2025,6,2,18,16
4050,2025-06-18,2025,6,2,18,17
4051,2025-06-18,2025,6,2,18,18
4052,2025-06-18,2025,6,2,18,19
4053,2025-06-18,2025,6,2,18,20
4054,2025-06-18,2025,6,2,18,21
4055,2025-06-18,2025,6,2,18,22
4056,2025-06-18,2025,6,2,18,23
4057,2025-06-19,2025,6,2,19,0
4058,2025-06-19,2025,6,2,19,1
4059,2025-06-19,2025,6,2,19,2
4060,2025-06-19,2025,6,2,19,3
4061,2025-06-19,2025,6,2,19,4
4062,2025-06-19,2025,6,2,19,5
4063,2025-06-19,2025,6,2,19,6
4064,2025-06-19,2025,6,2,19,7
4065,2025-06-19,2025,6,2,19,8
4066,2025-06-19,2025,6,2,19,9
4067,2025-06-19,2025,6,2,19,10
4068,2025-06-19,2025,6,2,19,11
4069,2025-06-19,2025,6,2,19,12
4070,2025-06-19,2025,6,2,19,13
4071,2025-06-19,2025,6,2,19,14
4072,2025-06-19,2025,6,2,19,15
4073,2025-06-19,2025,6,2,19,16
4074,2025-06-19,2025,6,2,19,17
4075,2025-06-19,2025,6,2,19,18
4076,2025-06-19,2025,6,2,19,19
4077,2025-06-19,2025,6,2,19,20
4078,2025-06-19,2025,6,2,19,21
4079,2025-06-19,2025,6,2,19,22
4080,2025-06-19,2025,6,2,19,23
4081,2025-06-20,2025,6,2,20,0
4082,2025-06-20,2025,6,2,20,1
4083,2025-06-20,2025,6,2,20,2
4084,2025-06-20,2025,6,2,20,3
4085,2025-06-20,2025,6,2,20,4
4086,2025-06-20,2025,6,2,20,5
4087,2025-06-20,2025,6,2,20,6
4088,2025-06-20,2025,6,2,20,7
4089,2025-06-20,2025,6,2,20,8
4090,2025-06-20,2025,6,2,20,9
4091,2025-06-20,2025,6,2,20,10
4092,2025-06-20,2025,6,2,20,11
4093,2025-06-20,2025,6,2,20,12
4094,2025-06-20,2025,6,2,20,13
4095,2025-06-20,2025,6,2,20,14
4096,2025-06-20,2025,6,2,20,15
4097,2025-06-20,2025,6,2,20,16
4098,2025-06-20,2025,6,2,20,17
4099,2025-06-20,2025,6,2,20,18
4100,2025-06-20,2025,6,2,20,19
4101,2025-06-20,2025,6,2,20,20
4102,2025-06-20,2025,6,2,20,21
4103,2025-06-20,2025,6,2,20,22
4104,2025-06-20,2025,6,2,20,23
4105,2025-06-21,2025,6,2,21,0
4106,2025-06-21,2025,6,2,21,1
4107,2025-06-21,2025,6,2,21,2
4108,2025-06-21,2025,6,2,21,3
4109,2025-06-21,2025,6,2,21,4
4110,2025-06-21,2025,6,2,21,5
4111,2025-06-21,2025,6,2,21,6
4112,2025-06-21,2025,6,2,21,7
4113,2025-06-21,2025,6,2,21,8
4114,2025-06-21,2025,6,2,21,9
4115,2025-06-21,2025,6,2,21,10
4116,2025-06-21,2025,6,2,21,11
4117,2025-06-21,2025,6,2,21,12
4118,2025-06-21,2025,6,2,21,13
4119,2025-06-21,2025,6,2,21,14
4120,2025-06-21,2025,6,2,21,15
4121,2025-06-21,2025,6,2,21,16
4122,2025-06-21,2025,6,2,21,17
4123,2025-06-21,2025,6,2,21,18
4124,2025-06-21,2025,6,2,21,19
4125,2025-06-21,2025,6,2,21,20
4126,2025-06-21,2025,6,2,21,21
4127,2025-06-21,2025,6,2,21,22
4128,2025-06-21,2025,6,2,21,23
4129,2025-06-22,2025,6,2,22,0
4130,2025-06-22,2025,6,2,22,1
4131,2025-06-22,2025,6,2,22,2
4132,2025-06-22,2025,6,2,22,3
4133,2025-06-22,2025,6,2,22,4
4134,2025-06-22,2025,6,2,22,5
4135,2025-06-22,2025,6,2,22,6
4136,2025-06-22,2025,6,2,22,7
4137,2025-06-22,2025,6,2,22,8
4138,2025-06-22,2025,6,2,22,9
4139,2025-06-22,2025,6,2,22,10
4140,2025-06-22,2025,6,2,22,11
4141,2025-06-22,2025,6,2,22,12
4142,2025-06-22,2025,6,2,22,13
4143,2025-06-22,2025,6,2,22,14
4144,2025-06-22,2025,6,2,22,15
4145,2025-06-22,2025,6,2,22,16
4146,2025-06-22,2025,6,2,22,17
4147,2025-06-22,2025,6,2,22,18
4148,2025-06-22,2025,6,2,22,19
4149,2025-06-22,2025,6,2,22,20
4150,2025-06-22,2025,6,2,22,21
4151,2025-06-22,2025,6,2,22,22
4152,2025-06-22,2025,6,2,22,23
4153,2025-06-23,2025,6,2,23,0
4154,2025-06-23,2025,6,2,23,1
4155,2025-06-23,2025,6,2,23,2
4156,2025-06-23,2025,6,2,23,3
4157,2025-06-23,2025,6,2,23,4
4158,2025-06-23,2025,6,2,23,5
4159,2025-06-23,2025,6,2,23,6
4160,2025-06-23,2025,6,2,23,7
4161,2025-06-23,2025,6,2,23,8
4162,2025-06-23,2025,6,2,23,9
4163,2025-06-23,2025,6,2,23,10
4164,2025-06-23,2025,6,2,23,11
4165,2025-06-23,2025,6,2,23,12
4166,2025-06-23,2025,6,2,23,13
4167,2025-06-23,2025,6,2,23,14
4168,2025-06-23,2025,6,2,23,15
4169,2025-06-23,2025,6,2,23,16
4170,2025-06-23,2025,6,2,23,17
4171,2025-06-23,2025,6,2,23,18
4172,2025-06-23,2025,6,2,23,19
4173,2025-06-23,2025,6,2,23,20
4174,2025-06-23,2025,6,2,23,21
4175,2025-06-23,2025,6,2,23,22
4176,2025-06-23,2025,6,2,23,23
4177,2025-06-24,2025,6,2,24,0
4178,2025-06-24,2025,6,2,24,1
4179,2025-06-24,2025,6,2,24,2
4180,2025-06-24,2025,6,2,24,3
4181,2025-06-24,2025,6,2,24,4
4182,2025-06-24,2025,6,2,24,5
4183,2025-06-24,2025,6,2,24,6
4184,2025-06-24,2025,6,2,24,7
4185,2025-06-24,2025,6,2,24,8
4186,2025-06-24,2025,6,2,24,9
4187,2025-06-24,2025,6,2,24,10
4188,2025-06-24,2025,6,2,24,11
4189,2025-06-24,2025,6,2,24,12
4190,2025-06-24,2025,6,2,24,13
4191,2025-06-24,2025,6,2,24,14
4192,2025-06-24,2025,6,2,24,15
4193,2025-06-24,2025,6,2,24,16
4194,2025-06-24,2025,6,2,24,17
4195,2025-06-24,2025,6,2,24,18
4196,2025-06-24,2025,6,2,24,19
4197,2025-06-24,2025,6,2,24,20
4198,2025-06-24,2025,6,2,24,21
4199,2025-06-24,2025,6,2,24,22
4200,2025-06-24,2025,6,2,24,23
4201,2025-06-25,2025,6,2,25,0
4202,2025-06-25,2025,6,2,25,1
4203,2025-06-25,2025,6,2,25,2
4204,2025-06-25,2025,6,2,25,3
4205,2025-06-25,2025,6,2,25,4
4206,2025-06-25,2025,6,2,25,5
4207,2025-06-25,2025,6,2,25,6
4208,2025-06-25,2025,6,2,25,7
4209,2025-06-25,2025,6,2,25,8
4210,2025-06-25,2025,6,2,25,9
4211,2025-06-25,2025,6,2,25,10
4212,2025-06-25,2025,6,2,25,11
4213,2025-06-25,2025,6,2,25,12
4214,2025-06-25,2025,6,2,25,13
4215,2025-06-25,2025,6,2,25,14
4216,2025-06-25,2025,6,2,25,15
4217,2025-06-25,2025,6,2,25,16
4218,2025-06-25,2025,6,2,25,17
4219,2025-06-25,2025,6,2,25,18
4220,2025-06-25,2025,6,2,25,19
4221,2025-06-25,2025,6,2,25,20
4222,2025-06-25,2025,6,2,25,21
4223,2025-06-25,2025,6,2,25,22
4224,2025-06-25,2025,6,2,25,23
4225,2025-06-26,2025,6,2,26,0
4226,2025-06-26,2025,6,2,26,1
4227,2025-06-26,2025,6,2,26,2
4228,2025-06-26,2025,6,2,26,3
4229,2025-06-26,2025,6,2,26,4
4230,2025-06-26,2025,6,2,26,5
4231,2025-06-26,2025,6,2,26,6
4232,2025-06-26,2025,6,2,26,7
4233,2025-06-26,2025,6,2,26,8
4234,2025-06-26,2025,6,2,26,9
4235,2025-06-26,2025,6,2,26,10
4236,2025-06-26,2025,6,2,26,11
4237,2025-06-26,2025,6,2,26,12
4238,2025-06-26,2025,6,2,26,13
4239,2025-06-26,2025,6,2,26,14
4240,2025-06-26,2025,6,2,26,15
4241,2025-06-26,2025,6,2,26,16
4242,2025-06-26,2025,6,2,26,17
4243,2025-06-26,2025,6,2,26,18
4244,2025-06-26,2025,6,2,26,19
4245,2025-06-26,2025,6,2,26,20
4246,2025-06-26,2025,6,2,26,21
4247,2025-06-26,2025,6,2,26,22
4248,2025-06-26,2025,6,2,26,23
4249,2025-06-27,2025,6,2,27,0
4250,2025-06-27,2025,6,2,27,1
4251,2025-06-27,2025,6,2,27,2
4252,2025-06-27,2025,6,2,27,3
4253,2025-06-27,2025,6,2,27,4
4254,2025-06-27,2025,6,2,27,5
4255,2025-06-27,2025,6,2,27,6
4256,2025-06-27,2025,6,2,27,7
4257,2025-06-27,2025,6,2,27,8
4258,2025-06-27,2025,6,2,27,9
4259,2025-06-27,2025,6,2,27,10
4260,2025-06-27,2025,6,2,27,11
4261,2025-06-27,2025,6,2,27,12
4262,2025-06-27,2025,6,2,27,13
4263,2025-06-27,2025,6,2,27,14
4264,2025-06-27,2025,6,2,27,15
4265,2025-06-27,2025,6,2,27,16
4266,2025-06-27,2025,6,2,27,17
4267,2025-06-27,2025,6,2,27,18
4268,2025-06-27,2025,6,2,27,19
4269,2025-06-27,2025,6,2,27,20
4270,2025-06-27,2025,6,2,27,21
4271,2025-06-27,2025,6,2,27,22
4272,2025-06-27,2025,6,2,27,23
4273,2025-06-28,2025,6,2,28,0
4274,2025-06-28,2025,6,2,28,1
4275,2025-06-28,2025,6,2,28,2
4276,2025-06-28,2025,6,2,28,3
4277,2025-06-28,2025,6,2,28,4
4278,2025-06-28,2025,6,2,28,5
4279,2025-06-28,2025,6,2,28,6
4280,2025-06-28,2025,6,2,28,7
4281,2025-06-28,2025,6,2,28,8
4282,2025-06-28,2025,6,2,28,9
4283,2025-06-28,2025,6,2,28,10
4284,2025-06-28,2025,6,2,28,11
4285,2025-06-28,2025,6,2,28,12
4286,2025-06-28,2025,6,2,28,13
4287,2025-06-28,2025,6,2,28,14
4288,2025-06-28,2025,6,2,28,15
4289,2025-06-28,2025,6,2,28,16
4290,2025-06-28,2025,6,2,28,17
4291,2025-06-28,2025,6,2,28,18
4292,2025-06-28,2025,6,2,28,19
4293,2025-06-28,2025,6,2,28,20
4294,2025-06-28,2025,6,2,28,21
4295,2025-06-28,2025,6,2,28,22
4296,2025-06-28,2025,6,2,28,23
4297,2025-06-29,2025,6,2,29,0
4298,2025-06-29,2025,6,2,29,1
4299,2025-06-29,2025,6,2,29,2
4300,2025-06-29,2025,6,2,29,3
4301,2025-06-29,2025,6,2,29,4
4302,2025-06-29,2025,6,2,29,5
4303,2025-06-29,2025,6,2,29,6
4304,2025-06-29,2025,6,2,29,7
4305,2025-06-29,2025,6,2,29,8
4306,2025-06-29,2025,6,2,29,9
4307,2025-06-29,2025,6,2,29,10
4308,2025-06-29,2025,6,2,29,11
4309,2025-06-29,2025,6,2,29,12
4310,2025-06-29,2025,6,2,29,13
4311,2025-06-29,2025,6,2,29,14
4312,2025-06-29,2025,6,2,29,15
4313,2025-06-29,2025,6,2,29,16
4314,2025-06-29,2025,6,2,29,17
4315,2025-06-29,2025,6,2,29,18
4316,2025-06-29,2025,6,2,29,19
4317,2025-06-29,2025,6,2,29,20
4318,2025-06-29,2025,6,2,29,21
4319,2025-06-29,2025,6,2,29,22
4320,2025-06-29,2025,6,2,29,23
4321,2025-06-30,2025,6,2,30,0
4322,2025-06-30,2025,6,2,30,1
4323,2025-06-30,2025,6,2,30,2
4324,2025-06-30,2025,6,2,30,3
4325,2025-06-30,2025,6,2,30,4
4326,2025-06-30,2025,6,2,30,5
4327,2025-06-30,2025,6,2,30,6
4328,2025-06-30,2025,6,2,30,7
4329,2025-06-30,2025,6,2,30,8
4330,2025-06-30,2025,6,2,30,9
4331,2025-06-30,2025,6,2,30,10
4332,2025-06-30,2025,6,2,30,11
4333,2025-06-30,2025,6,2,30,12
4334,2025-06-30,2025,6,2,30,13
4335,2025-06-30,2025,6,2,30,14
4336,2025-06-30,2025,6,2,30,15
4337,2025-06-30,2025,6,2,30,16
4338,2025-06-30,2025,6,2,30,17
4339,2025-06-30,2025,6,2,30,18
4340,2025-06-30,2025,6,2,30,19
4341,2025-06-30,2025,6,2,30,20
4342,2025-06-30,2025,6,2,30,21
4343,2025-06-30,2025,6,2,30,22
4344,2025-06-30,2025,6,2,30,23
4345,2025-07-01,2025,7,3,1,0
4346,2025-07-01,2025,7,3,1,1
4347,2025-07-01,2025,7,3,1,2
4348,2025-07-01,2025,7,3,1,3
4349,2025-07-01,2025,7,3,1,4
4350,2025-07-01,2025,7,3,1,5
4351,2025-07-01,2025,7,3,1,6
4352,2025-07-01,2025,7,3,1,7
4353,2025-07-01,2025,7,3,1,8
4354,2025-07-01,2025,7,3,1,9
4355,2025-07-01,2025,7,3,1,10
4356,2025-07-01,2025,7,3,1,11
4357,2025-07-01,2025,7,3,1,12
4358,2025-07-01,2025,7,3,1,13
4359,2025-07-01,2025,7,3,1,14
4360,2025-07-01,2025,7,3,1,15
4361,2025-07-01,2025,7,3,1,16
4362,2025-07-01,2025,7,3,1,17
4363,2025-07-01,2025,7,3,1,18
4364,2025-07-01,2025,7,3,1,19
4365,2025-07-01,2025,7,3,1,20
4366,2025-07-01,2025,7,3,1,21
4367,2025-07-01,2025,7,3,1,22
4368,2025-07-01,2025,7,3,1,23
4369,2025-07-02,2025,7,3,2,0
4370,2025-07-02,2025,7,3,2,1
4371,2025-07-02,2025,7,3,2,2
4372,2025-07-02,2025,7,3,2,3
4373,2025-07-02,2025,7,3,2,4
4374,2025-07-02,2025,7,3,2,5
4375,2025-07-02,2025,7,3,2,6
4376,2025-07-02,2025,7,3,2,7
4377,2025-07-02,2025,7,3,2,8
4378,2025-07-02,2025,7,3,2,9
4379,2025-07-02,2025,7,3,2,10
4380,2025-07-02,2025,7,3,2,11
4381,2025-07-02,2025,7,3,2,12
4382,2025-07-02,2025,7,3,2,13
4383,2025-07-02,2025,7,3,2,14
4384,2025-07-02,2025,7,3,2,15
4385,2025-07-02,2025,7,3,2,16
4386,2025-07-02,2025,7,3,2,17
4387,2025-07-02,2025,7,3,2,18
4388,2025-07-02,2025,7,3,2,19
4389,2025-07-02,2025,7,3,2,20
4390,2025-07-02,2025,7,3,2,21
4391,2025-07-02,2025,7,3,2,22
4392,2025-07-02,2025,7,3,2,23
4393,2025-07-03,2025,7,3,3,0
4394,2025-07-03,2025,7,3,3,1
4395,2025-07-03,2025,7,3,3,2
4396,2025-07-03,2025,7,3,3,3
4397,2025-07-03,2025,7,3,3,4
4398,2025-07-03,2025,7,3,3,5
4399,2025-07-03,2025,7,3,3,6
4400,2025-07-03,2025,7,3,3,7
4401,2025-07-03,2025,7,3,3,8
4402,2025-07-03,2025,7,3,3,9
4403,2025-07-03,2025,7,3,3,10
4404,2025-07-03,2025,7,3,3,11
4405,2025-07-03,2025,7,3,3,12
4406,2025-07-03,2025,7,3,3,13
4407,2025-07-03,2025,7,3,3,14
4408,2025-07-03,2025,7,3,3,15
4409,2025-07-03,2025,7,3,3,16
4410,2025-07-03,2025,7,3,3,17
4411,2025-07-03,2025,7,3,3,18
4412,2025-07-03,2025,7,3,3,19
4413,2025-07-03,2025,7,3,3,20
4414,2025-07-03,2025,7,3,3,21
4415,2025-07-03,2025,7,3,3,22
4416,2025-07-03,2025,7,3,3,23
4417,2025-07-04,2025,7,3,4,0
4418,2025-07-04,2025,7,3,4,1
4419,2025-07-04,2025,7,3,4,2
4420,2025-07-04,2025,7,3,4,3
4421,2025-07-04,2025,7,3,4,4
4422,2025-07-04,2025,7,3,4,5
4423,2025-07-04,2025,7,3,4,6
4424,2025-07-04,2025,7,3,4,7
4425,2025-07-04,2025,7,3,4,8
4426,2025-07-04,2025,7,3,4,9
4427,2025-07-04,2025,7,3,4,10
4428,2025-07-04,2025,7,3,4,11
4429,2025-07-04,2025,7,3,4,12
4430,2025-07-04,2025,7,3,4,13
4431,2025-07-04,2025,7,3,4,14
4432,2025-07-04,2025,7,3,4,15
4433,2025-07-04,2025,7,3,4,16
4434,2025-07-04,2025,7,3,4,17
4435,2025-07-04,2025,7,3,4,18
4436,2025-07-04,2025,7,3,4,19
4437,2025-07-04,2025,7,3,4,20
4438,2025-07-04,2025,7,3,4,21
4439,2025-07-04,2025,7,3,4,22
4440,2025-07-04,2025,7,3,4,23
4441,2025-07-05,2025,7,3,5,0
4442,2025-07-05,2025,7,3,5,1
4443,2025-07-05,2025,7,3,5,2
4444,2025-07-05,2025,7,3,5,3
4445,2025-07-05,2025,7,3,5,4
4446,2025-07-05,2025,7,3,5,5
4447,2025-07-05,2025,7,3,5,6
4448,2025-07-05,2025,7,3,5,7
4449,2025-07-05,2025,7,3,5,8
4450,2025-07-05,2025,7,3,5,9
4451,2025-07-05,2025,7,3,5,10
4452,2025-07-05,2025,7,3,5,11
4453,2025-07-05,2025,7,3,5,12
4454,2025-07-05,2025,7,3,5,13
4455,2025-07-05,2025,7,3,5,14
4456,2025-07-05,2025,7,3,5,15
4457,2025-07-05,2025,7,3,5,16
4458,2025-07-05,2025,7,3,5,17
4459,2025-07-05,2025,7,3,5,18
4460,2025-07-05,2025,7,3,5,19
4461,2025-07-05,2025,7,3,5,20
4462,2025-07-05,2025,7,3,5,21
4463,2025-07-05,2025,7,3,5,22
4464,2025-07-05,2025,7,3,5,23
4465,2025-07-06,2025,7,3,6,0
4466,2025-07-06,2025,7,3,6,1
4467,2025-07-06,2025,7,3,6,2
4468,2025-07-06,2025,7,3,6,3
4469,2025-07-06,2025,7,3,6,4
4470,2025-07-06,2025,7,3,6,5
4471,2025-07-06,2025,7,3,6,6
4472,2025-07-06,2025,7,3,6,7
4473,2025-07-06,2025,7,3,6,8
4474,2025-07-06,2025,7,3,6,9
4475,2025-07-06,2025,7,3,6,10
4476,2025-07-06,2025,7,3,6,11
4477,2025-07-06,2025,7,3,6,12
4478,2025-07-06,2025,7,3,6,13
4479,2025-07-06,2025,7,3,6,14
4480,2025-07-06,2025,7,3,6,15
4481,2025-07-06,2025,7,3,6,16
4482,2025-07-06,2025,7,3,6,17
4483,2025-07-06,2025,7,3,6,18
4484,2025-07-06,2025,7,3,6,19
4485,2025-07-06,2025,7,3,6,20
4486,2025-07-06,2025,7,3,6,21
4487,2025-07-06,2025,7,3,6,22
4488,2025-07-06,2025,7,3,6,23
4489,2025-07-07,2025,7,3,7,0
4490,2025-07-07,2025,7,3,7,1
4491,2025-07-07,2025,7,3,7,2
4492,2025-07-07,2025,7,3,7,3
4493,2025-07-07,2025,7,3,7,4
4494,2025-07-07,2025,7,3,7,5
4495,2025-07-07,2025,7,3,7,6
4496,2025-07-07,2025,7,3,7,7
4497,2025-07-07,2025,7,3,7,8
4498,2025-07-07,2025,7,3,7,9
4499,2025-07-07,2025,7,3,7,10
4500,2025-07-07,2025,7,3,7,11
4501,2025-07-07,2025,7,3,7,12
4502,2025-07-07,2025,7,3,7,13
4503,2025-07-07,2025,7,3,7,14
4504,2025-07-07,2025,7,3,7,15
4505,2025-07-07,2025,7,3,7,16
4506,2025-07-07,2025,7,3,7,17
4507,2025-07-07,2025,7,3,7,18
4508,2025-07-07,2025,7,3,7,19
4509,2025-07-07,2025,7,3,7,20
4510,2025-07-07,2025,7,3,7,21
4511,2025-07-07,2025,7,3,7,22
4512,2025-07-07,2025,7,3,7,23
4513,2025-07-08,2025,7,3,8,0
4514,2025-07-08,2025,7,3,8,1
4515,2025-07-08,2025,7,3,8,2
4516,2025-07-08,2025,7,3,8,3
4517,2025-07-08,2025,7,3,8,4
4518,2025-07-08,2025,7,3,8,5
4519,2025-07-08,2025,7,3,8,6
4520,2025-07-08,2025,7,3,8,7
4521,2025-07-08,2025,7,3,8,8
4522,2025-07-08,2025,7,3,8,9
4523,2025-07-08,2025,7,3,8,10
4524,2025-07-08,2025,7,3,8,11
4525,2025-07-08,2025,7,3,8,12
4526,2025-07-08,2025,7,3,8,13
4527,2025-07-08,2025,7,3,8,14
4528,2025-07-08,2025,7,3,8,15
4529,2025-07-08,2025,7,3,8,16
4530,2025-07-08,2025,7,3,8,17
4531,2025-07-08,2025,7,3,8,18
4532,2025-07-08,2025,7,3,8,19
4533,2025-07-08,2025,7,3,8,20
4534,2025-07-08,2025,7,3,8,21
4535,2025-07-08,2025,7,3,8,22
4536,2025-07-08,2025,7,3,8,23
4537,2025-07-09,2025,7,3,9,0
4538,2025-07-09,2025,7,3,9,1
4539,2025-07-09,2025,7,3,9,2
4540,2025-07-09,2025,7,3,9,3
4541,2025-07-09,2025,7,3,9,4
4542,2025-07-09,2025,7,3,9,5
4543,2025-07-09,2025,7,3,9,6
4544,2025-07-09,2025,7,3,9,7
4545,2025-07-09,2025,7,3,9,8
4546,2025-07-09,2025,7,3,9,9
4547,2025-07-09,2025,7,3,9,10
4548,2025-07-09,2025,7,3,9,11
4549,2025-07-09,2025,7,3,9,12
4550,2025-07-09,2025,7,3,9,13
4551,2025-07-09,2025,7,3,9,14
4552,2025-07-09,2025,7,3,9,15
4553,2025-07-09,2025,7,3,9,16
4554,2025-07-09,2025,7,3,9,17
4555,2025-07-09,2025,7,3,9,18
4556,2025-07-09,2025,7,3,9,19
4557,2025-07-09,2025,7,3,9,20
4558,2025-07-09,2025,7,3,9,21
4559,2025-07-09,2025,7,3,9,22
4560,2025-07-09,2025,7,3,9,23
4561,2025-07-10,2025,7,3,10,0
4562,2025-07-10,2025,7,3,10,1
4563,2025-07-10,2025,7,3,10,2
4564,2025-07-10,2025,7,3,10,3
4565,2025-07-10,2025,7,3,10,4
4566,2025-07-10,2025,7,3,10,5
4567,2025-07-10,2025,7,3,10,6
4568,2025-07-10,2025,7,3,10,7
4569,2025-07-10,2025,7,3,10,8
4570,2025-07-10,2025,7,3,10,9
4571,2025-07-10,2025,7,3,10,10
4572,2025-07-10,2025,7,3,10,11
4573,2025-07-10,2025,7,3,10,12
4574,2025-07-10,2025,7,3,10,13
4575,2025-07-10,2025,7,3,10,14
4576,2025-07-10,2025,7,3,10,15
4577,2025-07-10,2025,7,3,10,16
4578,2025-07-10,2025,7,3,10,17
4579,2025-07-10,2025,7,3,10,18
4580,2025-07-10,2025,7,3,10,19
4581,2025-07-10,2025,7,3,10,20
4582,2025-07-10,2025,7,3,10,21
4583,2025-07-10,2025,7,3,10,22
4584,2025-07-10,2025,7,3,10,23
4585,2025-07-11,2025,7,3,11,0
4586,2025-07-11,2025,7,3,11,1
4587,2025-07-11,2025,7,3,11,2
4588,2025-07-11,2025,7,3,11,3
4589,2025-07-11,2025,7,3,11,4
4590,2025-07-11,2025,7,3,11,5
4591,2025-07-11,2025,7,3,11,6
4592,2025-07-11,2025,7,3,11,7
4593,2025-07-11,2025,7,3,11,8
4594,2025-07-11,2025,7,3,11,9
4595,2025-07-11,2025,7,3,11,10
4596,2025-07-11,2025,7,3,11,11
4597,2025-07-11,2025,7,3,11,12
4598,2025-07-11,2025,7,3,11,13
4599,2025-07-11,2025,7,3,11,14
4600,2025-07-11,2025,7,3,11,15
4601,2025-07-11,2025,7,3,11,16
4602,2025-07-11,2025,7,3,11,17
4603,2025-07-11,2025,7,3,11,18
4604,2025-07-11,2025,7,3,11,19
4605,2025-07-11,2025,7,3,11,20
4606,2025-07-11,2025,7,3,11,21
4607,2025-07-11,2025,7,3,11,22
4608,2025-07-11,2025,7,3,11,23
4609,2025-07-12,2025,7,3,12,0
4610,2025-07-12,2025,7,3,12,1
4611,2025-07-12,2025,7,3,12,2
4612,2025-07-12,2025,7,3,12,3
4613,2025-07-12,2025,7,3,12,4
4614,2025-07-12,2025,7,3,12,5
4615,2025-07-12,2025,7,3,12,6
4616,2025-07-12,2025,7,3,12,7
4617,2025-07-12,2025,7,3,12,8
4618,2025-07-12,2025,7,3,12,9
4619,2025-07-12,2025,7,3,12,10
4620,2025-07-12,2025,7,3,12,11
4621,2025-07-12,2025,7,3,12,12
4622,2025-07-12,2025,7,3,12,13
4623,2025-07-12,2025,7,3,12,14
4624,2025-07-12,2025,7,3,12,15
4625,2025-07-12,2025,7,3,12,16
4626,2025-07-12,2025,7,3,12,17
4627,2025-07-12,2025,7,3,12,18
4628,2025-07-12,2025,7,3,12,19
4629,2025-07-12,2025,7,3,12,20
4630,2025-07-12,2025,7,3,12,21
4631,2025-07-12,2025,7,3,12,22
4632,2025-07-12,2025,7,3,12,23
4633,2025-07-13,2025,7,3,13,0
4634,2025-07-13,2025,7,3,13,1
4635,2025-07-13,2025,7,3,13,2
4636,2025-07-13,2025,7,3,13,3
4637,2025-07-13,2025,7,3,13,4
4638,2025-07-13,2025,7,3,13,5
4639,2025-07-13,2025,7,3,13,6
4640,2025-07-13,2025,7,3,13,7
4641,2025-07-13,2025,7,3,13,8
4642,2025-07-13,2025,7,3,13,9
4643,2025-07-13,2025,7,3,13,10
4644,2025-07-13,2025,7,3,13,11
4645,2025-07-13,2025,7,3,13,12
4646,2025-07-13,2025,7,3,13,13
4647,2025-07-13,2025,7,3,13,14
4648,2025-07-13,2025,7,3,13,15
4649,2025-07-13,2025,7,3,13,16
4650,2025-07-13,2025,7,3,13,17
4651,2025-07-13,2025,7,3,13,18
4652,2025-07-13,2025,7,3,13,19
4653,2025-07-13,2025,7,3,13,20
4654,2025-07-13,2025,7,3,13,21
4655,2025-07-13,2025,7,3,13,22
4656,2025-07-13,2025,7,3,13,23
4657,2025-07-14,2025,7,3,14,0
4658,2025-07-14,2025,7,3,14,1
4659,2025-07-14,2025,7,3,14,2
4660,2025-07-14,2025,7,3,14,3
4661,2025-07-14,2025,7,3,14,4
4662,2025-07-14,2025,7,3,14,5
4663,2025-07-14,2025,7,3,14,6
4664,2025-07-14,2025,7,3,14,7
4665,2025-07-14,2025,7,3,14,8
4666,2025-07-14,2025,7,3,14,9
4667,2025-07-14,2025,7,3,14,10
4668,2025-07-14,2025,7,3,14,11
4669,2025-07-14,2025,7,3,14,12
4670,2025-07-14,2025,7,3,14,13
4671,2025-07-14,2025,7,3,14,14
4672,2025-07-14,2025,7,3,14,15
4673,2025-07-14,2025,7,3,14,16
4674,2025-07-14,2025,7,3,14,17
4675,2025-07-14,2025,7,3,14,18
4676,2025-07-14,2025,7,3,14,19
4677,2025-07-14,2025,7,3,14,20
4678,2025-07-14,2025,7,3,14,21
4679,2025-07-14,2025,7,3,14,22
4680,2025-07-14,2025,7,3,14,23
4681,2025-07-15,2025,7,3,15,0
4682,2025-07-15,2025,7,3,15,1
4683,2025-07-15,2025,7,3,15,2
4684,2025-07-15,2025,7,3,15,3
4685,2025-07-15,2025,7,3,15,4
4686,2025-07-15,2025,7,3,15,5
4687,2025-07-15,2025,7,3,15,6
4688,2025-07-15,2025,7,3,15,7
4689,2025-07-15,2025,7,3,15,8
4690,2025-07-15,2025,7,3,15,9
4691,2025-07-15,2025,7,3,15,10
4692,2025-07-15,2025,7,3,15,11
4693,2025-07-15,2025,7,3,15,12
4694,2025-07-15,2025,7,3,15,13
4695,2025-07-15,2025,7,3,15,14
4696,2025-07-15,2025,7,3,15,15
4697,2025-07-15,2025,7,3,15,16
4698,2025-07-15,2025,7,3,15,17
4699,2025-07-15,2025,7,3,15,18
4700,2025-07-15,2025,7,3,15,19
4701,2025-07-15,2025,7,3,15,20
4702,2025-07-15,2025,7,3,15,21
4703,2025-07-15,2025,7,3,15,22
4704,2025-07-15,2025,7,3,15,23
4705,2025-07-16,2025,7,3,16,0
4706,2025-07-16,2025,7,3,16,1
4707,2025-07-16,2025,7,3,16,2
4708,2025-07-16,2025,7,3,16,3
4709,2025-07-16,2025,7,3,16,4
4710,2025-07-16,2025,7,3,16,5
4711,2025-07-16,2025,7,3,16,6
4712,2025-07-16,2025,7,3,16,7
4713,2025-07-16,2025,7,3,16,8
4714,2025-07-16,2025,7,3,16,9
4715,2025-07-16,2025,7,3,16,10
4716,2025-07-16,2025,7,3,16,11
4717,2025-07-16,2025,7,3,16,12
4718,2025-07-16,2025,7,3,16,13
4719,2025-07-16,2025,7,3,16,14
4720,2025-07-16,2025,7,3,16,15
4721,2025-07-16,2025,7,3,16,16
4722,2025-07-16,2025,7,3,16,17
4723,2025-07-16,2025,7,3,16,18
4724,2025-07-16,2025,7,3,16,19
4725,2025-07-16,2025,7,3,16,20
4726,2025-07-16,2025,7,3,16,21
4727,2025-07-16,2025,7,3,16,22
4728,2025-07-16,2025,7,3,16,23
4729,2025-07-17,2025,7,3,17,0
4730,2025-07-17,2025,7,3,17,1
4731,2025-07-17,2025,7,3,17,2
4732,2025-07-17,2025,7,3,17,3
4733,2025-07-17,2025,7,3,17,4
4734,2025-07-17,2025,7,3,17,5
4735,2025-07-17,2025,7,3,17,6
4736,2025-07-17,2025,7,3,17,7
4737,2025-07-17,2025,7,3,17,8
4738,2025-07-17,2025,7,3,17,9
4739,2025-07-17,2025,7,3,17,10
4740,2025-07-17,2025,7,3,17,11
4741,2025-07-17,2025,7,3,17,12
4742,2025-07-17,2025,7,3,17,13
4743,2025-07-17,2025,7,3,17,14
4744,2025-07-17,2025,7,3,17,15
4745,2025-07-17,2025,7,3,17,16
4746,2025-07-17,2025,7,3,17,17
4747,2025-07-17,2025,7,3,17,18
4748,2025-07-17,2025,7,3,17,19
4749,2025-07-17,2025,7,3,17,20
4750,2025-07-17,2025,7,3,17,21
4751,2025-07-17,2025,7,3,17,22
4752,2025-07-17,2025,7,3,17,23
4753,2025-07-18,2025,7,3,18,0
4754,2025-07-18,2025,7,3,18,1
4755,2025-07-18,2025,7,3,18,2
4756,2025-07-18,2025,7,3,18,3
4757,2025-07-18,2025,7,3,18,4
4758,2025-07-18,2025,7,3,18,5
4759,2025-07-18,2025,7,3,18,6
4760,2025-07-18,2025,7,3,18,7
4761,2025-07-18,2025,7,3,18,8
4762,2025-07-18,2025,7,3,18,9
4763,2025-07-18,2025,7,3,18,10
4764,2025-07-18,2025,7,3,18,11
4765,2025-07-18,2025,7,3,18,12
4766,2025-07-18,2025,7,3,18,13
4767,2025-07-18,2025,7,3,18,14
4768,2025-07-18,2025,7,3,18,15
4769,2025-07-18,2025,7,3,18,16
4770,2025-07-18,2025,7,3,18,17
4771,2025-07-18,2025,7,3,18,18
4772,2025-07-18,2025,7,3,18,19
4773,2025-07-18,2025,7,3,18,20
4774,2025-07-18,2025,7,3,18,21
4775,2025-07-18,2025,7,3,18,22
4776,2025-07-18,2025,7,3,18,23
4777,2025-07-19,2025,7,3,19,0
4778,2025-07-19,2025,7,3,19,1
4779,2025-07-19,2025,7,3,19,2
4780,2025-07-19,2025,7,3,19,3
4781,2025-07-19,2025,7,3,19,4
4782,2025-07-19,2025,7,3,19,5
4783,2025-07-19,2025,7,3,19,6
4784,2025-07-19,2025,7,3,19,7
4785,2025-07-19,2025,7,3,19,8
4786,2025-07-19,2025,7,3,19,9
4787,2025-07-19,2025,7,3,19,10
4788,2025-07-19,2025,7,3,19,11
4789,2025-07-19,2025,7,3,19,12
4790,2025-07-19,2025,7,3,19,13
4791,2025-07-19,2025,7,3,19,14
4792,2025-07-19,2025,7,3,19,15
4793,2025-07-19,2025,7,3,19,16
4794,2025-07-19,2025,7,3,19,17
4795,2025-07-19,2025,7,3,19,18
4796,2025-07-19,2025,7,3,19,19
4797,2025-07-19,2025,7,3,19,20
4798,2025-07-19,2025,7,3,19,21
4799,2025-07-19,2025,7,3,19,22
4800,2025-07-19,2025,7,3,19,23
4801,2025-07-20,2025,7,3,20,0
4802,2025-07-20,2025,7,3,20,1
4803,2025-07-20,2025,7,3,20,2
4804,2025-07-20,2025,7,3,20,3
4805,2025-07-20,2025,7,3,20,4
4806,2025-07-20,2025,7,3,20,5
4807,2025-07-20,2025,7,3,20,6
4808,2025-07-20,2025,7,3,20,7
4809,2025-07-20,2025,7,3,20,8
4810,2025-07-20,2025,7,3,20,9
4811,2025-07-20,2025,7,3,20,10
4812,2025-07-20,2025,7,3,20,11
4813,2025-07-20,2025,7,3,20,12
4814,2025-07-20,2025,7,3,20,13
4815,2025-07-20,2025,7,3,20,14
4816,2025-07-20,2025,7,3,20,15
4817,2025-07-20,2025,7,3,20,16
4818,2025-07-20,2025,7,3,20,17
4819,2025-07-20,2025,7,3,20,18
4820,2025-07-20,2025,7,3,20,19
4821,2025-07-20,2025,7,3,20,20
4822,2025-07-20,2025,7,3,20,21
4823,2025-07-20,2025,7,3,20,22
4824,2025-07-20,2025,7,3,20,23
4825,2025-07-21,2025,7,3,21,0
4826,2025-07-21,2025,7,3,21,1
4827,2025-07-21,2025,7,3,21,2
4828,2025-07-21,2025,7,3,21,3
4829,2025-07-21,2025,7,3,21,4
4830,2025-07-21,2025,7,3,21,5
4831,2025-07-21,2025,7,3,21,6
4832,2025-07-21,2025,7,3,21,7
4833,2025-07-21,2025,7,3,21,8
4834,2025-07-21,2025,7,3,21,9
4835,2025-07-21,2025,7,3,21,10
4836,2025-07-21,2025,7,3,21,11
4837,2025-07-21,2025,7,3,21,12
4838,2025-07-21,2025,7,3,21,13
4839,2025-07-21,2025,7,3,21,14
4840,2025-07-21,2025,7,3,21,15
4841,2025-07-21,2025,7,3,21,16
4842,2025-07-21,2025,7,3,21,17
4843,2025-07-21,2025,7,3,21,18
4844,2025-07-21,2025,7,3,21,19
4845,2025-07-21,2025,7,3,21,20
4846,2025-07-21,2025,7,3,21,21
4847,2025-07-21,2025,7,3,21,22
4848,2025-07-21,2025,7,3,21,23
4849,2025-07-22,2025,7,3,22,0
4850,2025-07-22,2025,7,3,22,1
4851,2025-07-22,2025,7,3,22,2
4852,2025-07-22,2025,7,3,22,3
4853,2025-07-22,2025,7,3,22,4
4854,2025-07-22,2025,7,3,22,5
4855,2025-07-22,2025,7,3,22,6
4856,2025-07-22,2025,7,3,22,7
4857,2025-07-22,2025,7,3,22,8
4858,2025-07-22,2025,7,3,22,9
4859,2025-07-22,2025,7,3,22,10
4860,2025-07-22,2025,7,3,22,11
4861,2025-07-22,2025,7,3,22,12
4862,2025-07-22,2025,7,3,22,13
4863,2025-07-22,2025,7,3,22,14
4864,2025-07-22,2025,7,3,22,15
4865,2025-07-22,2025,7,3,22,16
4866,2025-07-22,2025,7,3,22,17
4867,2025-07-22,2025,7,3,22,18
4868,2025-07-22,2025,7,3,22,19
4869,2025-07-22,2025,7,3,22,20
4870,2025-07-22,2025,7,3,22,21
4871,2025-07-22,2025,7,3,22,22
4872,2025-07-22,2025,7,3,22,23
4873,2025-07-23,2025,7,3,23,0
4874,2025-07-23,2025,7,3,23,1
4875,2025-07-23,2025,7,3,23,2
4876,2025-07-23,2025,7,3,23,3
4877,2025-07-23,2025,7,3,23,4
4878,2025-07-23,2025,7,3,23,5
4879,2025-07-23,2025,7,3,23,6
4880,2025-07-23,2025,7,3,23,7
4881,2025-07-23,2025,7,3,23,8
4882,2025-07-23,2025,7,3,23,9
4883,2025-07-23,2025,7,3,23,10
4884,2025-07-23,2025,7,3,23,11
4885,2025-07-23,2025,7,3,23,12
4886,2025-07-23,2025,7,3,23,13
4887,2025-07-23,2025,7,3,23,14
4888,2025-07-23,2025,7,3,23,15
4889,2025-07-23,2025,7,3,23,16
4890,2025-07-23,2025,7,3,23,17
4891,2025-07-23,2025,7,3,23,18
4892,2025-07-23,2025,7,3,23,19
4893,2025-07-23,2025,7,3,23,20
4894,2025-07-23,2025,7,3,23,21
4895,2025-07-23,2025,7,3,23,22
4896,2025-07-23,2025,7,3,23,23
4897,2025-07-24,2025,7,3,24,0
4898,2025-07-24,2025,7,3,24,1
4899,2025-07-24,2025,7,3,24,2
4900,2025-07-24,2025,7,3,24,3
4901,2025-07-24,2025,7,3,24,4
4902,2025-07-24,2025,7,3,24,5
4903,2025-07-24,2025,7,3,24,6
4904,2025-07-24,2025,7,3,24,7
4905,2025-07-24,2025,7,3,24,8
4906,2025-07-24,2025,7,3,24,9
4907,2025-07-24,2025,7,3,24,10
4908,2025-07-24,2025,7,3,24,11
4909,2025-07-24,2025,7,3,24,12
4910,2025-07-24,2025,7,3,24,13
4911,2025-07-24,2025,7,3,24,14
4912,2025-07-24,2025,7,3,24,15
4913,2025-07-24,2025,7,3,24,16
4914,2025-07-24,2025,7,3,24,17
4915,2025-07-24,2025,7,3,24,18
4916,2025-07-24,2025,7,3,24,19
4917,2025-07-24,2025,7,3,24,20
4918,2025-07-24,2025,7,3,24,21
4919,2025-07-24,2025,7,3,24,22
4920,2025-07-24,2025,7,3,24,23
4921,2025-07-25,2025,7,3,25,0
4922,2025-07-25,2025,7,3,25,1
4923,2025-07-25,2025,7,3,25,2
4924,2025-07-25,2025,7,3,25,3
4925,2025-07-25,2025,7,3,25,4
4926,2025-07-25,2025,7,3,25,5
4927,2025-07-25,2025,7,3,25,6
4928,2025-07-25,2025,7,3,25,7
4929,2025-07-25,2025,7,3,25,8
4930,2025-07-25,2025,7,3,25,9
4931,2025-07-25,2025,7,3,25,10
4932,2025-07-25,2025,7,3,25,11
4933,2025-07-25,2025,7,3,25,12
4934,2025-07-25,2025,7,3,25,13
4935,2025-07-25,2025,7,3,25,14
4936,2025-07-25,2025,7,3,25,15
4937,2025-07-25,2025,7,3,25,16
4938,2025-07-25,2025,7,3,25,17
4939,2025-07-25,2025,7,3,25,18
4940,2025-07-25,2025,7,3,25,19
4941,2025-07-25,2025,7,3,25,20
4942,2025-07-25,2025,7,3,25,21
4943,2025-07-25,2025,7,3,25,22
4944,2025-07-25,2025,7,3,25,23
4945,2025-07-26,2025,7,3,26,0
4946,2025-07-26,2025,7,3,26,1
4947,2025-07-26,2025,7,3,26,2
4948,2025-07-26,2025,7,3,26,3
4949,2025-07-26,2025,7,3,26,4
4950,2025-07-26,2025,7,3,26,5
4951,2025-07-26,2025,7,3,26,6
4952,2025-07-26,2025,7,3,26,7
4953,2025-07-26,2025,7,3,26,8
4954,2025-07-26,2025,7,3,26,9
4955,2025-07-26,2025,7,3,26,10
4956,2025-07-26,2025,7,3,26,11
4957,2025-07-26,2025,7,3,26,12
4958,2025-07-26,2025,7,3,26,13
4959,2025-07-26,2025,7,3,26,14
4960,2025-07-26,2025,7,3,26,15
4961,2025-07-26,2025,7,3,26,16
4962,2025-07-26,2025,7,3,26,17
4963,2025-07-26,2025,7,3,26,18
4964,2025-07-26,2025,7,3,26,19
4965,2025-07-26,2025,7,3,26,20
4966,2025-07-26,2025,7,3,26,21
4967,2025-07-26,2025,7,3,26,22
4968,2025-07-26,2025,7,3,26,23
4969,2025-07-27,2025,7,3,27,0
4970,2025-07-27,2025,7,3,27,1
4971,2025-07-27,2025,7,3,27,2
4972,2025-07-27,2025,7,3,27,3
4973,2025-07-27,2025,7,3,27,4
4974,2025-07-27,2025,7,3,27,5
4975,2025-07-27,2025,7,3,27,6
4976,2025-07-27,2025,7,3,27,7
4977,2025-07-27,2025,7,3,27,8
4978,2025-07-27,2025,7,3,27,9
4979,2025-07-27,2025,7,3,27,10
4980,2025-07-27,2025,7,3,27,11
4981,2025-07-27,2025,7,3,27,12
4982,2025-07-27,2025,7,3,27,13
4983,2025-07-27,2025,7,3,27,14
4984,2025-07-27,2025,7,3,27,15
4985,2025-07-27,2025,7,3,27,16
4986,2025-07-27,2025,7,3,27,17
4987,2025-07-27,2025,7,3,27,18
4988,2025-07-27,2025,7,3,27,19
4989,2025-07-27,2025,7,3,27,20
4990,2025-07-27,2025,7,3,27,21
4991,2025-07-27,2025,7,3,27,22
4992,2025-07-27,2025,7,3,27,23
4993,2025-07-28,2025,7,3,28,0
4994,2025-07-28,2025,7,3,28,1
4995,2025-07-28,2025,7,3,28,2
4996,2025-07-28,2025,7,3,28,3
4997,2025-07-28,2025,7,3,28,4
4998,2025-07-28,2025,7,3,28,5
4999,2025-07-28,2025,7,3,28,6
5000,2025-07-28,2025,7,3,28,7
5001,2025-07-28,2025,7,3,28,8
5002,2025-07-28,2025,7,3,28,9
5003,2025-07-28,2025,7,3,28,10
5004,2025-07-28,2025,7,3,28,11
5005,2025-07-28,2025,7,3,28,12
5006,2025-07-28,2025,7,3,28,13
5007,2025-07-28,2025,7,3,28,14
5008,2025-07-28,2025,7,3,28,15
5009,2025-07-28,2025,7,3,28,16
5010,2025-07-28,2025,7,3,28,17
5011,2025-07-28,2025,7,3,28,18
5012,2025-07-28,2025,7,3,28,19
5013,2025-07-28,2025,7,3,28,20
5014,2025-07-28,2025,7,3,28,21
5015,2025-07-28,2025,7,3,28,22
5016,2025-07-28,2025,7,3,28,23
5017,2025-07-29,2025,7,3,29,0
5018,2025-07-29,2025,7,3,29,1
5019,2025-07-29,2025,7,3,29,2
5020,2025-07-29,2025,7,3,29,3
5021,2025-07-29,2025,7,3,29,4
5022,2025-07-29,2025,7,3,29,5
5023,2025-07-29,2025,7,3,29,6
5024,2025-07-29,2025,7,3,29,7
5025,2025-07-29,2025,7,3,29,8
5026,2025-07-29,2025,7,3,29,9
5027,2025-07-29,2025,7,3,29,10
5028,2025-07-29,2025,7,3,29,11
5029,2025-07-29,2025,7,3,29,12
5030,2025-07-29,2025,7,3,29,13
5031,2025-07-29,2025,7,3,29,14
5032,2025-07-29,2025,7,3,29,15
5033,2025-07-29,2025,7,3,29,16
5034,2025-07-29,2025,7,3,29,17
5035,2025-07-29,2025,7,3,29,18
5036,2025-07-29,2025,7,3,29,19
5037,2025-07-29,2025,7,3,29,20
5038,2025-07-29,2025,7,3,29,21
5039,2025-07-29,2025,7,3,29,22
5040,2025-07-29,2025,7,3,29,23
5041,2025-07-30,2025,7,3,30,0
5042,2025-07-30,2025,7,3,30,1
5043,2025-07-30,2025,7,3,30,2
5044,2025-07-30,2025,7,3,30,3
5045,2025-07-30,2025,7,3,30,4
5046,2025-07-30,2025,7,3,30,5
5047,2025-07-30,2025,7,3,30,6
5048,2025-07-30,2025,7,3,30,7
5049,2025-07-30,2025,7,3,30,8
5050,2025-07-30,2025,7,3,30,9
5051,2025-07-30,2025,7,3,30,10
5052,2025-07-30,2025,7,3,30,11
5053,2025-07-30,2025,7,3,30,12
5054,2025-07-30,2025,7,3,30,13
5055,2025-07-30,2025,7,3,30,14
5056,2025-07-30,2025,7,3,30,15
5057,2025-07-30,2025,7,3,30,16
5058,2025-07-30,2025,7,3,30,17
5059,2025-07-30,2025,7,3,30,18
5060,2025-07-30,2025,7,3,30,19
5061,2025-07-30,2025,7,3,30,20
5062,2025-07-30,2025,7,3,30,21
5063,2025-07-30,2025,7,3,30,22
5064,2025-07-30,2025,7,3,30,23
5065,2025-07-31,2025,7,3,31,0
5066,2025-07-31,2025,7,3,31,1
5067,2025-07-31,2025,7,3,31,2
5068,2025-07-31,2025,7,3,31,3
5069,2025-07-31,2025,7,3,31,4
5070,2025-07-31,2025,7,3,31,5
5071,2025-07-31,2025,7,3,31,6
5072,2025-07-31,2025,7,3,31,7
5073,2025-07-31,2025,7,3,31,8
5074,2025-07-31,2025,7,3,31,9
5075,2025-07-31,2025,7,3,31,10
5076,2025-07-31,2025,7,3,31,11
5077,2025-07-31,2025,7,3,31,12
5078,2025-07-31,2025,7,3,31,13
5079,2025-07-31,2025,7,3,31,14
5080,2025-07-31,2025,7,3,31,15
5081,2025-07-31,2025,7,3,31,16
5082,2025-07-31,2025,7,3,31,17
5083,2025-07-31,2025,7,3,31,18
5084,2025-07-31,2025,7,3,31,19
5085,2025-07-31,2025,7,3,31,20
5086,2025-07-31,2025,7,3,31,21
5087,2025-07-31,2025,7,3,31,22
5088,2025-07-31,2025,7,3,31,23
5089,2025-08-01,2025,8,3,1,0
5090,2025-08-01,2025,8,3,1,1
5091,2025-08-01,2025,8,3,1,2
5092,2025-08-01,2025,8,3,1,3
5093,2025-08-01,2025,8,3,1,4
5094,2025-08-01,2025,8,3,1,5
5095,2025-08-01,2025,8,3,1,6
5096,2025-08-01,2025,8,3,1,7
5097,2025-08-01,2025,8,3,1,8
5098,2025-08-01,2025,8,3,1,9
5099,2025-08-01,2025,8,3,1,10
5100,2025-08-01,2025,8,3,1,11
5101,2025-08-01,2025,8,3,1,12
5102,2025-08-01,2025,8,3,1,13
5103,2025-08-01,2025,8,3,1,14
5104,2025-08-01,2025,8,3,1,15
5105,2025-08-01,2025,8,3,1,16
5106,2025-08-01,2025,8,3,1,17
5107,2025-08-01,2025,8,3,1,18
5108,2025-08-01,2025,8,3,1,19
5109,2025-08-01,2025,8,3,1,20
5110,2025-08-01,2025,8,3,1,21
5111,2025-08-01,2025,8,3,1,22
5112,2025-08-01,2025,8,3,1,23
5113,2025-08-02,2025,8,3,2,0
5114,2025-08-02,2025,8,3,2,1
5115,2025-08-02,2025,8,3,2,2
5116,2025-08-02,2025,8,3,2,3
5117,2025-08-02,2025,8,3,2,4
5118,2025-08-02,2025,8,3,2,5
5119,2025-08-02,2025,8,3,2,6
5120,2025-08-02,2025,8,3,2,7
5121,2025-08-02,2025,8,3,2,8
5122,2025-08-02,2025,8,3,2,9
5123,2025-08-02,2025,8,3,2,10
5124,2025-08-02,2025,8,3,2,11
5125,2025-08-02,2025,8,3,2,12
5126,2025-08-02,2025,8,3,2,13
5127,2025-08-02,2025,8,3,2,14
5128,2025-08-02,2025,8,3,2,15
5129,2025-08-02,2025,8,3,2,16
5130,2025-08-02,2025,8,3,2,17
5131,2025-08-02,2025,8,3,2,18
5132,2025-08-02,2025,8,3,2,19
5133,2025-08-02,2025,8,3,2,20
5134,2025-08-02,2025,8,3,2,21
5135,2025-08-02,2025,8,3,2,22
5136,2025-08-02,2025,8,3,2,23
5137,2025-08-03,2025,8,3,3,0
5138,2025-08-03,2025,8,3,3,1
5139,2025-08-03,2025,8,3,3,2
5140,2025-08-03,2025,8,3,3,3
5141,2025-08-03,2025,8,3,3,4
5142,2025-08-03,2025,8,3,3,5
5143,2025-08-03,2025,8,3,3,6
5144,2025-08-03,2025,8,3,3,7
5145,2025-08-03,2025,8,3,3,8
5146,2025-08-03,2025,8,3,3,9
5147,2025-08-03,2025,8,3,3,10
5148,2025-08-03,2025,8,3,3,11
5149,2025-08-03,2025,8,3,3,12
5150,2025-08-03,2025,8,3,3,13
5151,2025-08-03,2025,8,3,3,14
5152,2025-08-03,2025,8,3,3,15
5153,2025-08-03,2025,8,3,3,16
5154,2025-08-03,2025,8,3,3,17
5155,2025-08-03,2025,8,3,3,18
5156,2025-08-03,2025,8,3,3,19
5157,2025-08-03,2025,8,3,3,20
5158,2025-08-03,2025,8,3,3,21
5159,2025-08-03,2025,8,3,3,22
5160,2025-08-03,2025,8,3,3,23
5161,2025-08-04,2025,8,3,4,0
5162,2025-08-04,2025,8,3,4,1
5163,2025-08-04,2025,8,3,4,2
5164,2025-08-04,2025,8,3,4,3
5165,2025-08-04,2025,8,3,4,4
5166,2025-08-04,2025,8,3,4,5
5167,2025-08-04,2025,8,3,4,6
5168,2025-08-04,2025,8,3,4,7
5169,2025-08-04,2025,8,3,4,8
5170,2025-08-04,2025,8,3,4,9
5171,2025-08-04,2025,8,3,4,10
5172,2025-08-04,2025,8,3,4,11
5173,2025-08-04,2025,8,3,4,12
5174,2025-08-04,2025,8,3,4,13
5175,2025-08-04,2025,8,3,4,14
5176,2025-08-04,2025,8,3,4,15
5177,2025-08-04,2025,8,3,4,16
5178,2025-08-04,2025,8,3,4,17
5179,2025-08-04,2025,8,3,4,18
5180,2025-08-04,2025,8,3,4,19
5181,2025-08-04,2025,8,3,4,20
5182,2025-08-04,2025,8,3,4,21
5183,2025-08-04,2025,8,3,4,22
5184,2025-08-04,2025,8,3,4,23
5185,2025-08-05,2025,8,3,5,0
5186,2025-08-05,2025,8,3,5,1
5187,2025-08-05,2025,8,3,5,2
5188,2025-08-05,2025,8,3,5,3
5189,2025-08-05,2025,8,3,5,4
5190,2025-08-05,2025,8,3,5,5
5191,2025-08-05,2025,8,3,5,6
5192,2025-08-05,2025,8,3,5,7
5193,2025-08-05,2025,8,3,5,8
5194,2025-08-05,2025,8,3,5,9
5195,2025-08-05,2025,8,3,5,10
5196,2025-08-05,2025,8,3,5,11
5197,2025-08-05,2025,8,3,5,12
5198,2025-08-05,2025,8,3,5,13
5199,2025-08-05,2025,8,3,5,14
5200,2025-08-05,2025,8,3,5,15
5201,2025-08-05,2025,8,3,5,16
5202,2025-08-05,2025,8,3,5,17
5203,2025-08-05,2025,8,3,5,18
5204,2025-08-05,2025,8,3,5,19
5205,2025-08-05,2025,8,3,5,20
5206,2025-08-05,2025,8,3,5,21
5207,2025-08-05,2025,8,3,5,22
5208,2025-08-05,2025,8,3,5,23
5209,2025-08-06,2025,8,3,6,0
5210,2025-08-06,2025,8,3,6,1
5211,2025-08-06,2025,8,3,6,2
5212,2025-08-06,2025,8,3,6,3
5213,2025-08-06,2025,8,3,6,4
5214,2025-08-06,2025,8,3,6,5
5215,2025-08-06,2025,8,3,6,6
5216,2025-08-06,2025,8,3,6,7
5217,2025-08-06,2025,8,3,6,8
5218,2025-08-06,2025,8,3,6,9
5219,2025-08-06,2025,8,3,6,10
5220,2025-08-06,2025,8,3,6,11
5221,2025-08-06,2025,8,3,6,12
5222,2025-08-06,2025,8,3,6,13
5223,2025-08-06,2025,8,3,6,14
5224,2025-08-06,2025,8,3,6,15
5225,2025-08-06,2025,8,3,6,16
5226,2025-08-06,2025,8,3,6,17
5227,2025-08-06,2025,8,3,6,18
5228,2025-08-06,2025,8,3,6,19
5229,2025-08-06,2025,8,3,6,20
5230,2025-08-06,2025,8,3,6,21
5231,2025-08-06,2025,8,3,6,22
5232,2025-08-06,2025,8,3,6,23
5233,2025-08-07,2025,8,3,7,0
5234,2025-08-07,2025,8,3,7,1
5235,2025-08-07,2025,8,3,7,2
5236,2025-08-07,2025,8,3,7,3
5237,2025-08-07,2025,8,3,7,4
5238,2025-08-07,2025,8,3,7,5
5239,2025-08-07,2025,8,3,7,6
5240,2025-08-07,2025,8,3,7,7
5241,2025-08-07,2025,8,3,7,8
5242,2025-08-07,2025,8,3,7,9
5243,2025-08-07,2025,8,3,7,10
5244,2025-08-07,2025,8,3,7,11
5245,2025-08-07,2025,8,3,7,12
5246,2025-08-07,2025,8,3,7,13
5247,2025-08-07,2025,8,3,7,14
5248,2025-08-07,2025,8,3,7,15
5249,2025-08-07,2025,8,3,7,16
5250,2025-08-07,2025,8,3,7,17
5251,2025-08-07,2025,8,3,7,18
5252,2025-08-07,2025,8,3,7,19
5253,2025-08-07,2025,8,3,7,20
5254,2025-08-07,2025,8,3,7,21
5255,2025-08-07,2025,8,3,7,22
5256,2025-08-07,2025,8,3,7,23
5257,2025-08-08,2025,8,3,8,0
5258,2025-08-08,2025,8,3,8,1
5259,2025-08-08,2025,8,3,8,2
5260,2025-08-08,2025,8,3,8,3
5261,2025-08-08,2025,8,3,8,4
5262,2025-08-08,2025,8,3,8,5
5263,2025-08-08,2025,8,3,8,6
5264,2025-08-08,2025,8,3,8,7
5265,2025-08-08,2025,8,3,8,8
5266,2025-08-08,2025,8,3,8,9
5267,2025-08-08,2025,8,3,8,10
5268,2025-08-08,2025,8,3,8,11
5269,2025-08-08,2025,8,3,8,12
5270,2025-08-08,2025,8,3,8,13
5271,2025-08-08,2025,8,3,8,14
5272,2025-08-08,2025,8,3,8,15
5273,2025-08-08,2025,8,3,8,16
5274,2025-08-08,2025,8,3,8,17
5275,2025-08-08,2025,8,3,8,18
5276,2025-08-08,2025,8,3,8,19
5277,2025-08-08,2025,8,3,8,20
5278,2025-08-08,2025,8,3,8,21
5279,2025-08-08,2025,8,3,8,22
5280,2025-08-08,2025,8,3,8,23
5281,2025-08-09,2025,8,3,9,0
5282,2025-08-09,2025,8,3,9,1
5283,2025-08-09,2025,8,3,9,2
5284,2025-08-09,2025,8,3,9,3
5285,2025-08-09,2025,8,3,9,4
5286,2025-08-09,2025,8,3,9,5
5287,2025-08-09,2025,8,3,9,6
5288,2025-08-09,2025,8,3,9,7
5289,2025-08-09,2025,8,3,9,8
5290,2025-08-09,2025,8,3,9,9
5291,2025-08-09,2025,8,3,9,10
5292,2025-08-09,2025,8,3,9,11
5293,2025-08-09,2025,8,3,9,12
5294,2025-08-09,2025,8,3,9,13
5295,2025-08-09,2025,8,3,9,14
5296,2025-08-09,2025,8,3,9,15
5297,2025-08-09,2025,8,3,9,16
5298,2025-08-09,2025,8,3,9,17
5299,2025-08-09,2025,8,3,9,18
5300,2025-08-09,2025,8,3,9,19
5301,2025-08-09,2025,8,3,9,20
5302,2025-08-09,2025,8,3,9,21
5303,2025-08-09,2025,8,3,9,22
5304,2025-08-09,2025,8,3,9,23
5305,2025-08-10,2025,8,3,10,0
5306,2025-08-10,2025,8,3,10,1
5307,2025-08-10,2025,8,3,10,2
5308,2025-08-10,2025,8,3,10,3
5309,2025-08-10,2025,8,3,10,4
5310,2025-08-10,2025,8,3,10,5
5311,2025-08-10,2025,8,3,10,6
5312,2025-08-10,2025,8,3,10,7
5313,2025-08-10,2025,8,3,10,8
5314,2025-08-10,2025,8,3,10,9
5315,2025-08-10,2025,8,3,10,10
5316,2025-08-10,2025,8,3,10,11
5317,2025-08-10,2025,8,3,10,12
5318,2025-08-10,2025,8,3,10,13
5319,2025-08-10,2025,8,3,10,14
5320,2025-08-10,2025,8,3,10,15
5321,2025-08-10,2025,8,3,10,16
5322,2025-08-10,2025,8,3,10,17
5323,2025-08-10,2025,8,3,10,18
5324,2025-08-10,2025,8,3,10,19
5325,2025-08-10,2025,8,3,10,20
5326,2025-08-10,2025,8,3,10,21
5327,2025-08-10,2025,8,3,10,22
5328,2025-08-10,2025,8,3,10,23
5329,2025-08-11,2025,8,3,11,0
5330,2025-08-11,2025,8,3,11,1
5331,2025-08-11,2025,8,3,11,2
5332,2025-08-11,2025,8,3,11,3
5333,2025-08-11,2025,8,3,11,4
5334,2025-08-11,2025,8,3,11,5
5335,2025-08-11,2025,8,3,11,6
5336,2025-08-11,2025,8,3,11,7
5337,2025-08-11,2025,8,3,11,8
5338,2025-08-11,2025,8,3,11,9
5339,2025-08-11,2025,8,3,11,10
5340,2025-08-11,2025,8,3,11,11
5341,2025-08-11,2025,8,3,11,12
5342,2025-08-11,2025,8,3,11,13
5343,2025-08-11,2025,8,3,11,14
5344,2025-08-11,2025,8,3,11,15
5345,2025-08-11,2025,8,3,11,16
5346,2025-08-11,2025,8,3,11,17
5347,2025-08-11,2025,8,3,11,18
5348,2025-08-11,2025,8,3,11,19
5349,2025-08-11,2025,8,3,11,20
5350,2025-08-11,2025,8,3,11,21
5351,2025-08-11,2025,8,3,11,22
5352,2025-08-11,2025,8,3,11,23
5353,2025-08-12,2025,8,3,12,0
5354,2025-08-12,2025,8,3,12,1
5355,2025-08-12,2025,8,3,12,2
5356,2025-08-12,2025,8,3,12,3
5357,2025-08-12,2025,8,3,12,4
5358,2025-08-12,2025,8,3,12,5
5359,2025-08-12,2025,8,3,12,6
5360,2025-08-12,2025,8,3,12,7
5361,2025-08-12,2025,8,3,12,8
5362,2025-08-12,2025,8,3,12,9
5363,2025-08-12,2025,8,3,12,10
5364,2025-08-12,2025,8,3,12,11
5365,2025-08-12,2025,8,3,12,12
5366,2025-08-12,2025,8,3,12,13
5367,2025-08-12,2025,8,3,12,14
5368,2025-08-12,2025,8,3,12,15
5369,2025-08-12,2025,8,3,12,16
5370,2025-08-12,2025,8,3,12,17
5371,2025-08-12,2025,8,3,12,18
5372,2025-08-12,2025,8,3,12,19
5373,2025-08-12,2025,8,3,12,20
5374,2025-08-12,2025,8,3,12,21
5375,2025-08-12,2025,8,3,12,22
5376,2025-08-12,2025,8,3,12,23
5377,2025-08-13,2025,8,3,13,0
5378,2025-08-13,2025,8,3,13,1
5379,2025-08-13,2025,8,3,13,2
5380,2025-08-13,2025,8,3,13,3
5381,2025-08-13,2025,8,3,13,4
5382,2025-08-13,2025,8,3,13,5
5383,2025-08-13,2025,8,3,13,6
5384,2025-08-13,2025,8,3,13,7
5385,2025-08-13,2025,8,3,13,8
5386,2025-08-13,2025,8,3,13,9
5387,2025-08-13,2025,8,3,13,10
5388,2025-08-13,2025,8,3,13,11
5389,2025-08-13,2025,8,3,13,12
5390,2025-08-13,2025,8,3,13,13
5391,2025-08-13,2025,8,3,13,14
5392,2025-08-13,2025,8,3,13,15
5393,2025-08-13,2025,8,3,13,16
5394,2025-08-13,2025,8,3,13,17
5395,2025-08-13,2025,8,3,13,18
5396,2025-08-13,2025,8,3,13,19
5397,2025-08-13,2025,8,3,13,20
5398,2025-08-13,2025,8,3,13,21
5399,2025-08-13,2025,8,3,13,22
5400,2025-08-13,2025,8,3,13,23
5401,2025-08-14,2025,8,3,14,0
5402,2025-08-14,2025,8,3,14,1
5403,2025-08-14,2025,8,3,14,2
5404,2025-08-14,2025,8,3,14,3
5405,2025-08-14,2025,8,3,14,4
5406,2025-08-14,2025,8,3,14,5
5407,2025-08-14,2025,8,3,14,6
5408,2025-08-14,2025,8,3,14,7
5409,2025-08-14,2025,8,3,14,8
5410,2025-08-14,2025,8,3,14,9
5411,2025-08-14,2025,8,3,14,10
5412,2025-08-14,2025,8,3,14,11
5413,2025-08-14,2025,8,3,14,12
5414,2025-08-14,2025,8,3,14,13
5415,2025-08-14,2025,8,3,14,14
5416,2025-08-14,2025,8,3,14,15
5417,2025-08-14,2025,8,3,14,16
5418,2025-08-14,2025,8,3,14,17
5419,2025-08-14,2025,8,3,14,18
5420,2025-08-14,2025,8,3,14,19
5421,2025-08-14,2025,8,3,14,20
5422,2025-08-14,2025,8,3,14,21
5423,2025-08-14,2025,8,3,14,22
5424,2025-08-14,2025,8,3,14,23
5425,2025-08-15,2025,8,3,15,0
5426,2025-08-15,2025,8,3,15,1
5427,2025-08-15,2025,8,3,15,2
5428,2025-08-15,2025,8,3,15,3
5429,2025-08-15,2025,8,3,15,4
5430,2025-08-15,2025,8,3,15,5
5431,2025-08-15,2025,8,3,15,6
5432,2025-08-15,2025,8,3,15,7
5433,2025-08-15,2025,8,3,15,8
5434,2025-08-15,2025,8,3,15,9
5435,2025-08-15,2025,8,3,15,10
5436,2025-08-15,2025,8,3,15,11
5437,2025-08-15,2025,8,3,15,12
5438,2025-08-15,2025,8,3,15,13
5439,2025-08-15,2025,8,3,15,14
5440,2025-08-15,2025,8,3,15,15
5441,2025-08-15,2025,8,3,15,16
5442,2025-08-15,2025,8,3,15,17
5443,2025-08-15,2025,8,3,15,18
5444,2025-08-15,2025,8,3,15,19
5445,2025-08-15,2025,8,3,15,20
5446,2025-08-15,2025,8,3,15,21
5447,2025-08-15,2025,8,3,15,22
5448,2025-08-15,2025,8,3,15,23
5449,2025-08-16,2025,8,3,16,0
5450,2025-08-16,2025,8,3,16,1
5451,2025-08-16,2025,8,3,16,2
5452,2025-08-16,2025,8,3,16,3
5453,2025-08-16,2025,8,3,16,4
5454,2025-08-16,2025,8,3,16,5
5455,2025-08-16,2025,8,3,16,6
5456,2025-08-16,2025,8,3,16,7
5457,2025-08-16,2025,8,3,16,8
5458,2025-08-16,2025,8,3,16,9
5459,2025-08-16,2025,8,3,16,10
5460,2025-08-16,2025,8,3,16,11
5461,2025-08-16,2025,8,3,16,12
5462,2025-08-16,2025,8,3,16,13
5463,2025-08-16,2025,8,3,16,14
5464,2025-08-16,2025,8,3,16,15
5465,2025-08-16,2025,8,3,16,16
5466,2025-08-16,2025,8,3,16,17
5467,2025-08-16,2025,8,3,16,18
5468,2025-08-16,2025,8,3,16,19
5469,2025-08-16,2025,8,3,16,20
5470,2025-08-16,2025,8,3,16,21
5471,2025-08-16,2025,8,3,16,22
5472,2025-08-16,2025,8,3,16,23
5473,2025-08-17,2025,8,3,17,0
5474,2025-08-17,2025,8,3,17,1
5475,2025-08-17,2025,8,3,17,2
5476,2025-08-17,2025,8,3,17,3
5477,2025-08-17,2025,8,3,17,4
5478,2025-08-17,2025,8,3,17,5
5479,2025-08-17,2025,8,3,17,6
5480,2025-08-17,2025,8,3,17,7
5481,2025-08-17,2025,8,3,17,8
5482,2025-08-17,2025,8,3,17,9
5483,2025-08-17,2025,8,3,17,10
5484,2025-08-17,2025,8,3,17,11
5485,2025-08-17,2025,8,3,17,12
5486,2025-08-17,2025,8,3,17,13
5487,2025-08-17,2025,8,3,17,14
5488,2025-08-17,2025,8,3,17,15
5489,2025-08-17,2025,8,3,17,16
5490,2025-08-17,2025,8,3,17,17
5491,2025-08-17,2025,8,3,17,18
5492,2025-08-17,2025,8,3,17,19
5493,2025-08-17,2025,8,3,17,20
5494,2025-08-17,2025,8,3,17,21
5495,2025-08-17,2025,8,3,17,22
5496,2025-08-17,2025,8,3,17,23
5497,2025-08-18,2025,8,3,18,0
5498,2025-08-18,2025,8,3,18,1
5499,2025-08-18,2025,8,3,18,2
5500,2025-08-18,2025,8,3,18,3
5501,2025-08-18,2025,8,3,18,4
5502,2025-08-18,2025,8,3,18,5
5503,2025-08-18,2025,8,3,18,6
5504,2025-08-18,2025,8,3,18,7
5505,2025-08-18,2025,8,3,18,8
5506,2025-08-18,2025,8,3,18,9
5507,2025-08-18,2025,8,3,18,10
5508,2025-08-18,2025,8,3,18,11
5509,2025-08-18,2025,8,3,18,12
5510,2025-08-18,2025,8,3,18,13
5511,2025-08-18,2025,8,3,18,14
5512,2025-08-18,2025,8,3,18,15
5513,2025-08-18,2025,8,3,18,16
5514,2025-08-18,2025,8,3,18,17
5515,2025-08-18,2025,8,3,18,18
5516,2025-08-18,2025,8,3,18,19
5517,2025-08-18,2025,8,3,18,20
5518,2025-08-18,2025,8,3,18,21
5519,2025-08-18,2025,8,3,18,22
5520,2025-08-18,2025,8,3,18,23
5521,2025-08-19,2025,8,3,19,0
5522,2025-08-19,2025,8,3,19,1
5523,2025-08-19,2025,8,3,19,2
5524,2025-08-19,2025,8,3,19,3
5525,2025-08-19,2025,8,3,19,4
5526,2025-08-19,2025,8,3,19,5
5527,2025-08-19,2025,8,3,19,6
5528,2025-08-19,2025,8,3,19,7
5529,2025-08-19,2025,8,3,19,8
5530,2025-08-19,2025,8,3,19,9
5531,2025-08-19,2025,8,3,19,10
5532,2025-08-19,2025,8,3,19,11
5533,2025-08-19,2025,8,3,19,12
5534,2025-08-19,2025,8,3,19,13
5535,2025-08-19,2025,8,3,19,14
5536,2025-08-19,2025,8,3,19,15
5537,2025-08-19,2025,8,3,19,16
5538,2025-08-19,2025,8,3,19,17
5539,2025-08-19,2025,8,3,19,18
5540,2025-08-19,2025,8,3,19,19
5541,2025-08-19,2025,8,3,19,20
5542,2025-08-19,2025,8,3,19,21
5543,2025-08-19,2025,8,3,19,22
5544,2025-08-19,2025,8,3,19,23
5545,2025-08-20,2025,8,3,20,0
5546,2025-08-20,2025,8,3,20,1
5547,2025-08-20,2025,8,3,20,2
5548,2025-08-20,2025,8,3,20,3
5549,2025-08-20,2025,8,3,20,4
5550,2025-08-20,2025,8,3,20,5
5551,2025-08-20,2025,8,3,20,6
5552,2025-08-20,2025,8,3,20,7
5553,2025-08-20,2025,8,3,20,8
5554,2025-08-20,2025,8,3,20,9
5555,2025-08-20,2025,8,3,20,10
5556,2025-08-20,2025,8,3,20,11
5557,2025-08-20,2025,8,3,20,12
5558,2025-08-20,2025,8,3,20,13
5559,2025-08-20,2025,8,3,20,14
5560,2025-08-20,2025,8,3,20,15
5561,2025-08-20,2025,8,3,20,16
5562,2025-08-20,2025,8,3,20,17
5563,2025-08-20,2025,8,3,20,18
5564,2025-08-20,2025,8,3,20,19
5565,2025-08-20,2025,8,3,20,20
5566,2025-08-20,2025,8,3,20,21
5567,2025-08-20,2025,8,3,20,22
5568,2025-08-20,2025,8,3,20,23
5569,2025-08-21,2025,8,3,21,0
5570,2025-08-21,2025,8,3,21,1
5571,2025-08-21,2025,8,3,21,2
5572,2025-08-21,2025,8,3,21,3
5573,2025-08-21,2025,8,3,21,4
5574,2025-08-21,2025,8,3,21,5
5575,2025-08-21,2025,8,3,21,6
5576,2025-08-21,2025,8,3,21,7
5577,2025-08-21,2025,8,3,21,8
5578,2025-08-21,2025,8,3,21,9
5579,2025-08-21,2025,8,3,21,10
5580,2025-08-21,2025,8,3,21,11
5581,2025-08-21,2025,8,3,21,12
5582,2025-08-21,2025,8,3,21,13
5583,2025-08-21,2025,8,3,21,14
5584,2025-08-21,2025,8,3,21,15
5585,2025-08-21,2025,8,3,21,16
5586,2025-08-21,2025,8,3,21,17
5587,2025-08-21,2025,8,3,21,18
5588,2025-08-21,2025,8,3,21,19
5589,2025-08-21,2025,8,3,21,20
5590,2025-08-21,2025,8,3,21,21
5591,2025-08-21,2025,8,3,21,22
5592,2025-08-21,2025,8,3,21,23
5593,2025-08-22,2025,8,3,22,0
5594,2025-08-22,2025,8,3,22,1
5595,2025-08-22,2025,8,3,22,2
5596,2025-08-22,2025,8,3,22,3
5597,2025-08-22,2025,8,3,22,4
5598,2025-08-22,2025,8,3,22,5
5599,2025-08-22,2025,8,3,22,6
5600,2025-08-22,2025,8,3,22,7
5601,2025-08-22,2025,8,3,22,8
5602,2025-08-22,2025,8,3,22,9
5603,2025-08-22,2025,8,3,22,10
5604,2025-08-22,2025,8,3,22,11
5605,2025-08-22,2025,8,3,22,12
5606,2025-08-22,2025,8,3,22,13
5607,2025-08-22,2025,8,3,22,14
5608,2025-08-22,2025,8,3,22,15
5609,2025-08-22,2025,8,3,22,16
5610,2025-08-22,2025,8,3,22,17
5611,2025-08-22,2025,8,3,22,18
5612,2025-08-22,2025,8,3,22,19
5613,2025-08-22,2025,8,3,22,20
5614,2025-08-22,2025,8,3,22,21
5615,2025-08-22,2025,8,3,22,22
5616,2025-08-22,2025,8,3,22,23
5617,2025-08-23,2025,8,3,23,0
5618,2025-08-23,2025,8,3,23,1
5619,2025-08-23,2025,8,3,23,2
5620,2025-08-23,2025,8,3,23,3
5621,2025-08-23,2025,8,3,23,4
5622,2025-08-23,2025,8,3,23,5
5623,2025-08-23,2025,8,3,23,6
5624,2025-08-23,2025,8,3,23,7
5625,2025-08-23,2025,8,3,23,8
5626,2025-08-23,2025,8,3,23,9
5627,2025-08-23,2025,8,3,23,10
5628,2025-08-23,2025,8,3,23,11
5629,2025-08-23,2025,8,3,23,12
5630,2025-08-23,2025,8,3,23,13
5631,2025-08-23,2025,8,3,23,14
5632,2025-08-23,2025,8,3,23,15
5633,2025-08-23,2025,8,3,23,16
5634,2025-08-23,2025,8,3,23,17
5635,2025-08-23,2025,8,3,23,18
5636,2025-08-23,2025,8,3,23,19
5637,2025-08-23,2025,8,3,23,20
5638,2025-08-23,2025,8,3,23,21
5639,2025-08-23,2025,8,3,23,22
5640,2025-08-23,2025,8,3,23,23
5641,2025-08-24,2025,8,3,24,0
5642,2025-08-24,2025,8,3,24,1
5643,2025-08-24,2025,8,3,24,2
5644,2025-08-24,2025,8,3,24,3
5645,2025-08-24,2025,8,3,24,4
5646,2025-08-24,2025,8,3,24,5
5647,2025-08-24,2025,8,3,24,6
5648,2025-08-24,2025,8,3,24,7
5649,2025-08-24,2025,8,3,24,8
5650,2025-08-24,2025,8,3,24,9
5651,2025-08-24,2025,8,3,24,10
5652,2025-08-24,2025,8,3,24,11
5653,2025-08-24,2025,8,3,24,12
5654,2025-08-24,2025,8,3,24,13
5655,2025-08-24,2025,8,3,24,14
5656,2025-08-24,2025,8,3,24,15
5657,2025-08-24,2025,8,3,24,16
5658,2025-08-24,2025,8,3,24,17
5659,2025-08-24,2025,8,3,24,18
5660,2025-08-24,2025,8,3,24,19
5661,2025-08-24,2025,8,3,24,20
5662,2025-08-24,2025,8,3,24,21
5663,2025-08-24,2025,8,3,24,22
5664,2025-08-24,2025,8,3,24,23
5665,2025-08-25,2025,8,3,25,0
5666,2025-08-25,2025,8,3,25,1
5667,2025-08-25,2025,8,3,25,2
5668,2025-08-25,2025,8,3,25,3
5669,2025-08-25,2025,8,3,25,4
5670,2025-08-25,2025,8,3,25,5
5671,2025-08-25,2025,8,3,25,6
5672,2025-08-25,2025,8,3,25,7
5673,2025-08-25,2025,8,3,25,8
5674,2025-08-25,2025,8,3,25,9
5675,2025-08-25,2025,8,3,25,10
5676,2025-08-25,2025,8,3,25,11
5677,2025-08-25,2025,8,3,25,12
5678,2025-08-25,2025,8,3,25,13
5679,2025-08-25,2025,8,3,25,14
5680,2025-08-25,2025,8,3,25,15
5681,2025-08-25,2025,8,3,25,16
5682,2025-08-25,2025,8,3,25,17
5683,2025-08-25,2025,8,3,25,18
5684,2025-08-25,2025,8,3,25,19
5685,2025-08-25,2025,8,3,25,20
5686,2025-08-25,2025,8,3,25,21
5687,2025-08-25,2025,8,3,25,22
5688,2025-08-25,2025,8,3,25,23
5689,2025-08-26,2025,8,3,26,0
5690,2025-08-26,2025,8,3,26,1
5691,2025-08-26,2025,8,3,26,2
5692,2025-08-26,2025,8,3,26,3
5693,2025-08-26,2025,8,3,26,4
5694,2025-08-26,2025,8,3,26,5
5695,2025-08-26,2025,8,3,26,6
5696,2025-08-26,2025,8,3,26,7
5697,2025-08-26,2025,8,3,26,8
5698,2025-08-26,2025,8,3,26,9
5699,2025-08-26,2025,8,3,26,10
5700,2025-08-26,2025,8,3,26,11
5701,2025-08-26,2025,8,3,26,12
5702,2025-08-26,2025,8,3,26,13
5703,2025-08-26,2025,8,3,26,14
5704,2025-08-26,2025,8,3,26,15
5705,2025-08-26,2025,8,3,26,16
5706,2025-08-26,2025,8,3,26,17
5707,2025-08-26,2025,8,3,26,18
5708,2025-08-26,2025,8,3,26,19
5709,2025-08-26,2025,8,3,26,20
5710,2025-08-26,2025,8,3,26,21
5711,2025-08-26,2025,8,3,26,22
5712,2025-08-26,2025,8,3,26,23
5713,2025-08-27,2025,8,3,27,0
5714,2025-08-27,2025,8,3,27,1
5715,2025-08-27,2025,8,3,27,2
5716,2025-08-27,2025,8,3,27,3
5717,2025-08-27,2025,8,3,27,4
5718,2025-08-27,2025,8,3,27,5
5719,2025-08-27,2025,8,3,27,6
5720,2025-08-27,2025,8,3,27,7
5721,2025-08-27,2025,8,3,27,8
5722,2025-08-27,2025,8,3,27,9
5723,2025-08-27,2025,8,3,27,10
5724,2025-08-27,2025,8,3,27,11
5725,2025-08-27,2025,8,3,27,12
5726,2025-08-27,2025,8,3,27,13
5727,2025-08-27,2025,8,3,27,14
5728,2025-08-27,2025,8,3,27,15
5729,2025-08-27,2025,8,3,27,16
5730,2025-08-27,2025,8,3,27,17
5731,2025-08-27,2025,8,3,27,18
5732,2025-08-27,2025,8,3,27,19
5733,2025-08-27,2025,8,3,27,20
5734,2025-08-27,2025,8,3,27,21
5735,2025-08-27,2025,8,3,27,22
5736,2025-08-27,2025,8,3,27,23
5737,2025-08-28,2025,8,3,28,0
5738,2025-08-28,2025,8,3,28,1
5739,2025-08-28,2025,8,3,28,2
5740,2025-08-28,2025,8,3,28,3
5741,2025-08-28,2025,8,3,28,4
5742,2025-08-28,2025,8,3,28,5
5743,2025-08-28,2025,8,3,28,6
5744,2025-08-28,2025,8,3,28,7
5745,2025-08-28,2025,8,3,28,8
5746,2025-08-28,2025,8,3,28,9
5747,2025-08-28,2025,8,3,28,10
5748,2025-08-28,2025,8,3,28,11
5749,2025-08-28,2025,8,3,28,12
5750,2025-08-28,2025,8,3,28,13
5751,2025-08-28,2025,8,3,28,14
5752,2025-08-28,2025,8,3,28,15
5753,2025-08-28,2025,8,3,28,16
5754,2025-08-28,2025,8,3,28,17
5755,2025-08-28,2025,8,3,28,18
5756,2025-08-28,2025,8,3,28,19
5757,2025-08-28,2025,8,3,28,20
5758,2025-08-28,2025,8,3,28,21
5759,2025-08-28,2025,8,3,28,22
5760,2025-08-28,2025,8,3,28,23
5761,2025-08-29,2025,8,3,29,0
5762,2025-08-29,2025,8,3,29,1
5763,2025-08-29,2025,8,3,29,2
5764,2025-08-29,2025,8,3,29,3
5765,2025-08-29,2025,8,3,29,4
5766,2025-08-29,2025,8,3,29,5
5767,2025-08-29,2025,8,3,29,6
5768,2025-08-29,2025,8,3,29,7
5769,2025-08-29,2025,8,3,29,8
5770,2025-08-29,2025,8,3,29,9
5771,2025-08-29,2025,8,3,29,10
5772,2025-08-29,2025,8,3,29,11
5773,2025-08-29,2025,8,3,29,12
5774,2025-08-29,2025,8,3,29,13
5775,2025-08-29,2025,8,3,29,14
5776,2025-08-29,2025,8,3,29,15
5777,2025-08-29,2025,8,3,29,16
5778,2025-08-29,2025,8,3,29,17
5779,2025-08-29,2025,8,3,29,18
5780,2025-08-29,2025,8,3,29,19
5781,2025-08-29,2025,8,3,29,20
5782,2025-08-29,2025,8,3,29,21
5783,2025-08-29,2025,8,3,29,22
5784,2025-08-29,2025,8,3,29,23
5785,2025-08-30,2025,8,3,30,0
5786,2025-08-30,2025,8,3,30,1
5787,2025-08-30,2025,8,3,30,2
5788,2025-08-30,2025,8,3,30,3
5789,2025-08-30,2025,8,3,30,4
5790,2025-08-30,2025,8,3,30,5
5791,2025-08-30,2025,8,3,30,6
5792,2025-08-30,2025,8,3,30,7
5793,2025-08-30,2025,8,3,30,8
5794,2025-08-30,2025,8,3,30,9
5795,2025-08-30,2025,8,3,30,10
5796,2025-08-30,2025,8,3,30,11
5797,2025-08-30,2025,8,3,30,12
5798,2025-08-30,2025,8,3,30,13
5799,2025-08-30,2025,8,3,30,14
5800,2025-08-30,2025,8,3,30,15
5801,2025-08-30,2025,8,3,30,16
5802,2025-08-30,2025,8,3,30,17
5803,2025-08-30,2025,8,3,30,18
5804,2025-08-30,2025,8,3,30,19
5805,2025-08-30,2025,8,3,30,20
5806,2025-08-30,2025,8,3,30,21
5807,2025-08-30,2025,8,3,30,22
5808,2025-08-30,2025,8,3,30,23
5809,2025-08-31,2025,8,3,31,0
5810,2025-08-31,2025,8,3,31,1
5811,2025-08-31,2025,8,3,31,2
5812,2025-08-31,2025,8,3,31,3
5813,2025-08-31,2025,8,3,31,4
5814,2025-08-31,2025,8,3,31,5
5815,2025-08-31,2025,8,3,31,6
5816,2025-08-31,2025,8,3,31,7
5817,2025-08-31,2025,8,3,31,8
5818,2025-08-31,2025,8,3,31,9
5819,2025-08-31,2025,8,3,31,10
5820,2025-08-31,2025,8,3,31,11
5821,2025-08-31,2025,8,3,31,12
5822,2025-08-31,2025,8,3,31,13
5823,2025-08-31,2025,8,3,31,14
5824,2025-08-31,2025,8,3,31,15
5825,2025-08-31,2025,8,3,31,16
5826,2025-08-31,2025,8,3,31,17
5827,2025-08-31,2025,8,3,31,18
5828,2025-08-31,2025,8,3,31,19
5829,2025-08-31,2025,8,3,31,20
5830,2025-08-31,2025,8,3,31,21
5831,2025-08-31,2025,8,3,31,22
5832,2025-08-31,2025,8,3,31,23
5833,2025-09-01,2025,9,3,1,0
5834,2025-09-01,2025,9,3,1,1
5835,2025-09-01,2025,9,3,1,2
5836,2025-09-01,2025,9,3,1,3
5837,2025-09-01,2025,9,3,1,4
5838,2025-09-01,2025,9,3,1,5
5839,2025-09-01,2025,9,3,1,6
5840,2025-09-01,2025,9,3,1,7
5841,2025-09-01,2025,9,3,1,8
5842,2025-09-01,2025,9,3,1,9
5843,2025-09-01,2025,9,3,1,10
5844,2025-09-01,2025,9,3,1,11
5845,2025-09-01,2025,9,3,1,12
5846,2025-09-01,2025,9,3,1,13
5847,2025-09-01,2025,9,3,1,14
5848,2025-09-01,2025,9,3,1,15
5849,2025-09-01,2025,9,3,1,16
5850,2025-09-01,2025,9,3,1,17
5851,2025-09-01,2025,9,3,1,18
5852,2025-09-01,2025,9,3,1,19
5853,2025-09-01,2025,9,3,1,20
5854,2025-09-01,2025,9,3,1,21
5855,2025-09-01,2025,9,3,1,22
5856,2025-09-01,2025,9,3,1,23
5857,2025-09-02,2025,9,3,2,0
5858,2025-09-02,2025,9,3,2,1
5859,2025-09-02,2025,9,3,2,2
5860,2025-09-02,2025,9,3,2,3
5861,2025-09-02,2025,9,3,2,4
5862,2025-09-02,2025,9,3,2,5
5863,2025-09-02,2025,9,3,2,6
5864,2025-09-02,2025,9,3,2,7
5865,2025-09-02,2025,9,3,2,8
5866,2025-09-02,2025,9,3,2,9
5867,2025-09-02,2025,9,3,2,10
5868,2025-09-02,2025,9,3,2,11
5869,2025-09-02,2025,9,3,2,12
5870,2025-09-02,2025,9,3,2,13
5871,2025-09-02,2025,9,3,2,14
5872,2025-09-02,2025,9,3,2,15
5873,2025-09-02,2025,9,3,2,16
5874,2025-09-02,2025,9,3,2,17
5875,2025-09-02,2025,9,3,2,18
5876,2025-09-02,2025,9,3,2,19
5877,2025-09-02,2025,9,3,2,20
5878,2025-09-02,2025,9,3,2,21
5879,2025-09-02,2025,9,3,2,22
5880,2025-09-02,2025,9,3,2,23
5881,2025-09-03,2025,9,3,3,0
5882,2025-09-03,2025,9,3,3,1
5883,2025-09-03,2025,9,3,3,2
5884,2025-09-03,2025,9,3,3,3
5885,2025-09-03,2025,9,3,3,4
5886,2025-09-03,2025,9,3,3,5
5887,2025-09-03,2025,9,3,3,6
5888,2025-09-03,2025,9,3,3,7
5889,2025-09-03,2025,9,3,3,8
5890,2025-09-03,2025,9,3,3,9
5891,2025-09-03,2025,9,3,3,10
5892,2025-09-03,2025,9,3,3,11
5893,2025-09-03,2025,9,3,3,12
5894,2025-09-03,2025,9,3,3,13
5895,2025-09-03,2025,9,3,3,14
5896,2025-09-03,2025,9,3,3,15
5897,2025-09-03,2025,9,3,3,16
5898,2025-09-03,2025,9,3,3,17
5899,2025-09-03,2025,9,3,3,18
5900,2025-09-03,2025,9,3,3,19
5901,2025-09-03,2025,9,3,3,20
5902,2025-09-03,2025,9,3,3,21
5903,2025-09-03,2025,9,3,3,22
5904,2025-09-03,2025,9,3,3,23
5905,2025-09-04,2025,9,3,4,0
5906,2025-09-04,2025,9,3,4,1
5907,2025-09-04,2025,9,3,4,2
5908,2025-09-04,2025,9,3,4,3
5909,2025-09-04,2025,9,3,4,4
5910,2025-09-04,2025,9,3,4,5
5911,2025-09-04,2025,9,3,4,6
5912,2025-09-04,2025,9,3,4,7
5913,2025-09-04,2025,9,3,4,8
5914,2025-09-04,2025,9,3,4,9
5915,2025-09-04,2025,9,3,4,10
5916,2025-09-04,2025,9,3,4,11
5917,2025-09-04,2025,9,3,4,12
5918,2025-09-04,2025,9,3,4,13
5919,2025-09-04,2025,9,3,4,14
5920,2025-09-04,2025,9,3,4,15
5921,2025-09-04,2025,9,3,4,16
5922,2025-09-04,2025,9,3,4,17
5923,2025-09-04,2025,9,3,4,18
5924,2025-09-04,2025,9,3,4,19
5925,2025-09-04,2025,9,3,4,20
5926,2025-09-04,2025,9,3,4,21
5927,2025-09-04,2025,9,3,4,22
5928,2025-09-04,2025,9,3,4,23
5929,2025-09-05,2025,9,3,5,0
5930,2025-09-05,2025,9,3,5,1
5931,2025-09-05,2025,9,3,5,2
5932,2025-09-05,2025,9,3,5,3
5933,2025-09-05,2025,9,3,5,4
5934,2025-09-05,2025,9,3,5,5
5935,2025-09-05,2025,9,3,5,6
5936,2025-09-05,2025,9,3,5,7
5937,2025-09-05,2025,9,3,5,8
5938,2025-09-05,2025,9,3,5,9
5939,2025-09-05,2025,9,3,5,10
5940,2025-09-05,2025,9,3,5,11
5941,2025-09-05,2025,9,3,5,12
5942,2025-09-05,2025,9,3,5,13
5943,2025-09-05,2025,9,3,5,14
5944,2025-09-05,2025,9,3,5,15
5945,2025-09-05,2025,9,3,5,16
5946,2025-09-05,2025,9,3,5,17
5947,2025-09-05,2025,9,3,5,18
5948,2025-09-05,2025,9,3,5,19
5949,2025-09-05,2025,9,3,5,20
5950,2025-09-05,2025,9,3,5,21
5951,2025-09-05,2025,9,3,5,22
5952,2025-09-05,2025,9,3,5,23
5953,2025-09-06,2025,9,3,6,0
5954,2025-09-06,2025,9,3,6,1
5955,2025-09-06,2025,9,3,6,2
5956,2025-09-06,2025,9,3,6,3
5957,2025-09-06,2025,9,3,6,4
5958,2025-09-06,2025,9,3,6,5
5959,2025-09-06,2025,9,3,6,6
5960,2025-09-06,2025,9,3,6,7
5961,2025-09-06,2025,9,3,6,8
5962,2025-09-06,2025,9,3,6,9
5963,2025-09-06,2025,9,3,6,10
5964,2025-09-06,2025,9,3,6,11
5965,2025-09-06,2025,9,3,6,12
5966,2025-09-06,2025,9,3,6,13
5967,2025-09-06,2025,9,3,6,14
5968,2025-09-06,2025,9,3,6,15
5969,2025-09-06,2025,9,3,6,16
5970,2025-09-06,2025,9,3,6,17
5971,2025-09-06,2025,9,3,6,18
5972,2025-09-06,2025,9,3,6,19
5973,2025-09-06,2025,9,3,6,20
5974,2025-09-06,2025,9,3,6,21
5975,2025-09-06,2025,9,3,6,22
5976,2025-09-06,2025,9,3,6,23
5977,2025-09-07,2025,9,3,7,0
5978,2025-09-07,2025,9,3,7,1
5979,2025-09-07,2025,9,3,7,2
5980,2025-09-07,2025,9,3,7,3
5981,2025-09-07,2025,9,3,7,4
5982,2025-09-07,2025,9,3,7,5
5983,2025-09-07,2025,9,3,7,6
5984,2025-09-07,2025,9,3,7,7
5985,2025-09-07,2025,9,3,7,8
5986,2025-09-07,2025,9,3,7,9
5987,2025-09-07,2025,9,3,7,10
5988,2025-09-07,2025,9,3,7,11
5989,2025-09-07,2025,9,3,7,12
5990,2025-09-07,2025,9,3,7,13
5991,2025-09-07,2025,9,3,7,14
5992,2025-09-07,2025,9,3,7,15
5993,2025-09-07,2025,9,3,7,16
5994,2025-09-07,2025,9,3,7,17
5995,2025-09-07,2025,9,3,7,18
5996,2025-09-07,2025,9,3,7,19
5997,2025-09-07,2025,9,3,7,20
5998,2025-09-07,2025,9,3,7,21
5999,2025-09-07,2025,9,3,7,22
6000,2025-09-07,2025,9,3,7,23
6001,2025-09-08,2025,9,3,8,0
6002,2025-09-08,2025,9,3,8,1
6003,2025-09-08,2025,9,3,8,2
6004,2025-09-08,2025,9,3,8,3
6005,2025-09-08,2025,9,3,8,4
6006,2025-09-08,2025,9,3,8,5
6007,2025-09-08,2025,9,3,8,6
6008,2025-09-08,2025,9,3,8,7
6009,2025-09-08,2025,9,3,8,8
6010,2025-09-08,2025,9,3,8,9
6011,2025-09-08,2025,9,3,8,10
6012,2025-09-08,2025,9,3,8,11
6013,2025-09-08,2025,9,3,8,12
6014,2025-09-08,2025,9,3,8,13
6015,2025-09-08,2025,9,3,8,14
6016,2025-09-08,2025,9,3,8,15
6017,2025-09-08,2025,9,3,8,16
6018,2025-09-08,2025,9,3,8,17
6019,2025-09-08,2025,9,3,8,18
6020,2025-09-08,2025,9,3,8,19
6021,2025-09-08,2025,9,3,8,20
6022,2025-09-08,2025,9,3,8,21
6023,2025-09-08,2025,9,3,8,22
6024,2025-09-08,2025,9,3,8,23
6025,2025-09-09,2025,9,3,9,0
6026,2025-09-09,2025,9,3,9,1
6027,2025-09-09,2025,9,3,9,2
6028,2025-09-09,2025,9,3,9,3
6029,2025-09-09,2025,9,3,9,4
6030,2025-09-09,2025,9,3,9,5
6031,2025-09-09,2025,9,3,9,6
6032,2025-09-09,2025,9,3,9,7
6033,2025-09-09,2025,9,3,9,8
6034,2025-09-09,2025,9,3,9,9
6035,2025-09-09,2025,9,3,9,10
6036,2025-09-09,2025,9,3,9,11
6037,2025-09-09,2025,9,3,9,12
6038,2025-09-09,2025,9,3,9,13
6039,2025-09-09,2025,9,3,9,14
6040,2025-09-09,2025,9,3,9,15
6041,2025-09-09,2025,9,3,9,16
6042,2025-09-09,2025,9,3,9,17
6043,2025-09-09,2025,9,3,9,18
6044,2025-09-09,2025,9,3,9,19
6045,2025-09-09,2025,9,3,9,20
6046,2025-09-09,2025,9,3,9,21
6047,2025-09-09,2025,9,3,9,22
6048,2025-09-09,2025,9,3,9,23
6049,2025-09-10,2025,9,3,10,0
6050,2025-09-10,2025,9,3,10,1
6051,2025-09-10,2025,9,3,10,2
6052,2025-09-10,2025,9,3,10,3
6053,2025-09-10,2025,9,3,10,4
6054,2025-09-10,2025,9,3,10,5
6055,2025-09-10,2025,9,3,10,6
6056,2025-09-10,2025,9,3,10,7
6057,2025-09-10,2025,9,3,10,8
6058,2025-09-10,2025,9,3,10,9
6059,2025-09-10,2025,9,3,10,10
6060,2025-09-10,2025,9,3,10,11
6061,2025-09-10,2025,9,3,10,12
6062,2025-09-10,2025,9,3,10,13
6063,2025-09-10,2025,9,3,10,14
6064,2025-09-10,2025,9,3,10,15
6065,2025-09-10,2025,9,3,10,16
6066,2025-09-10,2025,9,3,10,17
6067,2025-09-10,2025,9,3,10,18
6068,2025-09-10,2025,9,3,10,19
6069,2025-09-10,2025,9,3,10,20
6070,2025-09-10,2025,9,3,10,21
6071,2025-09-10,2025,9,3,10,22
6072,2025-09-10,2025,9,3,10,23
6073,2025-09-11,2025,9,3,11,0
6074,2025-09-11,2025,9,3,11,1
6075,2025-09-11,2025,9,3,11,2
6076,2025-09-11,2025,9,3,11,3
6077,2025-09-11,2025,9,3,11,4
6078,2025-09-11,2025,9,3,11,5
6079,2025-09-11,2025,9,3,11,6
6080,2025-09-11,2025,9,3,11,7
6081,2025-09-11,2025,9,3,11,8
6082,2025-09-11,2025,9,3,11,9
6083,2025-09-11,2025,9,3,11,10
6084,2025-09-11,2025,9,3,11,11
6085,2025-09-11,2025,9,3,11,12
6086,2025-09-11,2025,9,3,11,13
6087,2025-09-11,2025,9,3,11,14
6088,2025-09-11,2025,9,3,11,15
6089,2025-09-11,2025,9,3,11,16
6090,2025-09-11,2025,9,3,11,17
6091,2025-09-11,2025,9,3,11,18
6092,2025-09-11,2025,9,3,11,19
6093,2025-09-11,2025,9,3,11,20
6094,2025-09-11,2025,9,3,11,21
6095,2025-09-11,2025,9,3,11,22
6096,2025-09-11,2025,9,3,11,23
6097,2025-09-12,2025,9,3,12,0
6098,2025-09-12,2025,9,3,12,1
6099,2025-09-12,2025,9,3,12,2
6100,2025-09-12,2025,9,3,12,3
6101,2025-09-12,2025,9,3,12,4
6102,2025-09-12,2025,9,3,12,5
6103,2025-09-12,2025,9,3,12,6
6104,2025-09-12,2025,9,3,12,7
6105,2025-09-12,2025,9,3,12,8
6106,2025-09-12,2025,9,3,12,9
6107,2025-09-12,2025,9,3,12,10
6108,2025-09-12,2025,9,3,12,11
6109,2025-09-12,2025,9,3,12,12
6110,2025-09-12,2025,9,3,12,13
6111,2025-09-12,2025,9,3,12,14
6112,2025-09-12,2025,9,3,12,15
6113,2025-09-12,2025,9,3,12,16
6114,2025-09-12,2025,9,3,12,17
6115,2025-09-12,2025,9,3,12,18
6116,2025-09-12,2025,9,3,12,19
6117,2025-09-12,2025,9,3,12,20
6118,2025-09-12,2025,9,3,12,21
6119,2025-09-12,2025,9,3,12,22
6120,2025-09-12,2025,9,3,12,23
6121,2025-09-13,2025,9,3,13,0
6122,2025-09-13,2025,9,3,13,1
6123,2025-09-13,2025,9,3,13,2
6124,2025-09-13,2025,9,3,13,3
6125,2025-09-13,2025,9,3,13,4
6126,2025-09-13,2025,9,3,13,5
6127,2025-09-13,2025,9,3,13,6
6128,2025-09-13,2025,9,3,13,7
6129,2025-09-13,2025,9,3,13,8
6130,2025-09-13,2025,9,3,13,9
6131,2025-09-13,2025,9,3,13,10
6132,2025-09-13,2025,9,3,13,11
6133,2025-09-13,2025,9,3,13,12
6134,2025-09-13,2025,9,3,13,13
6135,2025-09-13,2025,9,3,13,14
6136,2025-09-13,2025,9,3,13,15
6137,2025-09-13,2025,9,3,13,16
6138,2025-09-13,2025,9,3,13,17
6139,2025-09-13,2025,9,3,13,18
6140,2025-09-13,2025,9,3,13,19
6141,2025-09-13,2025,9,3,13,20
6142,2025-09-13,2025,9,3,13,21
6143,2025-09-13,2025,9,3,13,22
6144,2025-09-13,2025,9,3,13,23
6145,2025-09-14,2025,9,3,14,0
6146,2025-09-14,2025,9,3,14,1
6147,2025-09-14,2025,9,3,14,2
6148,2025-09-14,2025,9,3,14,3
6149,2025-09-14,2025,9,3,14,4
6150,2025-09-14,2025,9,3,14,5
6151,2025-09-14,2025,9,3,14,6
6152,2025-09-14,2025,9,3,14,7
6153,2025-09-14,2025,9,3,14,8
6154,2025-09-14,2025,9,3,14,9
6155,2025-09-14,2025,9,3,14,10
6156,2025-09-14,2025,9,3,14,11
6157,2025-09-14,2025,9,3,14,12
6158,2025-09-14,2025,9,3,14,13
6159,2025-09-14,2025,9,3,14,14
6160,2025-09-14,2025,9,3,14,15
6161,2025-09-14,2025,9,3,14,16
6162,2025-09-14,2025,9,3,14,17
6163,2025-09-14,2025,9,3,14,18
6164,2025-09-14,2025,9,3,14,19
6165,2025-09-14,2025,9,3,14,20
6166,2025-09-14,2025,9,3,14,21
6167,2025-09-14,2025,9,3,14,22
6168,2025-09-14,2025,9,3,14,23
6169,2025-09-15,2025,9,3,15,0
6170,2025-09-15,2025,9,3,15,1
6171,2025-09-15,2025,9,3,15,2
6172,2025-09-15,2025,9,3,15,3
6173,2025-09-15,2025,9,3,15,4
6174,2025-09-15,2025,9,3,15,5
6175,2025-09-15,2025,9,3,15,6
6176,2025-09-15,2025,9,3,15,7
6177,2025-09-15,2025,9,3,15,8
6178,2025-09-15,2025,9,3,15,9
6179,2025-09-15,2025,9,3,15,10
6180,2025-09-15,2025,9,3,15,11
6181,2025-09-15,2025,9,3,15,12
6182,2025-09-15,2025,9,3,15,13
6183,2025-09-15,2025,9,3,15,14
6184,2025-09-15,2025,9,3,15,15
6185,2025-09-15,2025,9,3,15,16
6186,2025-09-15,2025,9,3,15,17
6187,2025-09-15,2025,9,3,15,18
6188,2025-09-15,2025,9,3,15,19
6189,2025-09-15,2025,9,3,15,20
6190,2025-09-15,2025,9,3,15,21
6191,2025-09-15,2025,9,3,15,22
6192,2025-09-15,2025,9,3,15,23
6193,2025-09-16,2025,9,3,16,0
6194,2025-09-16,2025,9,3,16,1
6195,2025-09-16,2025,9,3,16,2
6196,2025-09-16,2025,9,3,16,3
6197,2025-09-16,2025,9,3,16,4
6198,2025-09-16,2025,9,3,16,5
6199,2025-09-16,2025,9,3,16,6
6200,2025-09-16,2025,9,3,16,7
6201,2025-09-16,2025,9,3,16,8
6202,2025-09-16,2025,9,3,16,9
6203,2025-09-16,2025,9,3,16,10
6204,2025-09-16,2025,9,3,16,11
6205,2025-09-16,2025,9,3,16,12
6206,2025-09-16,2025,9,3,16,13
6207,2025-09-16,2025,9,3,16,14
6208,2025-09-16,2025,9,3,16,15
6209,2025-09-16,2025,9,3,16,16
6210,2025-09-16,2025,9,3,16,17
6211,2025-09-16,2025,9,3,16,18
6212,2025-09-16,2025,9,3,16,19
6213,2025-09-16,2025,9,3,16,20
6214,2025-09-16,2025,9,3,16,21
6215,2025-09-16,2025,9,3,16,22
6216,2025-09-16,2025,9,3,16,23
6217,2025-09-17,2025,9,3,17,0
6218,2025-09-17,2025,9,3,17,1
6219,2025-09-17,2025,9,3,17,2
6220,2025-09-17,2025,9,3,17,3
6221,2025-09-17,2025,9,3,17,4
6222,2025-09-17,2025,9,3,17,5
6223,2025-09-17,2025,9,3,17,6
6224,2025-09-17,2025,9,3,17,7
6225,2025-09-17,2025,9,3,17,8
6226,2025-09-17,2025,9,3,17,9
6227,2025-09-17,2025,9,3,17,10
6228,2025-09-17,2025,9,3,17,11
6229,2025-09-17,2025,9,3,17,12
6230,2025-09-17,2025,9,3,17,13
6231,2025-09-17,2025,9,3,17,14
6232,2025-09-17,2025,9,3,17,15
6233,2025-09-17,2025,9,3,17,16
6234,2025-09-17,2025,9,3,17,17
6235,2025-09-17,2025,9,3,17,18
6236,2025-09-17,2025,9,3,17,19
6237,2025-09-17,2025,9,3,17,20
6238,2025-09-17,2025,9,3,17,21
6239,2025-09-17,2025,9,3,17,22
6240,2025-09-17,2025,9,3,17,23
6241,2025-09-18,2025,9,3,18,0
6242,2025-09-18,2025,9,3,18,1
6243,2025-09-18,2025,9,3,18,2
6244,2025-09-18,2025,9,3,18,3
6245,2025-09-18,2025,9,3,18,4
6246,2025-09-18,2025,9,3,18,5
6247,2025-09-18,2025,9,3,18,6
6248,2025-09-18,2025,9,3,18,7
6249,2025-09-18,2025,9,3,18,8
6250,2025-09-18,2025,9,3,18,9
6251,2025-09-18,2025,9,3,18,10
6252,2025-09-18,2025,9,3,18,11
6253,2025-09-18,2025,9,3,18,12
6254,2025-09-18,2025,9,3,18,13
6255,2025-09-18,2025,9,3,18,14
6256,2025-09-18,2025,9,3,18,15
6257,2025-09-18,2025,9,3,18,16
6258,2025-09-18,2025,9,3,18,17
6259,2025-09-18,2025,9,3,18,18
6260,2025-09-18,2025,9,3,18,19
6261,2025-09-18,2025,9,3,18,20
6262,2025-09-18,2025,9,3,18,21
6263,2025-09-18,2025,9,3,18,22
6264,2025-09-18,2025,9,3,18,23
6265,2025-09-19,2025,9,3,19,0
6266,2025-09-19,2025,9,3,19,1
6267,2025-09-19,2025,9,3,19,2
6268,2025-09-19,2025,9,3,19,3
6269,2025-09-19,2025,9,3,19,4
6270,2025-09-19,2025,9,3,19,5
6271,2025-09-19,2025,9,3,19,6
6272,2025-09-19,2025,9,3,19,7
6273,2025-09-19,2025,9,3,19,8
6274,2025-09-19,2025,9,3,19,9
6275,2025-09-19,2025,9,3,19,10
6276,2025-09-19,2025,9,3,19,11
6277,2025-09-19,2025,9,3,19,12
6278,2025-09-19,2025,9,3,19,13
6279,2025-09-19,2025,9,3,19,14
6280,2025-09-19,2025,9,3,19,15
6281,2025-09-19,2025,9,3,19,16
6282,2025-09-19,2025,9,3,19,17
6283,2025-09-19,2025,9,3,19,18
6284,2025-09-19,2025,9,3,19,19
6285,2025-09-19,2025,9,3,19,20
6286,2025-09-19,2025,9,3,19,21
6287,2025-09-19,2025,9,3,19,22
6288,2025-09-19,2025,9,3,19,23
6289,2025-09-20,2025,9,3,20,0
6290,2025-09-20,2025,9,3,20,1
6291,2025-09-20,2025,9,3,20,2
6292,2025-09-20,2025,9,3,20,3
6293,2025-09-20,2025,9,3,20,4
6294,2025-09-20,2025,9,3,20,5
6295,2025-09-20,2025,9,3,20,6
6296,2025-09-20,2025,9,3,20,7
6297,2025-09-20,2025,9,3,20,8
6298,2025-09-20,2025,9,3,20,9
6299,2025-09-20,2025,9,3,20,10
6300,2025-09-20,2025,9,3,20,11
6301,2025-09-20,2025,9,3,20,12
6302,2025-09-20,2025,9,3,20,13
6303,2025-09-20,2025,9,3,20,14
6304,2025-09-20,2025,9,3,20,15
6305,2025-09-20,2025,9,3,20,16
6306,2025-09-20,2025,9,3,20,17
6307,2025-09-20,2025,9,3,20,18
6308,2025-09-20,2025,9,3,20,19
6309,2025-09-20,2025,9,3,20,20
6310,2025-09-20,2025,9,3,20,21
6311,2025-09-20,2025,9,3,20,22
6312,2025-09-20,2025,9,3,20,23
6313,2025-09-21,2025,9,3,21,0
6314,2025-09-21,2025,9,3,21,1
6315,2025-09-21,2025,9,3,21,2
6316,2025-09-21,2025,9,3,21,3
6317,2025-09-21,2025,9,3,21,4
6318,2025-09-21,2025,9,3,21,5
6319,2025-09-21,2025,9,3,21,6
6320,2025-09-21,2025,9,3,21,7
6321,2025-09-21,2025,9,3,21,8
6322,2025-09-21,2025,9,3,21,9
6323,2025-09-21,2025,9,3,21,10
6324,2025-09-21,2025,9,3,21,11
6325,2025-09-21,2025,9,3,21,12
6326,2025-09-21,2025,9,3,21,13
6327,2025-09-21,2025,9,3,21,14
6328,2025-09-21,2025,9,3,21,15
6329,2025-09-21,2025,9,3,21,16
6330,2025-09-21,2025,9,3,21,17
6331,2025-09-21,2025,9,3,21,18
6332,2025-09-21,2025,9,3,21,19
6333,2025-09-21,2025,9,3,21,20
6334,2025-09-21,2025,9,3,21,21
6335,2025-09-21,2025,9,3,21,22
6336,2025-09-21,2025,9,3,21,23
6337,2025-09-22,2025,9,3,22,0
6338,2025-09-22,2025,9,3,22,1
6339,2025-09-22,2025,9,3,22,2
6340,2025-09-22,2025,9,3,22,3
6341,2025-09-22,2025,9,3,22,4
6342,2025-09-22,2025,9,3,22,5
6343,2025-09-22,2025,9,3,22,6
6344,2025-09-22,2025,9,3,22,7
6345,2025-09-22,2025,9,3,22,8
6346,2025-09-22,2025,9,3,22,9
6347,2025-09-22,2025,9,3,22,10
6348,2025-09-22,2025,9,3,22,11
6349,2025-09-22,2025,9,3,22,12
6350,2025-09-22,2025,9,3,22,13
6351,2025-09-22,2025,9,3,22,14
6352,2025-09-22,2025,9,3,22,15
6353,2025-09-22,2025,9,3,22,16
6354,2025-09-22,2025,9,3,22,17
6355,2025-09-22,2025,9,3,22,18
6356,2025-09-22,2025,9,3,22,19
6357,2025-09-22,2025,9,3,22,20
6358,2025-09-22,2025,9,3,22,21
6359,2025-09-22,2025,9,3,22,22
6360,2025-09-22,2025,9,3,22,23
6361,2025-09-23,2025,9,3,23,0
6362,2025-09-23,2025,9,3,23,1
6363,2025-09-23,2025,9,3,23,2
6364,2025-09-23,2025,9,3,23,3
6365,2025-09-23,2025,9,3,23,4
6366,2025-09-23,2025,9,3,23,5
6367,2025-09-23,2025,9,3,23,6
6368,2025-09-23,2025,9,3,23,7
6369,2025-09-23,2025,9,3,23,8
6370,2025-09-23,2025,9,3,23,9
6371,2025-09-23,2025,9,3,23,10
6372,2025-09-23,2025,9,3,23,11
6373,2025-09-23,2025,9,3,23,12
6374,2025-09-23,2025,9,3,23,13
6375,2025-09-23,2025,9,3,23,14
6376,2025-09-23,2025,9,3,23,15
6377,2025-09-23,2025,9,3,23,16
6378,2025-09-23,2025,9,3,23,17
6379,2025-09-23,2025,9,3,23,18
6380,2025-09-23,2025,9,3,23,19
6381,2025-09-23,2025,9,3,23,20
6382,2025-09-23,2025,9,3,23,21
6383,2025-09-23,2025,9,3,23,22
6384,2025-09-23,2025,9,3,23,23
6385,2025-09-24,2025,9,3,24,0
6386,2025-09-24,2025,9,3,24,1
6387,2025-09-24,2025,9,3,24,2
6388,2025-09-24,2025,9,3,24,3
6389,2025-09-24,2025,9,3,24,4
6390,2025-09-24,2025,9,3,24,5
6391,2025-09-24,2025,9,3,24,6
6392,2025-09-24,2025,9,3,24,7
6393,2025-09-24,2025,9,3,24,8
6394,2025-09-24,2025,9,3,24,9
6395,2025-09-24,2025,9,3,24,10
6396,2025-09-24,2025,9,3,24,11
6397,2025-09-24,2025,9,3,24,12
6398,2025-09-24,2025,9,3,24,13
6399,2025-09-24,2025,9,3,24,14
6400,2025-09-24,2025,9,3,24,15
6401,2025-09-24,2025,9,3,24,16
6402,2025-09-24,2025,9,3,24,17
6403,2025-09-24,2025,9,3,24,18
6404,2025-09-24,2025,9,3,24,19
6405,2025-09-24,2025,9,3,24,20
6406,2025-09-24,2025,9,3,24,21
6407,2025-09-24,2025,9,3,24,22
6408,2025-09-24,2025,9,3,24,23
6409,2025-09-25,2025,9,3,25,0
6410,2025-09-25,2025,9,3,25,1
6411,2025-09-25,2025,9,3,25,2
6412,2025-09-25,2025,9,3,25,3
6413,2025-09-25,2025,9,3,25,4
6414,2025-09-25,2025,9,3,25,5
6415,2025-09-25,2025,9,3,25,6
6416,2025-09-25,2025,9,3,25,7
6417,2025-09-25,2025,9,3,25,8
6418,2025-09-25,2025,9,3,25,9
6419,2025-09-25,2025,9,3,25,10
6420,2025-09-25,2025,9,3,25,11
6421,2025-09-25,2025,9,3,25,12
6422,2025-09-25,2025,9,3,25,13
6423,2025-09-25,2025,9,3,25,14
6424,2025-09-25,2025,9,3,25,15
6425,2025-09-25,2025,9,3,25,16
6426,2025-09-25,2025,9,3,25,17
6427,2025-09-25,2025,9,3,25,18
6428,2025-09-25,2025,9,3,25,19
6429,2025-09-25,2025,9,3,25,20
6430,2025-09-25,2025,9,3,25,21
6431,2025-09-25,2025,9,3,25,22
6432,2025-09-25,2025,9,3,25,23
6433,2025-09-26,2025,9,3,26,0
6434,2025-09-26,2025,9,3,26,1
6435,2025-09-26,2025,9,3,26,2
6436,2025-09-26,2025,9,3,26,3
6437,2025-09-26,2025,9,3,26,4
6438,2025-09-26,2025,9,3,26,5
6439,2025-09-26,2025,9,3,26,6
6440,2025-09-26,2025,9,3,26,7
6441,2025-09-26,2025,9,3,26,8
6442,2025-09-26,2025,9,3,26,9
6443,2025-09-26,2025,9,3,26,10
6444,2025-09-26,2025,9,3,26,11
6445,2025-09-26,2025,9,3,26,12
6446,2025-09-26,2025,9,3,26,13
6447,2025-09-26,2025,9,3,26,14
6448,2025-09-26,2025,9,3,26,15
6449,2025-09-26,2025,9,3,26,16
6450,2025-09-26,2025,9,3,26,17
6451,2025-09-26,2025,9,3,26,18
6452,2025-09-26,2025,9,3,26,19
6453,2025-09-26,2025,9,3,26,20
6454,2025-09-26,2025,9,3,26,21
6455,2025-09-26,2025,9,3,26,22
6456,2025-09-26,2025,9,3,26,23
6457,2025-09-27,2025,9,3,27,0
6458,2025-09-27,2025,9,3,27,1
6459,2025-09-27,2025,9,3,27,2
6460,2025-09-27,2025,9,3,27,3
6461,2025-09-27,2025,9,3,27,4
6462,2025-09-27,2025,9,3,27,5
6463,2025-09-27,2025,9,3,27,6
6464,2025-09-27,2025,9,3,27,7
6465,2025-09-27,2025,9,3,27,8
6466,2025-09-27,2025,9,3,27,9
6467,2025-09-27,2025,9,3,27,10
6468,2025-09-27,2025,9,3,27,11
6469,2025-09-27,2025,9,3,27,12
6470,2025-09-27,2025,9,3,27,13
6471,2025-09-27,2025,9,3,27,14
6472,2025-09-27,2025,9,3,27,15
6473,2025-09-27,2025,9,3,27,16
6474,2025-09-27,2025,9,3,27,17
6475,2025-09-27,2025,9,3,27,18
6476,2025-09-27,2025,9,3,27,19
6477,2025-09-27,2025,9,3,27,20
6478,2025-09-27,2025,9,3,27,21
6479,2025-09-27,2025,9,3,27,22
6480,2025-09-27,2025,9,3,27,23
6481,2025-09-28,2025,9,3,28,0
6482,2025-09-28,2025,9,3,28,1
6483,2025-09-28,2025,9,3,28,2
6484,2025-09-28,2025,9,3,28,3
6485,2025-09-28,2025,9,3,28,4
6486,2025-09-28,2025,9,3,28,5
6487,2025-09-28,2025,9,3,28,6
6488,2025-09-28,2025,9,3,28,7
6489,2025-09-28,2025,9,3,28,8
6490,2025-09-28,2025,9,3,28,9
6491,2025-09-28,2025,9,3,28,10
6492,2025-09-28,2025,9,3,28,11
6493,2025-09-28,2025,9,3,28,12
6494,2025-09-28,2025,9,3,28,13
6495,2025-09-28,2025,9,3,28,14
6496,2025-09-28,2025,9,3,28,15
6497,2025-09-28,2025,9,3,28,16
6498,2025-09-28,2025,9,3,28,17
6499,2025-09-28,2025,9,3,28,18
6500,2025-09-28,2025,9,3,28,19
6501,2025-09-28,2025,9,3,28,20
6502,2025-09-28,2025,9,3,28,21
6503,2025-09-28,2025,9,3,28,22
6504,2025-09-28,2025,9,3,28,23
6505,2025-09-29,2025,9,3,29,0
6506,2025-09-29,2025,9,3,29,1
6507,2025-09-29,2025,9,3,29,2
6508,2025-09-29,2025,9,3,29,3
6509,2025-09-29,2025,9,3,29,4
6510,2025-09-29,2025,9,3,29,5
6511,2025-09-29,2025,9,3,29,6
6512,2025-09-29,2025,9,3,29,7
6513,2025-09-29,2025,9,3,29,8
6514,2025-09-29,2025,9,3,29,9
6515,2025-09-29,2025,9,3,29,10
6516,2025-09-29,2025,9,3,29,11
6517,2025-09-29,2025,9,3,29,12
6518,2025-09-29,2025,9,3,29,13
6519,2025-09-29,2025,9,3,29,14
6520,2025-09-29,2025,9,3,29,15
6521,2025-09-29,2025,9,3,29,16
6522,2025-09-29,2025,9,3,29,17
6523,2025-09-29,2025,9,3,29,18
6524,2025-09-29,2025,9,3,29,19
6525,2025-09-29,2025,9,3,29,20
6526,2025-09-29,2025,9,3,29,21
6527,2025-09-29,2025,9,3,29,22
6528,2025-09-29,2025,9,3,29,23
6529,2025-09-30,2025,9,3,30,0
6530,2025-09-30,2025,9,3,30,1
6531,2025-09-30,2025,9,3,30,2
6532,2025-09-30,2025,9,3,30,3
6533,2025-09-30,2025,9,3,30,4
6534,2025-09-30,2025,9,3,30,5
6535,2025-09-30,2025,9,3,30,6
6536,2025-09-30,2025,9,3,30,7
6537,2025-09-30,2025,9,3,30,8
6538,2025-09-30,2025,9,3,30,9
6539,2025-09-30,2025,9,3,30,10
6540,2025-09-30,2025,9,3,30,11
6541,2025-09-30,2025,9,3,30,12
6542,2025-09-30,2025,9,3,30,13
6543,2025-09-30,2025,9,3,30,14
6544,2025-09-30,2025,9,3,30,15
6545,2025-09-30,2025,9,3,30,16
6546,2025-09-30,2025,9,3,30,17
6547,2025-09-30,2025,9,3,30,18
6548,2025-09-30,2025,9,3,30,19
6549,2025-09-30,2025,9,3,30,20
6550,2025-09-30,2025,9,3,30,21
6551,2025-09-30,2025,9,3,30,22
6552,2025-09-30,2025,9,3,30,23
6553,2025-10-01,2025,10,4,1,0
6554,2025-10-01,2025,10,4,1,1
6555,2025-10-01,2025,10,4,1,2
6556,2025-10-01,2025,10,4,1,3
6557,2025-10-01,2025,10,4,1,4
6558,2025-10-01,2025,10,4,1,5
6559,2025-10-01,2025,10,4,1,6
6560,2025-10-01,2025,10,4,1,7
6561,2025-10-01,2025,10,4,1,8
6562,2025-10-01,2025,10,4,1,9
6563,2025-10-01,2025,10,4,1,10
6564,2025-10-01,2025,10,4,1,11
6565,2025-10-01,2025,10,4,1,12
6566,2025-10-01,2025,10,4,1,13
6567,2025-10-01,2025,10,4,1,14
6568,2025-10-01,2025,10,4,1,15
6569,2025-10-01,2025,10,4,1,16
6570,2025-10-01,2025,10,4,1,17
6571,2025-10-01,2025,10,4,1,18
6572,2025-10-01,2025,10,4,1,19
6573,2025-10-01,2025,10,4,1,20
6574,2025-10-01,2025,10,4,1,21
6575,2025-10-01,2025,10,4,1,22
6576,2025-10-01,2025,10,4,1,23
6577,2025-10-02,2025,10,4,2,0
6578,2025-10-02,2025,10,4,2,1
6579,2025-10-02,2025,10,4,2,2
6580,2025-10-02,2025,10,4,2,3
6581,2025-10-02,2025,10,4,2,4
6582,2025-10-02,2025,10,4,2,5
6583,2025-10-02,2025,10,4,2,6
6584,2025-10-02,2025,10,4,2,7
6585,2025-10-02,2025,10,4,2,8
6586,2025-10-02,2025,10,4,2,9
6587,2025-10-02,2025,10,4,2,10
6588,2025-10-02,2025,10,4,2,11
6589,2025-10-02,2025,10,4,2,12
6590,2025-10-02,2025,10,4,2,13
6591,2025-10-02,2025,10,4,2,14
6592,2025-10-02,2025,10,4,2,15
6593,2025-10-02,2025,10,4,2,16
6594,2025-10-02,2025,10,4,2,17
6595,2025-10-02,2025,10,4,2,18
6596,2025-10-02,2025,10,4,2,19
6597,2025-10-02,2025,10,4,2,20
6598,2025-10-02,2025,10,4,2,21
6599,2025-10-02,2025,10,4,2,22
6600,2025-10-02,2025,10,4,2,23
6601,2025-10-03,2025,10,4,3,0
6602,2025-10-03,2025,10,4,3,1
6603,2025-10-03,2025,10,4,3,2
6604,2025-10-03,2025,10,4,3,3
6605,2025-10-03,2025,10,4,3,4
6606,2025-10-03,2025,10,4,3,5
6607,2025-10-03,2025,10,4,3,6
6608,2025-10-03,2025,10,4,3,7
6609,2025-10-03,2025,10,4,3,8
6610,2025-10-03,2025,10,4,3,9
6611,2025-10-03,2025,10,4,3,10
6612,2025-10-03,2025,10,4,3,11
6613,2025-10-03,2025,10,4,3,12
6614,2025-10-03,2025,10,4,3,13
6615,2025-10-03,2025,10,4,3,14
6616,2025-10-03,2025,10,4,3,15
6617,2025-10-03,2025,10,4,3,16
6618,2025-10-03,2025,10,4,3,17
6619,2025-10-03,2025,10,4,3,18
6620,2025-10-03,2025,10,4,3,19
6621,2025-10-03,2025,10,4,3,20
6622,2025-10-03,2025,10,4,3,21
6623,2025-10-03,2025,10,4,3,22
6624,2025-10-03,2025,10,4,3,23
6625,2025-10-04,2025,10,4,4,0
6626,2025-10-04,2025,10,4,4,1
6627,2025-10-04,2025,10,4,4,2
6628,2025-10-04,2025,10,4,4,3
6629,2025-10-04,2025,10,4,4,4
6630,2025-10-04,2025,10,4,4,5
6631,2025-10-04,2025,10,4,4,6
6632,2025-10-04,2025,10,4,4,7
6633,2025-10-04,2025,10,4,4,8
6634,2025-10-04,2025,10,4,4,9
6635,2025-10-04,2025,10,4,4,10
6636,2025-10-04,2025,10,4,4,11
6637,2025-10-04,2025,10,4,4,12
6638,2025-10-04,2025,10,4,4,13
6639,2025-10-04,2025,10,4,4,14
6640,2025-10-04,2025,10,4,4,15
6641,2025-10-04,2025,10,4,4,16
6642,2025-10-04,2025,10,4,4,17
6643,2025-10-04,2025,10,4,4,18
6644,2025-10-04,2025,10,4,4,19
6645,2025-10-04,2025,10,4,4,20
6646,2025-10-04,2025,10,4,4,21
6647,2025-10-04,2025,10,4,4,22
6648,2025-10-04,2025,10,4,4,23
6649,2025-10-05,2025,10,4,5,0
6650,2025-10-05,2025,10,4,5,1
6651,2025-10-05,2025,10,4,5,2
6652,2025-10-05,2025,10,4,5,3
6653,2025-10-05,2025,10,4,5,4
6654,2025-10-05,2025,10,4,5,5
6655,2025-10-05,2025,10,4,5,6
6656,2025-10-05,2025,10,4,5,7
6657,2025-10-05,2025,10,4,5,8
6658,2025-10-05,2025,10,4,5,9
6659,2025-10-05,2025,10,4,5,10
6660,2025-10-05,2025,10,4,5,11
6661,2025-10-05,2025,10,4,5,12
6662,2025-10-05,2025,10,4,5,13
6663,2025-10-05,2025,10,4,5,14
6664,2025-10-05,2025,10,4,5,15
6665,2025-10-05,2025,10,4,5,16
6666,2025-10-05,2025,10,4,5,17
6667,2025-10-05,2025,10,4,5,18
6668,2025-10-05,2025,10,4,5,19
6669,2025-10-05,2025,10,4,5,20
6670,2025-10-05,2025,10,4,5,21
6671,2025-10-05,2025,10,4,5,22
6672,2025-10-05,2025,10,4,5,23
6673,2025-10-06,2025,10,4,6,0
6674,2025-10-06,2025,10,4,6,1
6675,2025-10-06,2025,10,4,6,2
6676,2025-10-06,2025,10,4,6,3
6677,2025-10-06,2025,10,4,6,4
6678,2025-10-06,2025,10,4,6,5
6679,2025-10-06,2025,10,4,6,6
6680,2025-10-06,2025,10,4,6,7
6681,2025-10-06,2025,10,4,6,8
6682,2025-10-06,2025,10,4,6,9
6683,2025-10-06,2025,10,4,6,10
6684,2025-10-06,2025,10,4,6,11
6685,2025-10-06,2025,10,4,6,12
6686,2025-10-06,2025,10,4,6,13
6687,2025-10-06,2025,10,4,6,14
6688,2025-10-06,2025,10,4,6,15
6689,2025-10-06,2025,10,4,6,16
6690,2025-10-06,2025,10,4,6,17
6691,2025-10-06,2025,10,4,6,18
6692,2025-10-06,2025,10,4,6,19
6693,2025-10-06,2025,10,4,6,20
6694,2025-10-06,2025,10,4,6,21
6695,2025-10-06,2025,10,4,6,22
6696,2025-10-06,2025,10,4,6,23
6697,2025-10-07,2025,10,4,7,0
6698,2025-10-07,2025,10,4,7,1
6699,2025-10-07,2025,10,4,7,2
6700,2025-10-07,2025,10,4,7,3
6701,2025-10-07,2025,10,4,7,4
6702,2025-10-07,2025,10,4,7,5
6703,2025-10-07,2025,10,4,7,6
6704,2025-10-07,2025,10,4,7,7
6705,2025-10-07,2025,10,4,7,8
6706,2025-10-07,2025,10,4,7,9
6707,2025-10-07,2025,10,4,7,10
6708,2025-10-07,2025,10,4,7,11
6709,2025-10-07,2025,10,4,7,12
6710,2025-10-07,2025,10,4,7,13
6711,2025-10-07,2025,10,4,7,14
6712,2025-10-07,2025,10,4,7,15
6713,2025-10-07,2025,10,4,7,16
6714,2025-10-07,2025,10,4,7,17
6715,2025-10-07,2025,10,4,7,18
6716,2025-10-07,2025,10,4,7,19
6717,2025-10-07,2025,10,4,7,20
6718,2025-10-07,2025,10,4,7,21
6719,2025-10-07,2025,10,4,7,22
6720,2025-10-07,2025,10,4,7,23
6721,2025-10-08,2025,10,4,8,0
6722,2025-10-08,2025,10,4,8,1
6723,2025-10-08,2025,10,4,8,2
6724,2025-10-08,2025,10,4,8,3
6725,2025-10-08,2025,10,4,8,4
6726,2025-10-08,2025,10,4,8,5
6727,2025-10-08,2025,10,4,8,6
6728,2025-10-08,2025,10,4,8,7
6729,2025-10-08,2025,10,4,8,8
6730,2025-10-08,2025,10,4,8,9
6731,2025-10-08,2025,10,4,8,10
6732,2025-10-08,2025,10,4,8,11
6733,2025-10-08,2025,10,4,8,12
6734,2025-10-08,2025,10,4,8,13
6735,2025-10-08,2025,10,4,8,14
6736,2025-10-08,2025,10,4,8,15
6737,2025-10-08,2025,10,4,8,16
6738,2025-10-08,2025,10,4,8,17
6739,2025-10-08,2025,10,4,8,18
6740,2025-10-08,2025,10,4,8,19
6741,2025-10-08,2025,10,4,8,20
6742,2025-10-08,2025,10,4,8,21
6743,2025-10-08,2025,10,4,8,22
6744,2025-10-08,2025,10,4,8,23
6745,2025-10-09,2025,10,4,9,0
6746,2025-10-09,2025,10,4,9,1
6747,2025-10-09,2025,10,4,9,2
6748,2025-10-09,2025,10,4,9,3
6749,2025-10-09,2025,10,4,9,4
6750,2025-10-09,2025,10,4,9,5
6751,2025-10-09,2025,10,4,9,6
6752,2025-10-09,2025,10,4,9,7
6753,2025-10-09,2025,10,4,9,8
6754,2025-10-09,2025,10,4,9,9
6755,2025-10-09,2025,10,4,9,10
6756,2025-10-09,2025,10,4,9,11
6757,2025-10-09,2025,10,4,9,12
6758,2025-10-09,2025,10,4,9,13
6759,2025-10-09,2025,10,4,9,14
6760,2025-10-09,2025,10,4,9,15
6761,2025-10-09,2025,10,4,9,16
6762,2025-10-09,2025,10,4,9,17
6763,2025-10-09,2025,10,4,9,18
6764,2025-10-09,2025,10,4,9,19
6765,2025-10-09,2025,10,4,9,20
6766,2025-10-09,2025,10,4,9,21
6767,2025-10-09,2025,10,4,9,22
6768,2025-10-09,2025,10,4,9,23
6769,2025-10-10,2025,10,4,10,0
6770,2025-10-10,2025,10,4,10,1
6771,2025-10-10,2025,10,4,10,2
6772,2025-10-10,2025,10,4,10,3
6773,2025-10-10,2025,10,4,10,4
6774,2025-10-10,2025,10,4,10,5
6775,2025-10-10,2025,10,4,10,6
6776,2025-10-10,2025,10,4,10,7
6777,2025-10-10,2025,10,4,10,8
6778,2025-10-10,2025,10,4,10,9
6779,2025-10-10,2025,10,4,10,10
6780,2025-10-10,2025,10,4,10,11
6781,2025-10-10,2025,10,4,10,12
6782,2025-10-10,2025,10,4,10,13
6783,2025-10-10,2025,10,4,10,14
6784,2025-10-10,2025,10,4,10,15
6785,2025-10-10,2025,10,4,10,16
6786,2025-10-10,2025,10,4,10,17
6787,2025-10-10,2025,10,4,10,18
6788,2025-10-10,2025,10,4,10,19
6789,2025-10-10,2025,10,4,10,20
6790,2025-10-10,2025,10,4,10,21
6791,2025-10-10,2025,10,4,10,22
6792,2025-10-10,2025,10,4,10,23
6793,2025-10-11,2025,10,4,11,0
6794,2025-10-11,2025,10,4,11,1
6795,2025-10-11,2025,10,4,11,2
6796,2025-10-11,2025,10,4,11,3
6797,2025-10-11,2025,10,4,11,4
6798,2025-10-11,2025,10,4,11,5
6799,2025-10-11,2025,10,4,11,6
6800,2025-10-11,2025,10,4,11,7
6801,2025-10-11,2025,10,4,11,8
6802,2025-10-11,2025,10,4,11,9
6803,2025-10-11,2025,10,4,11,10
6804,2025-10-11,2025,10,4,11,11
6805,2025-10-11,2025,10,4,11,12
6806,2025-10-11,2025,10,4,11,13
6807,2025-10-11,2025,10,4,11,14
6808,2025-10-11,2025,10,4,11,15
6809,2025-10-11,2025,10,4,11,16
6810,2025-10-11,2025,10,4,11,17
6811,2025-10-11,2025,10,4,11,18
6812,2025-10-11,2025,10,4,11,19
6813,2025-10-11,2025,10,4,11,20
6814,2025-10-11,2025,10,4,11,21
6815,2025-10-11,2025,10,4,11,22
6816,2025-10-11,2025,10,4,11,23
6817,2025-10-12,2025,10,4,12,0
6818,2025-10-12,2025,10,4,12,1
6819,2025-10-12,2025,10,4,12,2
6820,2025-10-12,2025,10,4,12,3
6821,2025-10-12,2025,10,4,12,4
6822,2025-10-12,2025,10,4,12,5
6823,2025-10-12,2025,10,4,12,6
6824,2025-10-12,2025,10,4,12,7
6825,2025-10-12,2025,10,4,12,8
6826,2025-10-12,2025,10,4,12,9
6827,2025-10-12,2025,10,4,12,10
6828,2025-10-12,2025,10,4,12,11
6829,2025-10-12,2025,10,4,12,12
6830,2025-10-12,2025,10,4,12,13
6831,2025-10-12,2025,10,4,12,14
6832,2025-10-12,2025,10,4,12,15
6833,2025-10-12,2025,10,4,12,16
6834,2025-10-12,2025,10,4,12,17
6835,2025-10-12,2025,10,4,12,18
6836,2025-10-12,2025,10,4,12,19
6837,2025-10-12,2025,10,4,12,20
6838,2025-10-12,2025,10,4,12,21
6839,2025-10-12,2025,10,4,12,22
6840,2025-10-12,2025,10,4,12,23
6841,2025-10-13,2025,10,4,13,0
6842,2025-10-13,2025,10,4,13,1
6843,2025-10-13,2025,10,4,13,2
6844,2025-10-13,2025,10,4,13,3
6845,2025-10-13,2025,10,4,13,4
6846,2025-10-13,2025,10,4,13,5
6847,2025-10-13,2025,10,4,13,6
6848,2025-10-13,2025,10,4,13,7
6849,2025-10-13,2025,10,4,13,8
6850,2025-10-13,2025,10,4,13,9
6851,2025-10-13,2025,10,4,13,10
6852,2025-10-13,2025,10,4,13,11
6853,2025-10-13,2025,10,4,13,12
6854,2025-10-13,2025,10,4,13,13
6855,2025-10-13,2025,10,4,13,14
6856,2025-10-13,2025,10,4,13,15
6857,2025-10-13,2025,10,4,13,16
6858,2025-10-13,2025,10,4,13,17
6859,2025-10-13,2025,10,4,13,18
6860,2025-10-13,2025,10,4,13,19
6861,2025-10-13,2025,10,4,13,20
6862,2025-10-13,2025,10,4,13,21
6863,2025-10-13,2025,10,4,13,22
6864,2025-10-13,2025,10,4,13,23
6865,2025-10-14,2025,10,4,14,0
6866,2025-10-14,2025,10,4,14,1
6867,2025-10-14,2025,10,4,14,2
6868,2025-10-14,2025,10,4,14,3
6869,2025-10-14,2025,10,4,14,4
6870,2025-10-14,2025,10,4,14,5
6871,2025-10-14,2025,10,4,14,6
6872,2025-10-14,2025,10,4,14,7
6873,2025-10-14,2025,10,4,14,8
6874,2025-10-14,2025,10,4,14,9
6875,2025-10-14,2025,10,4,14,10
6876,2025-10-14,2025,10,4,14,11
6877,2025-10-14,2025,10,4,14,12
6878,2025-10-14,2025,10,4,14,13
6879,2025-10-14,2025,10,4,14,14
6880,2025-10-14,2025,10,4,14,15
6881,2025-10-14,2025,10,4,14,16
6882,2025-10-14,2025,10,4,14,17
6883,2025-10-14,2025,10,4,14,18
6884,2025-10-14,2025,10,4,14,19
6885,2025-10-14,2025,10,4,14,20
6886,2025-10-14,2025,10,4,14,21
6887,2025-10-14,2025,10,4,14,22
6888,2025-10-14,2025,10,4,14,23
6889,2025-10-15,2025,10,4,15,0
6890,2025-10-15,2025,10,4,15,1
6891,2025-10-15,2025,10,4,15,2
6892,2025-10-15,2025,10,4,15,3
6893,2025-10-15,2025,10,4,15,4
6894,2025-10-15,2025,10,4,15,5
6895,2025-10-15,2025,10,4,15,6
6896,2025-10-15,2025,10,4,15,7
6897,2025-10-15,2025,10,4,15,8
6898,2025-10-15,2025,10,4,15,9
6899,2025-10-15,2025,10,4,15,10
6900,2025-10-15,2025,10,4,15,11
6901,2025-10-15,2025,10,4,15,12
6902,2025-10-15,2025,10,4,15,13
6903,2025-10-15,2025,10,4,15,14
6904,2025-10-15,2025,10,4,15,15
6905,2025-10-15,2025,10,4,15,16
6906,2025-10-15,2025,10,4,15,17
6907,2025-10-15,2025,10,4,15,18
6908,2025-10-15,2025,10,4,15,19
6909,2025-10-15,2025,10,4,15,20
6910,2025-10-15,2025,10,4,15,21
6911,2025-10-15,2025,10,4,15,22
6912,2025-10-15,2025,10,4,15,23
6913,2025-10-16,2025,10,4,16,0
6914,2025-10-16,2025,10,4,16,1
6915,2025-10-16,2025,10,4,16,2
6916,2025-10-16,2025,10,4,16,3
6917,2025-10-16,2025,10,4,16,4
6918,2025-10-16,2025,10,4,16,5
6919,2025-10-16,2025,10,4,16,6
6920,2025-10-16,2025,10,4,16,7
6921,2025-10-16,2025,10,4,16,8
6922,2025-10-16,2025,10,4,16,9
6923,2025-10-16,2025,10,4,16,10
6924,2025-10-16,2025,10,4,16,11
6925,2025-10-16,2025,10,4,16,12
6926,2025-10-16,2025,10,4,16,13
6927,2025-10-16,2025,10,4,16,14
6928,2025-10-16,2025,10,4,16,15
6929,2025-10-16,2025,10,4,16,16
6930,2025-10-16,2025,10,4,16,17
6931,2025-10-16,2025,10,4,16,18
6932,2025-10-16,2025,10,4,16,19
6933,2025-10-16,2025,10,4,16,20
6934,2025-10-16,2025,10,4,16,21
6935,2025-10-16,2025,10,4,16,22
6936,2025-10-16,2025,10,4,16,23
6937,2025-10-17,2025,10,4,17,0
6938,2025-10-17,2025,10,4,17,1
6939,2025-10-17,2025,10,4,17,2
6940,2025-10-17,2025,10,4,17,3
6941,2025-10-17,2025,10,4,17,4
6942,2025-10-17,2025,10,4,17,5
6943,2025-10-17,2025,10,4,17,6
6944,2025-10-17,2025,10,4,17,7
6945,2025-10-17,2025,10,4,17,8
6946,2025-10-17,2025,10,4,17,9
6947,2025-10-17,2025,10,4,17,10
6948,2025-10-17,2025,10,4,17,11
6949,2025-10-17,2025,10,4,17,12
6950,2025-10-17,2025,10,4,17,13
6951,2025-10-17,2025,10,4,17,14
6952,2025-10-17,2025,10,4,17,15
6953,2025-10-17,2025,10,4,17,16
6954,2025-10-17,2025,10,4,17,17
6955,2025-10-17,2025,10,4,17,18
6956,2025-10-17,2025,10,4,17,19
6957,2025-10-17,2025,10,4,17,20
6958,2025-10-17,2025,10,4,17,21
6959,2025-10-17,2025,10,4,17,22
6960,2025-10-17,2025,10,4,17,23
6961,2025-10-18,2025,10,4,18,0
6962,2025-10-18,2025,10,4,18,1
6963,2025-10-18,2025,10,4,18,2
6964,2025-10-18,2025,10,4,18,3
6965,2025-10-18,2025,10,4,18,4
6966,2025-10-18,2025,10,4,18,5
6967,2025-10-18,2025,10,4,18,6
6968,2025-10-18,2025,10,4,18,7
6969,2025-10-18,2025,10,4,18,8
6970,2025-10-18,2025,10,4,18,9
6971,2025-10-18,2025,10,4,18,10
6972,2025-10-18,2025,10,4,18,11
6973,2025-10-18,2025,10,4,18,12
6974,2025-10-18,2025,10,4,18,13
6975,2025-10-18,2025,10,4,18,14
6976,2025-10-18,2025,10,4,18,15
6977,2025-10-18,2025,10,4,18,16
6978,2025-10-18,2025,10,4,18,17
6979,2025-10-18,2025,10,4,18,18
6980,2025-10-18,2025,10,4,18,19
6981,2025-10-18,2025,10,4,18,20
6982,2025-10-18,2025,10,4,18,21
6983,2025-10-18,2025,10,4,18,22
6984,2025-10-18,2025,10,4,18,23
6985,2025-10-19,2025,10,4,19,0
6986,2025-10-19,2025,10,4,19,1
6987,2025-10-19,2025,10,4,19,2
6988,2025-10-19,2025,10,4,19,3
6989,2025-10-19,2025,10,4,19,4
6990,2025-10-19,2025,10,4,19,5
6991,2025-10-19,2025,10,4,19,6
6992,2025-10-19,2025,10,4,19,7
6993,2025-10-19,2025,10,4,19,8
6994,2025-10-19,2025,10,4,19,9
6995,2025-10-19,2025,10,4,19,10
6996,2025-10-19,2025,10,4,19,11
6997,2025-10-19,2025,10,4,19,12
6998,2025-10-19,2025,10,4,19,13
6999,2025-10-19,2025,10,4,19,14
7000,2025-10-19,2025,10,4,19,15
7001,2025-10-19,2025,10,4,19,16
7002,2025-10-19,2025,10,4,19,17
7003,2025-10-19,2025,10,4,19,18
7004,2025-10-19,2025,10,4,19,19
7005,2025-10-19,2025,10,4,19,20
7006,2025-10-19,2025,10,4,19,21
7007,2025-10-19,2025,10,4,19,22
7008,2025-10-19,2025,10,4,19,23
7009,2025-10-20,2025,10,4,20,0
7010,2025-10-20,2025,10,4,20,1
7011,2025-10-20,2025,10,4,20,2
7012,2025-10-20,2025,10,4,20,3
7013,2025-10-20,2025,10,4,20,4
7014,2025-10-20,2025,10,4,20,5
7015,2025-10-20,2025,10,4,20,6
7016,2025-10-20,2025,10,4,20,7
7017,2025-10-20,2025,10,4,20,8
7018,2025-10-20,2025,10,4,20,9
7019,2025-10-20,2025,10,4,20,10
7020,2025-10-20,2025,10,4,20,11
7021,2025-10-20,2025,10,4,20,12
7022,2025-10-20,2025,10,4,20,13
7023,2025-10-20,2025,10,4,20,14
7024,2025-10-20,2025,10,4,20,15
7025,2025-10-20,2025,10,4,20,16
7026,2025-10-20,2025,10,4,20,17
7027,2025-10-20,2025,10,4,20,18
7028,2025-10-20,2025,10,4,20,19
7029,2025-10-20,2025,10,4,20,20
7030,2025-10-20,2025,10,4,20,21
7031,2025-10-20,2025,10,4,20,22
7032,2025-10-20,2025,10,4,20,23
7033,2025-10-21,2025,10,4,21,0
7034,2025-10-21,2025,10,4,21,1
7035,2025-10-21,2025,10,4,21,2
7036,2025-10-21,2025,10,4,21,3
7037,2025-10-21,2025,10,4,21,4
7038,2025-10-21,2025,10,4,21,5
7039,2025-10-21,2025,10,4,21,6
7040,2025-10-21,2025,10,4,21,7
7041,2025-10-21,2025,10,4,21,8
7042,2025-10-21,2025,10,4,21,9
7043,2025-10-21,2025,10,4,21,10
7044,2025-10-21,2025,10,4,21,11
7045,2025-10-21,2025,10,4,21,12
7046,2025-10-21,2025,10,4,21,13
7047,2025-10-21,2025,10,4,21,14
7048,2025-10-21,2025,10,4,21,15
7049,2025-10-21,2025,10,4,21,16
7050,2025-10-21,2025,10,4,21,17
7051,2025-10-21,2025,10,4,21,18
7052,2025-10-21,2025,10,4,21,19
7053,2025-10-21,2025,10,4,21,20
7054,2025-10-21,2025,10,4,21,21
7055,2025-10-21,2025,10,4,21,22
7056,2025-10-21,2025,10,4,21,23
7057,2025-10-22,2025,10,4,22,0
7058,2025-10-22,2025,10,4,22,1
7059,2025-10-22,2025,10,4,22,2
7060,2025-10-22,2025,10,4,22,3
7061,2025-10-22,2025,10,4,22,4
7062,2025-10-22,2025,10,4,22,5
7063,2025-10-22,2025,10,4,22,6
7064,2025-10-22,2025,10,4,22,7
7065,2025-10-22,2025,10,4,22,8
7066,2025-10-22,2025,10,4,22,9
7067,2025-10-22,2025,10,4,22,10
7068,2025-10-22,2025,10,4,22,11
7069,2025-10-22,2025,10,4,22,12
7070,2025-10-22,2025,10,4,22,13
7071,2025-10-22,2025,10,4,22,14
7072,2025-10-22,2025,10,4,22,15
7073,2025-10-22,2025,10,4,22,16
7074,2025-10-22,2025,10,4,22,17
7075,2025-10-22,2025,10,4,22,18
7076,2025-10-22,2025,10,4,22,19
7077,2025-10-22,2025,10,4,22,20
7078,2025-10-22,2025,10,4,22,21
7079,2025-10-22,2025,10,4,22,22
7080,2025-10-22,2025,10,4,22,23
7081,2025-10-23,2025,10,4,23,0
7082,2025-10-23,2025,10,4,23,1
7083,2025-10-23,2025,10,4,23,2
7084,2025-10-23,2025,10,4,23,3
7085,2025-10-23,2025,10,4,23,4
7086,2025-10-23,2025,10,4,23,5
7087,2025-10-23,2025,10,4,23,6
7088,2025-10-23,2025,10,4,23,7
7089,2025-10-23,2025,10,4,23,8
7090,2025-10-23,2025,10,4,23,9
7091,2025-10-23,2025,10,4,23,10
7092,2025-10-23,2025,10,4,23,11
7093,2025-10-23,2025,10,4,23,12
7094,2025-10-23,2025,10,4,23,13
7095,2025-10-23,2025,10,4,23,14
7096,2025-10-23,2025,10,4,23,15
7097,2025-10-23,2025,10,4,23,16
7098,2025-10-23,2025,10,4,23,17
7099,2025-10-23,2025,10,4,23,18
7100,2025-10-23,2025,10,4,23,19
7101,2025-10-23,2025,10,4,23,20
7102,2025-10-23,2025,10,4,23,21
7103,2025-10-23,2025,10,4,23,22
7104,2025-10-23,2025,10,4,23,23
7105,2025-10-24,2025,10,4,24,0
7106,2025-10-24,2025,10,4,24,1
7107,2025-10-24,2025,10,4,24,2
7108,2025-10-24,2025,10,4,24,3
7109,2025-10-24,2025,10,4,24,4
7110,2025-10-24,2025,10,4,24,5
7111,2025-10-24,2025,10,4,24,6
7112,2025-10-24,2025,10,4,24,7
7113,2025-10-24,2025,10,4,24,8
7114,2025-10-24,2025,10,4,24,9
7115,2025-10-24,2025,10,4,24,10
7116,2025-10-24,2025,10,4,24,11
7117,2025-10-24,2025,10,4,24,12
7118,2025-10-24,2025,10,4,24,13
7119,2025-10-24,2025,10,4,24,14
7120,2025-10-24,2025,10,4,24,15
7121,2025-10-24,2025,10,4,24,16
7122,2025-10-24,2025,10,4,24,17
7123,2025-10-24,2025,10,4,24,18
7124,2025-10-24,2025,10,4,24,19
7125,2025-10-24,2025,10,4,24,20
7126,2025-10-24,2025,10,4,24,21
7127,2025-10-24,2025,10,4,24,22
7128,2025-10-24,2025,10,4,24,23
7129,2025-10-25,2025,10,4,25,0
7130,2025-10-25,2025,10,4,25,1
7131,2025-10-25,2025,10,4,25,2
7132,2025-10-25,2025,10,4,25,3
7133,2025-10-25,2025,10,4,25,4
7134,2025-10-25,2025,10,4,25,5
7135,2025-10-25,2025,10,4,25,6
7136,2025-10-25,2025,10,4,25,7
7137,2025-10-25,2025,10,4,25,8
7138,2025-10-25,2025,10,4,25,9
7139,2025-10-25,2025,10,4,25,10
7140,2025-10-25,2025,10,4,25,11
7141,2025-10-25,2025,10,4,25,12
7142,2025-10-25,2025,10,4,25,13
7143,2025-10-25,2025,10,4,25,14
7144,2025-10-25,2025,10,4,25,15
7145,2025-10-25,2025,10,4,25,16
7146,2025-10-25,2025,10,4,25,17
7147,2025-10-25,2025,10,4,25,18
7148,2025-10-25,2025,10,4,25,19
7149,2025-10-25,2025,10,4,25,20
7150,2025-10-25,2025,10,4,25,21
7151,2025-10-25,2025,10,4,25,22
7152,2025-10-25,2025,10,4,25,23
7153,2025-10-26,2025,10,4,26,0
7154,2025-10-26,2025,10,4,26,1
7155,2025-10-26,2025,10,4,26,2
7156,2025-10-26,2025,10,4,26,3
7157,2025-10-26,2025,10,4,26,4
7158,2025-10-26,2025,10,4,26,5
7159,2025-10-26,2025,10,4,26,6
7160,2025-10-26,2025,10,4,26,7
7161,2025-10-26,2025,10,4,26,8
7162,2025-10-26,2025,10,4,26,9
7163,2025-10-26,2025,10,4,26,10
7164,2025-10-26,2025,10,4,26,11
7165,2025-10-26,2025,10,4,26,12
7166,2025-10-26,2025,10,4,26,13
7167,2025-10-26,2025,10,4,26,14
7168,2025-10-26,2025,10,4,26,15
7169,2025-10-26,2025,10,4,26,16
7170,2025-10-26,2025,10,4,26,17
7171,2025-10-26,2025,10,4,26,18
7172,2025-10-26,2025,10,4,26,19
7173,2025-10-26,2025,10,4,26,20
7174,2025-10-26,2025,10,4,26,21
7175,2025-10-26,2025,10,4,26,22
7176,2025-10-26,2025,10,4,26,23
7177,2025-10-27,2025,10,4,27,0
7178,2025-10-27,2025,10,4,27,1
7179,2025-10-27,2025,10,4,27,2
7180,2025-10-27,2025,10,4,27,3
7181,2025-10-27,2025,10,4,27,4
7182,2025-10-27,2025,10,4,27,5
7183,2025-10-27,2025,10,4,27,6
7184,2025-10-27,2025,10,4,27,7
7185,2025-10-27,2025,10,4,27,8
7186,2025-10-27,2025,10,4,27,9
7187,2025-10-27,2025,10,4,27,10
7188,2025-10-27,2025,10,4,27,11
7189,2025-10-27,2025,10,4,27,12
7190,2025-10-27,2025,10,4,27,13
7191,2025-10-27,2025,10,4,27,14
7192,2025-10-27,2025,10,4,27,15
7193,2025-10-27,2025,10,4,27,16
7194,2025-10-27,2025,10,4,27,17
7195,2025-10-27,2025,10,4,27,18
7196,2025-10-27,2025,10,4,27,19
7197,2025-10-27,2025,10,4,27,20
7198,2025-10-27,2025,10,4,27,21
7199,2025-10-27,2025,10,4,27,22
7200,2025-10-27,2025,10,4,27,23
7201,2025-10-28,2025,10,4,28,0
7202,2025-10-28,2025,10,4,28,1
7203,2025-10-28,2025,10,4,28,2
7204,2025-10-28,2025,10,4,28,3
7205,2025-10-28,2025,10,4,28,4
7206,2025-10-28,2025,10,4,28,5
7207,2025-10-28,2025,10,4,28,6
7208,2025-10-28,2025,10,4,28,7
7209,2025-10-28,2025,10,4,28,8
7210,2025-10-28,2025,10,4,28,9
7211,2025-10-28,2025,10,4,28,10
7212,2025-10-28,2025,10,4,28,11
7213,2025-10-28,2025,10,4,28,12
7214,2025-10-28,2025,10,4,28,13
7215,2025-10-28,2025,10,4,28,14
7216,2025-10-28,2025,10,4,28,15
7217,2025-10-28,2025,10,4,28,16
7218,2025-10-28,2025,10,4,28,17
7219,2025-10-28,2025,10,4,28,18
7220,2025-10-28,2025,10,4,28,19
7221,2025-10-28,2025,10,4,28,20
7222,2025-10-28,2025,10,4,28,21
7223,2025-10-28,2025,10,4,28,22
7224,2025-10-28,2025,10,4,28,23
7225,2025-10-29,2025,10,4,29,0
7226,2025-10-29,2025,10,4,29,1
7227,2025-10-29,2025,10,4,29,2
7228,2025-10-29,2025,10,4,29,3
7229,2025-10-29,2025,10,4,29,4
7230,2025-10-29,2025,10,4,29,5
7231,2025-10-29,2025,10,4,29,6
7232,2025-10-29,2025,10,4,29,7
7233,2025-10-29,2025,10,4,29,8
7234,2025-10-29,2025,10,4,29,9
7235,2025-10-29,2025,10,4,29,10
7236,2025-10-29,2025,10,4,29,11
7237,2025-10-29,2025,10,4,29,12
7238,2025-10-29,2025,10,4,29,13
7239,2025-10-29,2025,10,4,29,14
7240,2025-10-29,2025,10,4,29,15
7241,2025-10-29,2025,10,4,29,16
7242,2025-10-29,2025,10,4,29,17
7243,2025-10-29,2025,10,4,29,18
7244,2025-10-29,2025,10,4,29,19
7245,2025-10-29,2025,10,4,29,20
7246,2025-10-29,2025,10,4,29,21
7247,2025-10-29,2025,10,4,29,22
7248,2025-10-29,2025,10,4,29,23
7249,2025-10-30,2025,10,4,30,0
7250,2025-10-30,2025,10,4,30,1
7251,2025-10-30,2025,10,4,30,2
7252,2025-10-30,2025,10,4,30,3
7253,2025-10-30,2025,10,4,30,4
7254,2025-10-30,2025,10,4,30,5
7255,2025-10-30,2025,10,4,30,6
7256,2025-10-30,2025,10,4,30,7
7257,2025-10-30,2025,10,4,30,8
7258,2025-10-30,2025,10,4,30,9
7259,2025-10-30,2025,10,4,30,10
7260,2025-10-30,2025,10,4,30,11
7261,2025-10-30,2025,10,4,30,12
7262,2025-10-30,2025,10,4,30,13
7263,2025-10-30,2025,10,4,30,14
7264,2025-10-30,2025,10,4,30,15
7265,2025-10-30,2025,10,4,30,16
7266,2025-10-30,2025,10,4,30,17
7267,2025-10-30,2025,10,4,30,18
7268,2025-10-30,2025,10,4,30,19
7269,2025-10-30,2025,10,4,30,20
7270,2025-10-30,2025,10,4,30,21
7271,2025-10-30,2025,10,4,30,22
7272,2025-10-30,2025,10,4,30,23
7273,2025-10-31,2025,10,4,31,0
7274,2025-10-31,2025,10,4,31,1
7275,2025-10-31,2025,10,4,31,2
7276,2025-10-31,2025,10,4,31,3
7277,2025-10-31,2025,10,4,31,4
7278,2025-10-31,2025,10,4,31,5
7279,2025-10-31,2025,10,4,31,6
7280,2025-10-31,2025,10,4,31,7
7281,2025-10-31,2025,10,4,31,8
7282,2025-10-31,2025,10,4,31,9
7283,2025-10-31,2025,10,4,31,10
7284,2025-10-31,2025,10,4,31,11
7285,2025-10-31,2025,10,4,31,12
7286,2025-10-31,2025,10,4,31,13
7287,2025-10-31,2025,10,4,31,14
7288,2025-10-31,2025,10,4,31,15
7289,2025-10-31,2025,10,4,31,16
7290,2025-10-31,2025,10,4,31,17
7291,2025-10-31,2025,10,4,31,18
7292,2025-10-31,2025,10,4,31,19
7293,2025-10-31,2025,10,4,31,20
7294,2025-10-31,2025,10,4,31,21
7295,2025-10-31,2025,10,4,31,22
7296,2025-10-31,2025,10,4,31,23
7297,2025-11-01,2025,11,4,1,0
7298,2025-11-01,2025,11,4,1,1
7299,2025-11-01,2025,11,4,1,2
7300,2025-11-01,2025,11,4,1,3
7301,2025-11-01,2025,11,4,1,4
7302,2025-11-01,2025,11,4,1,5
7303,2025-11-01,2025,11,4,1,6
7304,2025-11-01,2025,11,4,1,7
7305,2025-11-01,2025,11,4,1,8
7306,2025-11-01,2025,11,4,1,9
7307,2025-11-01,2025,11,4,1,10
7308,2025-11-01,2025,11,4,1,11
7309,2025-11-01,2025,11,4,1,12
7310,2025-11-01,2025,11,4,1,13
7311,2025-11-01,2025,11,4,1,14
7312,2025-11-01,2025,11,4,1,15
7313,2025-11-01,2025,11,4,1,16
7314,2025-11-01,2025,11,4,1,17
7315,2025-11-01,2025,11,4,1,18
7316,2025-11-01,2025,11,4,1,19
7317,2025-11-01,2025,11,4,1,20
7318,2025-11-01,2025,11,4,1,21
7319,2025-11-01,2025,11,4,1,22
7320,2025-11-01,2025,11,4,1,23
7321,2025-11-02,2025,11,4,2,0
7322,2025-11-02,2025,11,4,2,1
7323,2025-11-02,2025,11,4,2,2
7324,2025-11-02,2025,11,4,2,3
7325,2025-11-02,2025,11,4,2,4
7326,2025-11-02,2025,11,4,2,5
7327,2025-11-02,2025,11,4,2,6
7328,2025-11-02,2025,11,4,2,7
7329,2025-11-02,2025,11,4,2,8
7330,2025-11-02,2025,11,4,2,9
7331,2025-11-02,2025,11,4,2,10
7332,2025-11-02,2025,11,4,2,11
7333,2025-11-02,2025,11,4,2,12
7334,2025-11-02,2025,11,4,2,13
7335,2025-11-02,2025,11,4,2,14
7336,2025-11-02,2025,11,4,2,15
7337,2025-11-02,2025,11,4,2,16
7338,2025-11-02,2025,11,4,2,17
7339,2025-11-02,2025,11,4,2,18
7340,2025-11-02,2025,11,4,2,19
7341,2025-11-02,2025,11,4,2,20
7342,2025-11-02,2025,11,4,2,21
7343,2025-11-02,2025,11,4,2,22
7344,2025-11-02,2025,11,4,2,23
7345,2025-11-03,2025,11,4,3,0
7346,2025-11-03,2025,11,4,3,1
7347,2025-11-03,2025,11,4,3,2
7348,2025-11-03,2025,11,4,3,3
7349,2025-11-03,2025,11,4,3,4
7350,2025-11-03,2025,11,4,3,5
7351,2025-11-03,2025,11,4,3,6
7352,2025-11-03,2025,11,4,3,7
7353,2025-11-03,2025,11,4,3,8
7354,2025-11-03,2025,11,4,3,9
7355,2025-11-03,2025,11,4,3,10
7356,2025-11-03,2025,11,4,3,11
7357,2025-11-03,2025,11,4,3,12
7358,2025-11-03,2025,11,4,3,13
7359,2025-11-03,2025,11,4,3,14
7360,2025-11-03,2025,11,4,3,15
7361,2025-11-03,2025,11,4,3,16
7362,2025-11-03,2025,11,4,3,17
7363,2025-11-03,2025,11,4,3,18
7364,2025-11-03,2025,11,4,3,19
7365,2025-11-03,2025,11,4,3,20
7366,2025-11-03,2025,11,4,3,21
7367,2025-11-03,2025,11,4,3,22
7368,2025-11-03,2025,11,4,3,23
7369,2025-11-04,2025,11,4,4,0
7370,2025-11-04,2025,11,4,4,1
7371,2025-11-04,2025,11,4,4,2
7372,2025-11-04,2025,11,4,4,3
7373,2025-11-04,2025,11,4,4,4
7374,2025-11-04,2025,11,4,4,5
7375,2025-11-04,2025,11,4,4,6
7376,2025-11-04,2025,11,4,4,7
7377,2025-11-04,2025,11,4,4,8
7378,2025-11-04,2025,11,4,4,9
7379,2025-11-04,2025,11,4,4,10
7380,2025-11-04,2025,11,4,4,11
7381,2025-11-04,2025,11,4,4,12
7382,2025-11-04,2025,11,4,4,13
7383,2025-11-04,2025,11,4,4,14
7384,2025-11-04,2025,11,4,4,15
7385,2025-11-04,2025,11,4,4,16
7386,2025-11-04,2025,11,4,4,17
7387,2025-11-04,2025,11,4,4,18
7388,2025-11-04,2025,11,4,4,19
7389,2025-11-04,2025,11,4,4,20
7390,2025-11-04,2025,11,4,4,21
7391,2025-11-04,2025,11,4,4,22
7392,2025-11-04,2025,11,4,4,23
7393,2025-11-05,2025,11,4,5,0
7394,2025-11-05,2025,11,4,5,1
7395,2025-11-05,2025,11,4,5,2
7396,2025-11-05,2025,11,4,5,3
7397,2025-11-05,2025,11,4,5,4
7398,2025-11-05,2025,11,4,5,5
7399,2025-11-05,2025,11,4,5,6
7400,2025-11-05,2025,11,4,5,7
7401,2025-11-05,2025,11,4,5,8
7402,2025-11-05,2025,11,4,5,9
7403,2025-11-05,2025,11,4,5,10
7404,2025-11-05,2025,11,4,5,11
7405,2025-11-05,2025,11,4,5,12
7406,2025-11-05,2025,11,4,5,13
7407,2025-11-05,2025,11,4,5,14
7408,2025-11-05,2025,11,4,5,15
7409,2025-11-05,2025,11,4,5,16
7410,2025-11-05,2025,11,4,5,17
7411,2025-11-05,2025,11,4,5,18
7412,2025-11-05,2025,11,4,5,19
7413,2025-11-05,2025,11,4,5,20
7414,2025-11-05,2025,11,4,5,21
7415,2025-11-05,2025,11,4,5,22
7416,2025-11-05,2025,11,4,5,23
7417,2025-11-06,2025,11,4,6,0
7418,2025-11-06,2025,11,4,6,1
7419,2025-11-06,2025,11,4,6,2
7420,2025-11-06,2025,11,4,6,3
7421,2025-11-06,2025,11,4,6,4
7422,2025-11-06,2025,11,4,6,5
7423,2025-11-06,2025,11,4,6,6
7424,2025-11-06,2025,11,4,6,7
7425,2025-11-06,2025,11,4,6,8
7426,2025-11-06,2025,11,4,6,9
7427,2025-11-06,2025,11,4,6,10
7428,2025-11-06,2025,11,4,6,11
7429,2025-11-06,2025,11,4,6,12
7430,2025-11-06,2025,11,4,6,13
7431,2025-11-06,2025,11,4,6,14
7432,2025-11-06,2025,11,4,6,15
7433,2025-11-06,2025,11,4,6,16
7434,2025-11-06,2025,11,4,6,17
7435,2025-11-06,2025,11,4,6,18
7436,2025-11-06,2025,11,4,6,19
7437,2025-11-06,2025,11,4,6,20
7438,2025-11-06,2025,11,4,6,21
7439,2025-11-06,2025,11,4,6,22
7440,2025-11-06,2025,11,4,6,23
7441,2025-11-07,2025,11,4,7,0
7442,2025-11-07,2025,11,4,7,1
7443,2025-11-07,2025,11,4,7,2
7444,2025-11-07,2025,11,4,7,3
7445,2025-11-07,2025,11,4,7,4
7446,2025-11-07,2025,11,4,7,5
7447,2025-11-07,2025,11,4,7,6
7448,2025-11-07,2025,11,4,7,7
7449,2025-11-07,2025,11,4,7,8
7450,2025-11-07,2025,11,4,7,9
7451,2025-11-07,2025,11,4,7,10
7452,2025-11-07,2025,11,4,7,11
7453,2025-11-07,2025,11,4,7,12
7454,2025-11-07,2025,11,4,7,13
7455,2025-11-07,2025,11,4,7,14
7456,2025-11-07,2025,11,4,7,15
7457,2025-11-07,2025,11,4,7,16
7458,2025-11-07,2025,11,4,7,17
7459,2025-11-07,2025,11,4,7,18
7460,2025-11-07,2025,11,4,7,19
7461,2025-11-07,2025,11,4,7,20
7462,2025-11-07,2025,11,4,7,21
7463,2025-11-07,2025,11,4,7,22
7464,2025-11-07,2025,11,4,7,23
7465,2025-11-08,2025,11,4,8,0
7466,2025-11-08,2025,11,4,8,1
7467,2025-11-08,2025,11,4,8,2
7468,2025-11-08,2025,11,4,8,3
7469,2025-11-08,2025,11,4,8,4
7470,2025-11-08,2025,11,4,8,5
7471,2025-11-08,2025,11,4,8,6
7472,2025-11-08,2025,11,4,8,7
7473,2025-11-08,2025,11,4,8,8
7474,2025-11-08,2025,11,4,8,9
7475,2025-11-08,2025,11,4,8,10
7476,2025-11-08,2025,11,4,8,11
7477,2025-11-08,2025,11,4,8,12
7478,2025-11-08,2025,11,4,8,13
7479,2025-11-08,2025,11,4,8,14
7480,2025-11-08,2025,11,4,8,15
7481,2025-11-08,2025,11,4,8,16
7482,2025-11-08,2025,11,4,8,17
7483,2025-11-08,2025,11,4,8,18
7484,2025-11-08,2025,11,4,8,19
7485,2025-11-08,2025,11,4,8,20
7486,2025-11-08,2025,11,4,8,21
7487,2025-11-08,2025,11,4,8,22
7488,2025-11-08,2025,11,4,8,23
7489,2025-11-09,2025,11,4,9,0
7490,2025-11-09,2025,11,4,9,1
7491,2025-11-09,2025,11,4,9,2
7492,2025-11-09,2025,11,4,9,3
7493,2025-11-09,2025,11,4,9,4
7494,2025-11-09,2025,11,4,9,5
7495,2025-11-09,2025,11,4,9,6
7496,2025-11-09,2025,11,4,9,7
7497,2025-11-09,2025,11,4,9,8
7498,2025-11-09,2025,11,4,9,9
7499,2025-11-09,2025,11,4,9,10
7500,2025-11-09,2025,11,4,9,11
7501,2025-11-09,2025,11,4,9,12
7502,2025-11-09,2025,11,4,9,13
7503,2025-11-09,2025,11,4,9,14
7504,2025-11-09,2025,11,4,9,15
7505,2025-11-09,2025,11,4,9,16
7506,2025-11-09,2025,11,4,9,17
7507,2025-11-09,2025,11,4,9,18
7508,2025-11-09,2025,11,4,9,19
7509,2025-11-09,2025,11,4,9,20
7510,2025-11-09,2025,11,4,9,21
7511,2025-11-09,2025,11,4,9,22
7512,2025-11-09,2025,11,4,9,23
7513,2025-11-10,2025,11,4,10,0
7514,2025-11-10,2025,11,4,10,1
7515,2025-11-10,2025,11,4,10,2
7516,2025-11-10,2025,11,4,10,3
7517,2025-11-10,2025,11,4,10,4
7518,2025-11-10,2025,11,4,10,5
7519,2025-11-10,2025,11,4,10,6
7520,2025-11-10,2025,11,4,10,7
7521,2025-11-10,2025,11,4,10,8
7522,2025-11-10,2025,11,4,10,9
7523,2025-11-10,2025,11,4,10,10
7524,2025-11-10,2025,11,4,10,11
7525,2025-11-10,2025,11,4,10,12
7526,2025-11-10,2025,11,4,10,13
7527,2025-11-10,2025,11,4,10,14
7528,2025-11-10,2025,11,4,10,15
7529,2025-11-10,2025,11,4,10,16
7530,2025-11-10,2025,11,4,10,17
7531,2025-11-10,2025,11,4,10,18
7532,2025-11-10,2025,11,4,10,19
7533,2025-11-10,2025,11,4,10,20
7534,2025-11-10,2025,11,4,10,21
7535,2025-11-10,2025,11,4,10,22
7536,2025-11-10,2025,11,4,10,23
7537,2025-11-11,2025,11,4,11,0
7538,2025-11-11,2025,11,4,11,1
7539,2025-11-11,2025,11,4,11,2
7540,2025-11-11,2025,11,4,11,3
7541,2025-11-11,2025,11,4,11,4
7542,2025-11-11,2025,11,4,11,5
7543,2025-11-11,2025,11,4,11,6
7544,2025-11-11,2025,11,4,11,7
7545,2025-11-11,2025,11,4,11,8
7546,2025-11-11,2025,11,4,11,9
7547,2025-11-11,2025,11,4,11,10
7548,2025-11-11,2025,11,4,11,11
7549,2025-11-11,2025,11,4,11,12
7550,2025-11-11,2025,11,4,11,13
7551,2025-11-11,2025,11,4,11,14
7552,2025-11-11,2025,11,4,11,15
7553,2025-11-11,2025,11,4,11,16
7554,2025-11-11,2025,11,4,11,17
7555,2025-11-11,2025,11,4,11,18
7556,2025-11-11,2025,11,4,11,19
7557,2025-11-11,2025,11,4,11,20
7558,2025-11-11,2025,11,4,11,21
7559,2025-11-11,2025,11,4,11,22
7560,2025-11-11,2025,11,4,11,23
7561,2025-11-12,2025,11,4,12,0
7562,2025-11-12,2025,11,4,12,1
7563,2025-11-12,2025,11,4,12,2
7564,2025-11-12,2025,11,4,12,3
7565,2025-11-12,2025,11,4,12,4
7566,2025-11-12,2025,11,4,12,5
7567,2025-11-12,2025,11,4,12,6
7568,2025-11-12,2025,11,4,12,7
7569,2025-11-12,2025,11,4,12,8
7570,2025-11-12,2025,11,4,12,9
7571,2025-11-12,2025,11,4,12,10
7572,2025-11-12,2025,11,4,12,11
7573,2025-11-12,2025,11,4,12,12
7574,2025-11-12,2025,11,4,12,13
7575,2025-11-12,2025,11,4,12,14
7576,2025-11-12,2025,11,4,12,15
7577,2025-11-12,2025,11,4,12,16
7578,2025-11-12,2025,11,4,12,17
7579,2025-11-12,2025,11,4,12,18
7580,2025-11-12,2025,11,4,12,19
7581,2025-11-12,2025,11,4,12,20
7582,2025-11-12,2025,11,4,12,21
7583,2025-11-12,2025,11,4,12,22
7584,2025-11-12,2025,11,4,12,23
7585,2025-11-13,2025,11,4,13,0
7586,2025-11-13,2025,11,4,13,1
7587,2025-11-13,2025,11,4,13,2
7588,2025-11-13,2025,11,4,13,3
7589,2025-11-13,2025,11,4,13,4
7590,2025-11-13,2025,11,4,13,5
7591,2025-11-13,2025,11,4,13,6
7592,2025-11-13,2025,11,4,13,7
7593,2025-11-13,2025,11,4,13,8
7594,2025-11-13,2025,11,4,13,9
7595,2025-11-13,2025,11,4,13,10
7596,2025-11-13,2025,11,4,13,11
7597,2025-11-13,2025,11,4,13,12
7598,2025-11-13,2025,11,4,13,13
7599,2025-11-13,2025,11,4,13,14
7600,2025-11-13,2025,11,4,13,15
7601,2025-11-13,2025,11,4,13,16
7602,2025-11-13,2025,11,4,13,17
7603,2025-11-13,2025,11,4,13,18
7604,2025-11-13,2025,11,4,13,19
7605,2025-11-13,2025,11,4,13,20
7606,2025-11-13,2025,11,4,13,21
7607,2025-11-13,2025,11,4,13,22
7608,2025-11-13,2025,11,4,13,23
7609,2025-11-14,2025,11,4,14,0
7610,2025-11-14,2025,11,4,14,1
7611,2025-11-14,2025,11,4,14,2
7612,2025-11-14,2025,11,4,14,3
7613,2025-11-14,2025,11,4,14,4
7614,2025-11-14,2025,11,4,14,5
7615,2025-11-14,2025,11,4,14,6
7616,2025-11-14,2025,11,4,14,7
7617,2025-11-14,2025,11,4,14,8
7618,2025-11-14,2025,11,4,14,9
7619,2025-11-14,2025,11,4,14,10
7620,2025-11-14,2025,11,4,14,11
7621,2025-11-14,2025,11,4,14,12
7622,2025-11-14,2025,11,4,14,13
7623,2025-11-14,2025,11,4,14,14
7624,2025-11-14,2025,11,4,14,15
7625,2025-11-14,2025,11,4,14,16
7626,2025-11-14,2025,11,4,14,17
7627,2025-11-14,2025,11,4,14,18
7628,2025-11-14,2025,11,4,14,19
7629,2025-11-14,2025,11,4,14,20
7630,2025-11-14,2025,11,4,14,21
7631,2025-11-14,2025,11,4,14,22
7632,2025-11-14,2025,11,4,14,23
7633,2025-11-15,2025,11,4,15,0
7634,2025-11-15,2025,11,4,15,1
7635,2025-11-15,2025,11,4,15,2
7636,2025-11-15,2025,11,4,15,3
7637,2025-11-15,2025,11,4,15,4
7638,2025-11-15,2025,11,4,15,5
7639,2025-11-15,2025,11,4,15,6
7640,2025-11-15,2025,11,4,15,7
7641,2025-11-15,2025,11,4,15,8
7642,2025-11-15,2025,11,4,15,9
7643,2025-11-15,2025,11,4,15,10
7644,2025-11-15,2025,11,4,15,11
7645,2025-11-15,2025,11,4,15,12
7646,2025-11-15,2025,11,4,15,13
7647,2025-11-15,2025,11,4,15,14
7648,2025-11-15,2025,11,4,15,15
7649,2025-11-15,2025,11,4,15,16
7650,2025-11-15,2025,11,4,15,17
7651,2025-11-15,2025,11,4,15,18
7652,2025-11-15,2025,11,4,15,19
7653,2025-11-15,2025,11,4,15,20
7654,2025-11-15,2025,11,4,15,21
7655,2025-11-15,2025,11,4,15,22
7656,2025-11-15,2025,11,4,15,23
7657,2025-11-16,2025,11,4,16,0
7658,2025-11-16,2025,11,4,16,1
7659,2025-11-16,2025,11,4,16,2
7660,2025-11-16,2025,11,4,16,3
7661,2025-11-16,2025,11,4,16,4
7662,2025-11-16,2025,11,4,16,5
7663,2025-11-16,2025,11,4,16,6
7664,2025-11-16,2025,11,4,16,7
7665,2025-11-16,2025,11,4,16,8
7666,2025-11-16,2025,11,4,16,9
7667,2025-11-16,2025,11,4,16,10
7668,2025-11-16,2025,11,4,16,11
7669,2025-11-16,2025,11,4,16,12
7670,2025-11-16,2025,11,4,16,13
7671,2025-11-16,2025,11,4,16,14
7672,2025-11-16,2025,11,4,16,15
7673,2025-11-16,2025,11,4,16,16
7674,2025-11-16,2025,11,4,16,17
7675,2025-11-16,2025,11,4,16,18
7676,2025-11-16,2025,11,4,16,19
7677,2025-11-16,2025,11,4,16,20
7678,2025-11-16,2025,11,4,16,21
7679,2025-11-16,2025,11,4,16,22
7680,2025-11-16,2025,11,4,16,23
7681,2025-11-17,2025,11,4,17,0
7682,2025-11-17,2025,11,4,17,1
7683,2025-11-17,2025,11,4,17,2
7684,2025-11-17,2025,11,4,17,3
7685,2025-11-17,2025,11,4,17,4
7686,2025-11-17,2025,11,4,17,5
7687,2025-11-17,2025,11,4,17,6
7688,2025-11-17,2025,11,4,17,7
7689,2025-11-17,2025,11,4,17,8
7690,2025-11-17,2025,11,4,17,9
7691,2025-11-17,2025,11,4,17,10
7692,2025-11-17,2025,11,4,17,11
7693,2025-11-17,2025,11,4,17,12
7694,2025-11-17,2025,11,4,17,13
7695,2025-11-17,2025,11,4,17,14
7696,2025-11-17,2025,11,4,17,15
7697,2025-11-17,2025,11,4,17,16
7698,2025-11-17,2025,11,4,17,17
7699,2025-11-17,2025,11,4,17,18
7700,2025-11-17,2025,11,4,17,19
7701,2025-11-17,2025,11,4,17,20
7702,2025-11-17,2025,11,4,17,21
7703,2025-11-17,2025,11,4,17,22
7704,2025-11-17,2025,11,4,17,23
7705,2025-11-18,2025,11,4,18,0
7706,2025-11-18,2025,11,4,18,1
7707,2025-11-18,2025,11,4,18,2
7708,2025-11-18,2025,11,4,18,3
7709,2025-11-18,2025,11,4,18,4
7710,2025-11-18,2025,11,4,18,5
7711,2025-11-18,2025,11,4,18,6
7712,2025-11-18,2025,11,4,18,7
7713,2025-11-18,2025,11,4,18,8
7714,2025-11-18,2025,11,4,18,9
7715,2025-11-18,2025,11,4,18,10
7716,2025-11-18,2025,11,4,18,11
7717,2025-11-18,2025,11,4,18,12
7718,2025-11-18,2025,11,4,18,13
7719,2025-11-18,2025,11,4,18,14
7720,2025-11-18,2025,11,4,18,15
7721,2025-11-18,2025,11,4,18,16
7722,2025-11-18,2025,11,4,18,17
7723,2025-11-18,2025,11,4,18,18
7724,2025-11-18,2025,11,4,18,19
7725,2025-11-18,2025,11,4,18,20
7726,2025-11-18,2025,11,4,18,21
7727,2025-11-18,2025,11,4,18,22
7728,2025-11-18,2025,11,4,18,23
7729,2025-11-19,2025,11,4,19,0
7730,2025-11-19,2025,11,4,19,1
7731,2025-11-19,2025,11,4,19,2
7732,2025-11-19,2025,11,4,19,3
7733,2025-11-19,2025,11,4,19,4
7734,2025-11-19,2025,11,4,19,5
7735,2025-11-19,2025,11,4,19,6
7736,2025-11-19,2025,11,4,19,7
7737,2025-11-19,2025,11,4,19,8
7738,2025-11-19,2025,11,4,19,9
7739,2025-11-19,2025,11,4,19,10
7740,2025-11-19,2025,11,4,19,11
7741,2025-11-19,2025,11,4,19,12
7742,2025-11-19,2025,11,4,19,13
7743,2025-11-19,2025,11,4,19,14
7744,2025-11-19,2025,11,4,19,15
7745,2025-11-19,2025,11,4,19,16
7746,2025-11-19,2025,11,4,19,17
7747,2025-11-19,2025,11,4,19,18
7748,2025-11-19,2025,11,4,19,19
7749,2025-11-19,2025,11,4,19,20
7750,2025-11-19,2025,11,4,19,21
7751,2025-11-19,2025,11,4,19,22
7752,2025-11-19,2025,11,4,19,23
7753,2025-11-20,2025,11,4,20,0
7754,2025-11-20,2025,11,4,20,1
7755,2025-11-20,2025,11,4,20,2
7756,2025-11-20,2025,11,4,20,3
7757,2025-11-20,2025,11,4,20,4
7758,2025-11-20,2025,11,4,20,5
7759,2025-11-20,2025,11,4,20,6
7760,2025-11-20,2025,11,4,20,7
7761,2025-11-20,2025,11,4,20,8
7762,2025-11-20,2025,11,4,20,9
7763,2025-11-20,2025,11,4,20,10
7764,2025-11-20,2025,11,4,20,11
7765,2025-11-20,2025,11,4,20,12
7766,2025-11-20,2025,11,4,20,13
7767,2025-11-20,2025,11,4,20,14
7768,2025-11-20,2025,11,4,20,15
7769,2025-11-20,2025,11,4,20,16
7770,2025-11-20,2025,11,4,20,17
7771,2025-11-20,2025,11,4,20,18
7772,2025-11-20,2025,11,4,20,19
7773,2025-11-20,2025,11,4,20,20
7774,2025-11-20,2025,11,4,20,21
7775,2025-11-20,2025,11,4,20,22
7776,2025-11-20,2025,11,4,20,23
7777,2025-11-21,2025,11,4,21,0
7778,2025-11-21,2025,11,4,21,1
7779,2025-11-21,2025,11,4,21,2
7780,2025-11-21,2025,11,4,21,3
7781,2025-11-21,2025,11,4,21,4
7782,2025-11-21,2025,11,4,21,5
7783,2025-11-21,2025,11,4,21,6
7784,2025-11-21,2025,11,4,21,7
7785,2025-11-21,2025,11,4,21,8
7786,2025-11-21,2025,11,4,21,9
7787,2025-11-21,2025,11,4,21,10
7788,2025-11-21,2025,11,4,21,11
7789,2025-11-21,2025,11,4,21,12
7790,2025-11-21,2025,11,4,21,13
7791,2025-11-21,2025,11,4,21,14
7792,2025-11-21,2025,11,4,21,15
7793,2025-11-21,2025,11,4,21,16
7794,2025-11-21,2025,11,4,21,17
7795,2025-11-21,2025,11,4,21,18
7796,2025-11-21,2025,11,4,21,19
7797,2025-11-21,2025,11,4,21,20
7798,2025-11-21,2025,11,4,21,21
7799,2025-11-21,2025,11,4,21,22
7800,2025-11-21,2025,11,4,21,23
7801,2025-11-22,2025,11,4,22,0
7802,2025-11-22,2025,11,4,22,1
7803,2025-11-22,2025,11,4,22,2
7804,2025-11-22,2025,11,4,22,3
7805,2025-11-22,2025,11,4,22,4
7806,2025-11-22,2025,11,4,22,5
7807,2025-11-22,2025,11,4,22,6
7808,2025-11-22,2025,11,4,22,7
7809,2025-11-22,2025,11,4,22,8
7810,2025-11-22,2025,11,4,22,9
7811,2025-11-22,2025,11,4,22,10
7812,2025-11-22,2025,11,4,22,11
7813,2025-11-22,2025,11,4,22,12
7814,2025-11-22,2025,11,4,22,13
7815,2025-11-22,2025,11,4,22,14
7816,2025-11-22,2025,11,4,22,15
7817,2025-11-22,2025,11,4,22,16
7818,2025-11-22,2025,11,4,22,17
7819,2025-11-22,2025,11,4,22,18
7820,2025-11-22,2025,11,4,22,19
7821,2025-11-22,2025,11,4,22,20
7822,2025-11-22,2025,11,4,22,21
7823,2025-11-22,2025,11,4,22,22
7824,2025-11-22,2025,11,4,22,23
7825,2025-11-23,2025,11,4,23,0
7826,2025-11-23,2025,11,4,23,1
7827,2025-11-23,2025,11,4,23,2
7828,2025-11-23,2025,11,4,23,3
7829,2025-11-23,2025,11,4,23,4
7830,2025-11-23,2025,11,4,23,5
7831,2025-11-23,2025,11,4,23,6
7832,2025-11-23,2025,11,4,23,7
7833,2025-11-23,2025,11,4,23,8
7834,2025-11-23,2025,11,4,23,9
7835,2025-11-23,2025,11,4,23,10
7836,2025-11-23,2025,11,4,23,11
7837,2025-11-23,2025,11,4,23,12
7838,2025-11-23,2025,11,4,23,13
7839,2025-11-23,2025,11,4,23,14
7840,2025-11-23,2025,11,4,23,15
7841,2025-11-23,2025,11,4,23,16
7842,2025-11-23,2025,11,4,23,17
7843,2025-11-23,2025,11,4,23,18
7844,2025-11-23,2025,11,4,23,19
7845,2025-11-23,2025,11,4,23,20
7846,2025-11-23,2025,11,4,23,21
7847,2025-11-23,2025,11,4,23,22
7848,2025-11-23,2025,11,4,23,23
7849,2025-11-24,2025,11,4,24,0
7850,2025-11-24,2025,11,4,24,1
7851,2025-11-24,2025,11,4,24,2
7852,2025-11-24,2025,11,4,24,3
7853,2025-11-24,2025,11,4,24,4
7854,2025-11-24,2025,11,4,24,5
7855,2025-11-24,2025,11,4,24,6
7856,2025-11-24,2025,11,4,24,7
7857,2025-11-24,2025,11,4,24,8
7858,2025-11-24,2025,11,4,24,9
7859,2025-11-24,2025,11,4,24,10
7860,2025-11-24,2025,11,4,24,11
7861,2025-11-24,2025,11,4,24,12
7862,2025-11-24,2025,11,4,24,13
7863,2025-11-24,2025,11,4,24,14
7864,2025-11-24,2025,11,4,24,15
7865,2025-11-24,2025,11,4,24,16
7866,2025-11-24,2025,11,4,24,17
7867,2025-11-24,2025,11,4,24,18
7868,2025-11-24,2025,11,4,24,19
7869,2025-11-24,2025,11,4,24,20
7870,2025-11-24,2025,11,4,24,21
7871,2025-11-24,2025,11,4,24,22
7872,2025-11-24,2025,11,4,24,23
7873,2025-11-25,2025,11,4,25,0
7874,2025-11-25,2025,11,4,25,1
7875,2025-11-25,2025,11,4,25,2
7876,2025-11-25,2025,11,4,25,3
7877,2025-11-25,2025,11,4,25,4
7878,2025-11-25,2025,11,4,25,5
7879,2025-11-25,2025,11,4,25,6
7880,2025-11-25,2025,11,4,25,7
7881,2025-11-25,2025,11,4,25,8
7882,2025-11-25,2025,11,4,25,9
7883,2025-11-25,2025,11,4,25,10
7884,2025-11-25,2025,11,4,25,11
7885,2025-11-25,2025,11,4,25,12
7886,2025-11-25,2025,11,4,25,13
7887,2025-11-25,2025,11,4,25,14
7888,2025-11-25,2025,11,4,25,15
7889,2025-11-25,2025,11,4,25,16
7890,2025-11-25,2025,11,4,25,17
7891,2025-11-25,2025,11,4,25,18
7892,2025-11-25,2025,11,4,25,19
7893,2025-11-25,2025,11,4,25,20
7894,2025-11-25,2025,11,4,25,21
7895,2025-11-25,2025,11,4,25,22
7896,2025-11-25,2025,11,4,25,23
7897,2025-11-26,2025,11,4,26,0
7898,2025-11-26,2025,11,4,26,1
7899,2025-11-26,2025,11,4,26,2
7900,2025-11-26,2025,11,4,26,3
7901,2025-11-26,2025,11,4,26,4
7902,2025-11-26,2025,11,4,26,5
7903,2025-11-26,2025,11,4,26,6
7904,2025-11-26,2025,11,4,26,7
7905,2025-11-26,2025,11,4,26,8
7906,2025-11-26,2025,11,4,26,9
7907,2025-11-26,2025,11,4,26,10
7908,2025-11-26,2025,11,4,26,11
7909,2025-11-26,2025,11,4,26,12
7910,2025-11-26,2025,11,4,26,13
7911,2025-11-26,2025,11,4,26,14
7912,2025-11-26,2025,11,4,26,15
7913,2025-11-26,2025,11,4,26,16
7914,2025-11-26,2025,11,4,26,17
7915,2025-11-26,2025,11,4,26,18
7916,2025-11-26,2025,11,4,26,19
7917,2025-11-26,2025,11,4,26,20
7918,2025-11-26,2025,11,4,26,21
7919,2025-11-26,2025,11,4,26,22
7920,2025-11-26,2025,11,4,26,23
7921,2025-11-27,2025,11,4,27,0
7922,2025-11-27,2025,11,4,27,1
7923,2025-11-27,2025,11,4,27,2
7924,2025-11-27,2025,11,4,27,3
7925,2025-11-27,2025,11,4,27,4
7926,2025-11-27,2025,11,4,27,5
7927,2025-11-27,2025,11,4,27,6
7928,2025-11-27,2025,11,4,27,7
7929,2025-11-27,2025,11,4,27,8
7930,2025-11-27,2025,11,4,27,9
7931,2025-11-27,2025,11,4,27,10
7932,2025-11-27,2025,11,4,27,11
7933,2025-11-27,2025,11,4,27,12
7934,2025-11-27,2025,11,4,27,13
7935,2025-11-27,2025,11,4,27,14
7936,2025-11-27,2025,11,4,27,15
7937,2025-11-27,2025,11,4,27,16
7938,2025-11-27,2025,11,4,27,17
7939,2025-11-27,2025,11,4,27,18
7940,2025-11-27,2025,11,4,27,19
7941,2025-11-27,2025,11,4,27,20
7942,2025-11-27,2025,11,4,27,21
7943,2025-11-27,2025,11,4,27,22
7944,2025-11-27,2025,11,4,27,23
7945,2025-11-28,2025,11,4,28,0
7946,2025-11-28,2025,11,4,28,1
7947,2025-11-28,2025,11,4,28,2
7948,2025-11-28,2025,11,4,28,3
7949,2025-11-28,2025,11,4,28,4
7950,2025-11-28,2025,11,4,28,5
7951,2025-11-28,2025,11,4,28,6
7952,2025-11-28,2025,11,4,28,7
7953,2025-11-28,2025,11,4,28,8
7954,2025-11-28,2025,11,4,28,9
7955,2025-11-28,2025,11,4,28,10
7956,2025-11-28,2025,11,4,28,11
7957,2025-11-28,2025,11,4,28,12
7958,2025-11-28,2025,11,4,28,13
7959,2025-11-28,2025,11,4,28,14
7960,2025-11-28,2025,11,4,28,15
7961,2025-11-28,2025,11,4,28,16
7962,2025-11-28,2025,11,4,28,17
7963,2025-11-28,2025,11,4,28,18
7964,2025-11-28,2025,11,4,28,19
7965,2025-11-28,2025,11,4,28,20
7966,2025-11-28,2025,11,4,28,21
7967,2025-11-28,2025,11,4,28,22
7968,2025-11-28,2025,11,4,28,23
7969,2025-11-29,2025,11,4,29,0
7970,2025-11-29,2025,11,4,29,1
7971,2025-11-29,2025,11,4,29,2
7972,2025-11-29,2025,11,4,29,3
7973,2025-11-29,2025,11,4,29,4
7974,2025-11-29,2025,11,4,29,5
7975,2025-11-29,2025,11,4,29,6
7976,2025-11-29,2025,11,4,29,7
7977,2025-11-29,2025,11,4,29,8
7978,2025-11-29,2025,11,4,29,9
7979,2025-11-29,2025,11,4,29,10
7980,2025-11-29,2025,11,4,29,11
7981,2025-11-29,2025,11,4,29,12
7982,2025-11-29,2025,11,4,29,13
7983,2025-11-29,2025,11,4,29,14
7984,2025-11-29,2025,11,4,29,15
7985,2025-11-29,2025,11,4,29,16
7986,2025-11-29,2025,11,4,29,17
7987,2025-11-29,2025,11,4,29,18
7988,2025-11-29,2025,11,4,29,19
7989,2025-11-29,2025,11,4,29,20
7990,2025-11-29,2025,11,4,29,21
7991,2025-11-29,2025,11,4,29,22
7992,2025-11-29,2025,11,4,29,23
7993,2025-11-30,2025,11,4,30,0
7994,2025-11-30,2025,11,4,30,1
7995,2025-11-30,2025,11,4,30,2
7996,2025-11-30,2025,11,4,30,3
7997,2025-11-30,2025,11,4,30,4
7998,2025-11-30,2025,11,4,30,5
7999,2025-11-30,2025,11,4,30,6
8000,2025-11-30,2025,11,4,30,7
8001,2025-11-30,2025,11,4,30,8
8002,2025-11-30,2025,11,4,30,9
8003,2025-11-30,2025,11,4,30,10
8004,2025-11-30,2025,11,4,30,11
8005,2025-11-30,2025,11,4,30,12
8006,2025-11-30,2025,11,4,30,13
8007,2025-11-30,2025,11,4,30,14
8008,2025-11-30,2025,11,4,30,15
8009,2025-11-30,2025,11,4,30,16
8010,2025-11-30,2025,11,4,30,17
8011,2025-11-30,2025,11,4,30,18
8012,2025-11-30,2025,11,4,30,19
8013,2025-11-30,2025,11,4,30,20
8014,2025-11-30,2025,11,4,30,21
8015,2025-11-30,2025,11,4,30,22
8016,2025-11-30,2025,11,4,30,23
8017,2025-12-01,2025,12,4,1,0
8018,2025-12-01,2025,12,4,1,1
8019,2025-12-01,2025,12,4,1,2
8020,2025-12-01,2025,12,4,1,3
8021,2025-12-01,2025,12,4,1,4
8022,2025-12-01,2025,12,4,1,5
8023,2025-12-01,2025,12,4,1,6
8024,2025-12-01,2025,12,4,1,7
8025,2025-12-01,2025,12,4,1,8
8026,2025-12-01,2025,12,4,1,9
8027,2025-12-01,2025,12,4,1,10
8028,2025-12-01,2025,12,4,1,11
8029,2025-12-01,2025,12,4,1,12
8030,2025-12-01,2025,12,4,1,13
8031,2025-12-01,2025,12,4,1,14
8032,2025-12-01,2025,12,4,1,15
8033,2025-12-01,2025,12,4,1,16
8034,2025-12-01,2025,12,4,1,17
8035,2025-12-01,2025,12,4,1,18
8036,2025-12-01,2025,12,4,1,19
8037,2025-12-01,2025,12,4,1,20
8038,2025-12-01,2025,12,4,1,21
8039,2025-12-01,2025,12,4,1,22
8040,2025-12-01,2025,12,4,1,23
8041,2025-12-02,2025,12,4,2,0
8042,2025-12-02,2025,12,4,2,1
8043,2025-12-02,2025,12,4,2,2
8044,2025-12-02,2025,12,4,2,3
8045,2025-12-02,2025,12,4,2,4
8046,2025-12-02,2025,12,4,2,5
8047,2025-12-02,2025,12,4,2,6
8048,2025-12-02,2025,12,4,2,7
8049,2025-12-02,2025,12,4,2,8
8050,2025-12-02,2025,12,4,2,9
8051,2025-12-02,2025,12,4,2,10
8052,2025-12-02,2025,12,4,2,11
8053,2025-12-02,2025,12,4,2,12
8054,2025-12-02,2025,12,4,2,13
8055,2025-12-02,2025,12,4,2,14
8056,2025-12-02,2025,12,4,2,15
8057,2025-12-02,2025,12,4,2,16
8058,2025-12-02,2025,12,4,2,17
8059,2025-12-02,2025,12,4,2,18
8060,2025-12-02,2025,12,4,2,19
8061,2025-12-02,2025,12,4,2,20
8062,2025-12-02,2025,12,4,2,21
8063,2025-12-02,2025,12,4,2,22
8064,2025-12-02,2025,12,4,2,23
8065,2025-12-03,2025,12,4,3,0
8066,2025-12-03,2025,12,4,3,1
8067,2025-12-03,2025,12,4,3,2
8068,2025-12-03,2025,12,4,3,3
8069,2025-12-03,2025,12,4,3,4
8070,2025-12-03,2025,12,4,3,5
8071,2025-12-03,2025,12,4,3,6
8072,2025-12-03,2025,12,4,3,7
8073,2025-12-03,2025,12,4,3,8
8074,2025-12-03,2025,12,4,3,9
8075,2025-12-03,2025,12,4,3,10
8076,2025-12-03,2025,12,4,3,11
8077,2025-12-03,2025,12,4,3,12
8078,2025-12-03,2025,12,4,3,13
8079,2025-12-03,2025,12,4,3,14
8080,2025-12-03,2025,12,4,3,15
8081,2025-12-03,2025,12,4,3,16
8082,2025-12-03,2025,12,4,3,17
8083,2025-12-03,2025,12,4,3,18
8084,2025-12-03,2025,12,4,3,19
8085,2025-12-03,2025,12,4,3,20
8086,2025-12-03,2025,12,4,3,21
8087,2025-12-03,2025,12,4,3,22
8088,2025-12-03,2025,12,4,3,23
8089,2025-12-04,2025,12,4,4,0
8090,2025-12-04,2025,12,4,4,1
8091,2025-12-04,2025,12,4,4,2
8092,2025-12-04,2025,12,4,4,3
8093,2025-12-04,2025,12,4,4,4
8094,2025-12-04,2025,12,4,4,5
8095,2025-12-04,2025,12,4,4,6
8096,2025-12-04,2025,12,4,4,7
8097,2025-12-04,2025,12,4,4,8
8098,2025-12-04,2025,12,4,4,9
8099,2025-12-04,2025,12,4,4,10
8100,2025-12-04,2025,12,4,4,11
8101,2025-12-04,2025,12,4,4,12
8102,2025-12-04,2025,12,4,4,13
8103,2025-12-04,2025,12,4,4,14
8104,2025-12-04,2025,12,4,4,15
8105,2025-12-04,2025,12,4,4,16
8106,2025-12-04,2025,12,4,4,17
8107,2025-12-04,2025,12,4,4,18
8108,2025-12-04,2025,12,4,4,19
8109,2025-12-04,2025,12,4,4,20
8110,2025-12-04,2025,12,4,4,21
8111,2025-12-04,2025,12,4,4,22
8112,2025-12-04,2025,12,4,4,23
8113,2025-12-05,2025,12,4,5,0
8114,2025-12-05,2025,12,4,5,1
8115,2025-12-05,2025,12,4,5,2
8116,2025-12-05,2025,12,4,5,3
8117,2025-12-05,2025,12,4,5,4
8118,2025-12-05,2025,12,4,5,5
8119,2025-12-05,2025,12,4,5,6
8120,2025-12-05,2025,12,4,5,7
8121,2025-12-05,2025,12,4,5,8
8122,2025-12-05,2025,12,4,5,9
8123,2025-12-05,2025,12,4,5,10
8124,2025-12-05,2025,12,4,5,11
8125,2025-12-05,2025,12,4,5,12
8126,2025-12-05,2025,12,4,5,13
8127,2025-12-05,2025,12,4,5,14
8128,2025-12-05,2025,12,4,5,15
8129,2025-12-05,2025,12,4,5,16
8130,2025-12-05,2025,12,4,5,17
8131,2025-12-05,2025,12,4,5,18
8132,2025-12-05,2025,12,4,5,19
8133,2025-12-05,2025,12,4,5,20
8134,2025-12-05,2025,12,4,5,21
8135,2025-12-05,2025,12,4,5,22
8136,2025-12-05,2025,12,4,5,23
8137,2025-12-06,2025,12,4,6,0
8138,2025-12-06,2025,12,4,6,1
8139,2025-12-06,2025,12,4,6,2
8140,2025-12-06,2025,12,4,6,3
8141,2025-12-06,2025,12,4,6,4
8142,2025-12-06,2025,12,4,6,5
8143,2025-12-06,2025,12,4,6,6
8144,2025-12-06,2025,12,4,6,7
8145,2025-12-06,2025,12,4,6,8
8146,2025-12-06,2025,12,4,6,9
8147,2025-12-06,2025,12,4,6,10
8148,2025-12-06,2025,12,4,6,11
8149,2025-12-06,2025,12,4,6,12
8150,2025-12-06,2025,12,4,6,13
8151,2025-12-06,2025,12,4,6,14
8152,2025-12-06,2025,12,4,6,15
8153,2025-12-06,2025,12,4,6,16
8154,2025-12-06,2025,12,4,6,17
8155,2025-12-06,2025,12,4,6,18
8156,2025-12-06,2025,12,4,6,19
8157,2025-12-06,2025,12,4,6,20
8158,2025-12-06,2025,12,4,6,21
8159,2025-12-06,2025,12,4,6,22
8160,2025-12-06,2025,12,4,6,23
8161,2025-12-07,2025,12,4,7,0
8162,2025-12-07,2025,12,4,7,1
8163,2025-12-07,2025,12,4,7,2
8164,2025-12-07,2025,12,4,7,3
8165,2025-12-07,2025,12,4,7,4
8166,2025-12-07,2025,12,4,7,5
8167,2025-12-07,2025,12,4,7,6
8168,2025-12-07,2025,12,4,7,7
8169,2025-12-07,2025,12,4,7,8
8170,2025-12-07,2025,12,4,7,9
8171,2025-12-07,2025,12,4,7,10
8172,2025-12-07,2025,12,4,7,11
8173,2025-12-07,2025,12,4,7,12
8174,2025-12-07,2025,12,4,7,13
8175,2025-12-07,2025,12,4,7,14
8176,2025-12-07,2025,12,4,7,15
8177,2025-12-07,2025,12,4,7,16
8178,2025-12-07,2025,12,4,7,17
8179,2025-12-07,2025,12,4,7,18
8180,2025-12-07,2025,12,4,7,19
8181,2025-12-07,2025,12,4,7,20
8182,2025-12-07,2025,12,4,7,21
8183,2025-12-07,2025,12,4,7,22
8184,2025-12-07,2025,12,4,7,23
8185,2025-12-08,2025,12,4,8,0
8186,2025-12-08,2025,12,4,8,1
8187,2025-12-08,2025,12,4,8,2
8188,2025-12-08,2025,12,4,8,3
8189,2025-12-08,2025,12,4,8,4
8190,2025-12-08,2025,12,4,8,5
8191,2025-12-08,2025,12,4,8,6
8192,2025-12-08,2025,12,4,8,7
8193,2025-12-08,2025,12,4,8,8
8194,2025-12-08,2025,12,4,8,9
8195,2025-12-08,2025,12,4,8,10
8196,2025-12-08,2025,12,4,8,11
8197,2025-12-08,2025,12,4,8,12
8198,2025-12-08,2025,12,4,8,13
8199,2025-12-08,2025,12,4,8,14
8200,2025-12-08,2025,12,4,8,15
8201,2025-12-08,2025,12,4,8,16
8202,2025-12-08,2025,12,4,8,17
8203,2025-12-08,2025,12,4,8,18
8204,2025-12-08,2025,12,4,8,19
8205,2025-12-08,2025,12,4,8,20
8206,2025-12-08,2025,12,4,8,21
8207,2025-12-08,2025,12,4,8,22
8208,2025-12-08,2025,12,4,8,23
8209,2025-12-09,2025,12,4,9,0
8210,2025-12-09,2025,12,4,9,1
8211,2025-12-09,2025,12,4,9,2
8212,2025-12-09,2025,12,4,9,3
8213,2025-12-09,2025,12,4,9,4
8214,2025-12-09,2025,12,4,9,5
8215,2025-12-09,2025,12,4,9,6
8216,2025-12-09,2025,12,4,9,7
8217,2025-12-09,2025,12,4,9,8
8218,2025-12-09,2025,12,4,9,9
8219,2025-12-09,2025,12,4,9,10
8220,2025-12-09,2025,12,4,9,11
8221,2025-12-09,2025,12,4,9,12
8222,2025-12-09,2025,12,4,9,13
8223,2025-12-09,2025,12,4,9,14
8224,2025-12-09,2025,12,4,9,15
8225,2025-12-09,2025,12,4,9,16
8226,2025-12-09,2025,12,4,9,17
8227,2025-12-09,2025,12,4,9,18
8228,2025-12-09,2025,12,4,9,19
8229,2025-12-09,2025,12,4,9,20
8230,2025-12-09,2025,12,4,9,21
8231,2025-12-09,2025,12,4,9,22
8232,2025-12-09,2025,12,4,9,23
8233,2025-12-10,2025,12,4,10,0
8234,2025-12-10,2025,12,4,10,1
8235,2025-12-10,2025,12,4,10,2
8236,2025-12-10,2025,12,4,10,3
8237,2025-12-10,2025,12,4,10,4
8238,2025-12-10,2025,12,4,10,5
8239,2025-12-10,2025,12,4,10,6
8240,2025-12-10,2025,12,4,10,7
8241,2025-12-10,2025,12,4,10,8
8242,2025-12-10,2025,12,4,10,9
8243,2025-12-10,2025,12,4,10,10
8244,2025-12-10,2025,12,4,10,11
8245,2025-12-10,2025,12,4,10,12
8246,2025-12-10,2025,12,4,10,13
8247,2025-12-10,2025,12,4,10,14
8248,2025-12-10,2025,12,4,10,15
8249,2025-12-10,2025,12,4,10,16
8250,2025-12-10,2025,12,4,10,17
8251,2025-12-10,2025,12,4,10,18
8252,2025-12-10,2025,12,4,10,19
8253,2025-12-10,2025,12,4,10,20
8254,2025-12-10,2025,12,4,10,21
8255,2025-12-10,2025,12,4,10,22
8256,2025-12-10,2025,12,4,10,23
8257,2025-12-11,2025,12,4,11,0
8258,2025-12-11,2025,12,4,11,1
8259,2025-12-11,2025,12,4,11,2
8260,2025-12-11,2025,12,4,11,3
8261,2025-12-11,2025,12,4,11,4
8262,2025-12-11,2025,12,4,11,5
8263,2025-12-11,2025,12,4,11,6
8264,2025-12-11,2025,12,4,11,7
8265,2025-12-11,2025,12,4,11,8
8266,2025-12-11,2025,12,4,11,9
8267,2025-12-11,2025,12,4,11,10
8268,2025-12-11,2025,12,4,11,11
8269,2025-12-11,2025,12,4,11,12
8270,2025-12-11,2025,12,4,11,13
8271,2025-12-11,2025,12,4,11,14
8272,2025-12-11,2025,12,4,11,15
8273,2025-12-11,2025,12,4,11,16
8274,2025-12-11,2025,12,4,11,17
8275,2025-12-11,2025,12,4,11,18
8276,2025-12-11,2025,12,4,11,19
8277,2025-12-11,2025,12,4,11,20
8278,2025-12-11,2025,12,4,11,21
8279,2025-12-11,2025,12,4,11,22
8280,2025-12-11,2025,12,4,11,23
8281,2025-12-12,2025,12,4,12,0
8282,2025-12-12,2025,12,4,12,1
8283,2025-12-12,2025,12,4,12,2
8284,2025-12-12,2025,12,4,12,3
8285,2025-12-12,2025,12,4,12,4
8286,2025-12-12,2025,12,4,12,5
8287,2025-12-12,2025,12,4,12,6
8288,2025-12-12,2025,12,4,12,7
8289,2025-12-12,2025,12,4,12,8
8290,2025-12-12,2025,12,4,12,9
8291,2025-12-12,2025,12,4,12,10
8292,2025-12-12,2025,12,4,12,11
8293,2025-12-12,2025,12,4,12,12
8294,2025-12-12,2025,12,4,12,13
8295,2025-12-12,2025,12,4,12,14
8296,2025-12-12,2025,12,4,12,15
8297,2025-12-12,2025,12,4,12,16
8298,2025-12-12,2025,12,4,12,17
8299,2025-12-12,2025,12,4,12,18
8300,2025-12-12,2025,12,4,12,19
8301,2025-12-12,2025,12,4,12,20
8302,2025-12-12,2025,12,4,12,21
8303,2025-12-12,2025,12,4,12,22
8304,2025-12-12,2025,12,4,12,23
8305,2025-12-13,2025,12,4,13,0
8306,2025-12-13,2025,12,4,13,1
8307,2025-12-13,2025,12,4,13,2
8308,2025-12-13,2025,12,4,13,3
8309,2025-12-13,2025,12,4,13,4
8310,2025-12-13,2025,12,4,13,5
8311,2025-12-13,2025,12,4,13,6
8312,2025-12-13,2025,12,4,13,7
8313,2025-12-13,2025,12,4,13,8
8314,2025-12-13,2025,12,4,13,9
8315,2025-12-13,2025,12,4,13,10
8316,2025-12-13,2025,12,4,13,11
8317,2025-12-13,2025,12,4,13,12
8318,2025-12-13,2025,12,4,13,13
8319,2025-12-13,2025,12,4,13,14
8320,2025-12-13,2025,12,4,13,15
8321,2025-12-13,2025,12,4,13,16
8322,2025-12-13,2025,12,4,13,17
8323,2025-12-13,2025,12,4,13,18
8324,2025-12-13,2025,12,4,13,19
8325,2025-12-13,2025,12,4,13,20
8326,2025-12-13,2025,12,4,13,21
8327,2025-12-13,2025,12,4,13,22
8328,2025-12-13,2025,12,4,13,23
8329,2025-12-14,2025,12,4,14,0
8330,2025-12-14,2025,12,4,14,1
8331,2025-12-14,2025,12,4,14,2
8332,2025-12-14,2025,12,4,14,3
8333,2025-12-14,2025,12,4,14,4
8334,2025-12-14,2025,12,4,14,5
8335,2025-12-14,2025,12,4,14,6
8336,2025-12-14,2025,12,4,14,7
8337,2025-12-14,2025,12,4,14,8
8338,2025-12-14,2025,12,4,14,9
8339,2025-12-14,2025,12,4,14,10
8340,2025-12-14,2025,12,4,14,11
8341,2025-12-14,2025,12,4,14,12
8342,2025-12-14,2025,12,4,14,13
8343,2025-12-14,2025,12,4,14,14
8344,2025-12-14,2025,12,4,14,15
8345,2025-12-14,2025,12,4,14,16
8346,2025-12-14,2025,12,4,14,17
8347,2025-12-14,2025,12,4,14,18
8348,2025-12-14,2025,12,4,14,19
8349,2025-12-14,2025,12,4,14,20
8350,2025-12-14,2025,12,4,14,21
8351,2025-12-14,2025,12,4,14,22
8352,2025-12-14,2025,12,4,14,23
8353,2025-12-15,2025,12,4,15,0
8354,2025-12-15,2025,12,4,15,1
8355,2025-12-15,2025,12,4,15,2
8356,2025-12-15,2025,12,4,15,3
8357,2025-12-15,2025,12,4,15,4
8358,2025-12-15,2025,12,4,15,5
8359,2025-12-15,2025,12,4,15,6
8360,2025-12-15,2025,12,4,15,7
8361,2025-12-15,2025,12,4,15,8
8362,2025-12-15,2025,12,4,15,9
8363,2025-12-15,2025,12,4,15,10
8364,2025-12-15,2025,12,4,15,11
8365,2025-12-15,2025,12,4,15,12
8366,2025-12-15,2025,12,4,15,13
8367,2025-12-15,2025,12,4,15,14
8368,2025-12-15,2025,12,4,15,15
8369,2025-12-15,2025,12,4,15,16
8370,2025-12-15,2025,12,4,15,17
8371,2025-12-15,2025,12,4,15,18
8372,2025-12-15,2025,12,4,15,19
8373,2025-12-15,2025,12,4,15,20
8374,2025-12-15,2025,12,4,15,21
8375,2025-12-15,2025,12,4,15,22
8376,2025-12-15,2025,12,4,15,23
8377,2025-12-16,2025,12,4,16,0
8378,2025-12-16,2025,12,4,16,1
8379,2025-12-16,2025,12,4,16,2
8380,2025-12-16,2025,12,4,16,3
8381,2025-12-16,2025,12,4,16,4
8382,2025-12-16,2025,12,4,16,5
8383,2025-12-16,2025,12,4,16,6
8384,2025-12-16,2025,12,4,16,7
8385,2025-12-16,2025,12,4,16,8
8386,2025-12-16,2025,12,4,16,9
8387,2025-12-16,2025,12,4,16,10
8388,2025-12-16,2025,12,4,16,11
8389,2025-12-16,2025,12,4,16,12
8390,2025-12-16,2025,12,4,16,13
8391,2025-12-16,2025,12,4,16,14
8392,2025-12-16,2025,12,4,16,15
8393,2025-12-16,2025,12,4,16,16
8394,2025-12-16,2025,12,4,16,17
8395,2025-12-16,2025,12,4,16,18
8396,2025-12-16,2025,12,4,16,19
8397,2025-12-16,2025,12,4,16,20
8398,2025-12-16,2025,12,4,16,21
8399,2025-12-16,2025,12,4,16,22
8400,2025-12-16,2025,12,4,16,23
8401,2025-12-17,2025,12,4,17,0
8402,2025-12-17,2025,12,4,17,1
8403,2025-12-17,2025,12,4,17,2
8404,2025-12-17,2025,12,4,17,3
8405,2025-12-17,2025,12,4,17,4
8406,2025-12-17,2025,12,4,17,5
8407,2025-12-17,2025,12,4,17,6
8408,2025-12-17,2025,12,4,17,7
8409,2025-12-17,2025,12,4,17,8
8410,2025-12-17,2025,12,4,17,9
8411,2025-12-17,2025,12,4,17,10
8412,2025-12-17,2025,12,4,17,11
8413,2025-12-17,2025,12,4,17,12
8414,2025-12-17,2025,12,4,17,13
8415,2025-12-17,2025,12,4,17,14
8416,2025-12-17,2025,12,4,17,15
8417,2025-12-17,2025,12,4,17,16
8418,2025-12-17,2025,12,4,17,17
8419,2025-12-17,2025,12,4,17,18
8420,2025-12-17,2025,12,4,17,19
8421,2025-12-17,2025,12,4,17,20
8422,2025-12-17,2025,12,4,17,21
8423,2025-12-17,2025,12,4,17,22
8424,2025-12-17,2025,12,4,17,23
8425,2025-12-18,2025,12,4,18,0
8426,2025-12-18,2025,12,4,18,1
8427,2025-12-18,2025,12,4,18,2
8428,2025-12-18,2025,12,4,18,3
8429,2025-12-18,2025,12,4,18,4
8430,2025-12-18,2025,12,4,18,5
8431,2025-12-18,2025,12,4,18,6
8432,2025-12-18,2025,12,4,18,7
8433,2025-12-18,2025,12,4,18,8
8434,2025-12-18,2025,12,4,18,9
8435,2025-12-18,2025,12,4,18,10
8436,2025-12-18,2025,12,4,18,11
8437,2025-12-18,2025,12,4,18,12
8438,2025-12-18,2025,12,4,18,13
8439,2025-12-18,2025,12,4,18,14
8440,2025-12-18,2025,12,4,18,15
8441,2025-12-18,2025,12,4,18,16
8442,2025-12-18,2025,12,4,18,17
8443,2025-12-18,2025,12,4,18,18
8444,2025-12-18,2025,12,4,18,19
8445,2025-12-18,2025,12,4,18,20
8446,2025-12-18,2025,12,4,18,21
8447,2025-12-18,2025,12,4,18,22
8448,2025-12-18,2025,12,4,18,23
8449,2025-12-19,2025,12,4,19,0
8450,2025-12-19,2025,12,4,19,1
8451,2025-12-19,2025,12,4,19,2
8452,2025-12-19,2025,12,4,19,3
8453,2025-12-19,2025,12,4,19,4
8454,2025-12-19,2025,12,4,19,5
8455,2025-12-19,2025,12,4,19,6
8456,2025-12-19,2025,12,4,19,7
8457,2025-12-19,2025,12,4,19,8
8458,2025-12-19,2025,12,4,19,9
8459,2025-12-19,2025,12,4,19,10
8460,2025-12-19,2025,12,4,19,11
8461,2025-12-19,2025,12,4,19,12
8462,2025-12-19,2025,12,4,19,13
8463,2025-12-19,2025,12,4,19,14
8464,2025-12-19,2025,12,4,19,15
8465,2025-12-19,2025,12,4,19,16
8466,2025-12-19,2025,12,4,19,17
8467,2025-12-19,2025,12,4,19,18
8468,2025-12-19,2025,12,4,19,19
8469,2025-12-19,2025,12,4,19,20
8470,2025-12-19,2025,12,4,19,21
8471,2025-12-19,2025,12,4,19,22
8472,2025-12-19,2025,12,4,19,23
8473,2025-12-20,2025,12,4,20,0
8474,2025-12-20,2025,12,4,20,1
8475,2025-12-20,2025,12,4,20,2
8476,2025-12-20,2025,12,4,20,3
8477,2025-12-20,2025,12,4,20,4
8478,2025-12-20,2025,12,4,20,5
8479,2025-12-20,2025,12,4,20,6
8480,2025-12-20,2025,12,4,20,7
8481,2025-12-20,2025,12,4,20,8
8482,2025-12-20,2025,12,4,20,9
8483,2025-12-20,2025,12,4,20,10
8484,2025-12-20,2025,12,4,20,11
8485,2025-12-20,2025,12,4,20,12
8486,2025-12-20,2025,12,4,20,13
8487,2025-12-20,2025,12,4,20,14
8488,2025-12-20,2025,12,4,20,15
8489,2025-12-20,2025,12,4,20,16
8490,2025-12-20,2025,12,4,20,17
8491,2025-12-20,2025,12,4,20,18
8492,2025-12-20,2025,12,4,20,19
8493,2025-12-20,2025,12,4,20,20
8494,2025-12-20,2025,12,4,20,21
8495,2025-12-20,2025,12,4,20,22
8496,2025-12-20,2025,12,4,20,23
8497,2025-12-21,2025,12,4,21,0
8498,2025-12-21,2025,12,4,21,1
8499,2025-12-21,2025,12,4,21,2
8500,2025-12-21,2025,12,4,21,3
8501,2025-12-21,2025,12,4,21,4
8502,2025-12-21,2025,12,4,21,5
8503,2025-12-21,2025,12,4,21,6
8504,2025-12-21,2025,12,4,21,7
8505,2025-12-21,2025,12,4,21,8
8506,2025-12-21,2025,12,4,21,9
8507,2025-12-21,2025,12,4,21,10
8508,2025-12-21,2025,12,4,21,11
8509,2025-12-21,2025,12,4,21,12
8510,2025-12-21,2025,12,4,21,13
8511,2025-12-21,2025,12,4,21,14
8512,2025-12-21,2025,12,4,21,15
8513,2025-12-21,2025,12,4,21,16
8514,2025-12-21,2025,12,4,21,17
8515,2025-12-21,2025,12,4,21,18
8516,2025-12-21,2025,12,4,21,19
8517,2025-12-21,2025,12,4,21,20
8518,2025-12-21,2025,12,4,21,21
8519,2025-12-21,2025,12,4,21,22
8520,2025-12-21,2025,12,4,21,23
8521,2025-12-22,2025,12,4,22,0
8522,2025-12-22,2025,12,4,22,1
8523,2025-12-22,2025,12,4,22,2
8524,2025-12-22,2025,12,4,22,3
8525,2025-12-22,2025,12,4,22,4
8526,2025-12-22,2025,12,4,22,5
8527,2025-12-22,2025,12,4,22,6
8528,2025-12-22,2025,12,4,22,7
8529,2025-12-22,2025,12,4,22,8
8530,2025-12-22,2025,12,4,22,9
8531,2025-12-22,2025,12,4,22,10
8532,2025-12-22,2025,12,4,22,11
8533,2025-12-22,2025,12,4,22,12
8534,2025-12-22,2025,12,4,22,13
8535,2025-12-22,2025,12,4,22,14
8536,2025-12-22,2025,12,4,22,15
8537,2025-12-22,2025,12,4,22,16
8538,2025-12-22,2025,12,4,22,17
8539,2025-12-22,2025,12,4,22,18
8540,2025-12-22,2025,12,4,22,19
8541,2025-12-22,2025,12,4,22,20
8542,2025-12-22,2025,12,4,22,21
8543,2025-12-22,2025,12,4,22,22
8544,2025-12-22,2025,12,4,22,23
8545,2025-12-23,2025,12,4,23,0
8546,2025-12-23,2025,12,4,23,1
8547,2025-12-23,2025,12,4,23,2
8548,2025-12-23,2025,12,4,23,3
8549,2025-12-23,2025,12,4,23,4
8550,2025-12-23,2025,12,4,23,5
8551,2025-12-23,2025,12,4,23,6
8552,2025-12-23,2025,12,4,23,7
8553,2025-12-23,2025,12,4,23,8
8554,2025-12-23,2025,12,4,23,9
8555,2025-12-23,2025,12,4,23,10
8556,2025-12-23,2025,12,4,23,11
8557,2025-12-23,2025,12,4,23,12
8558,2025-12-23,2025,12,4,23,13
8559,2025-12-23,2025,12,4,23,14
8560,2025-12-23,2025,12,4,23,15
8561,2025-12-23,2025,12,4,23,16
8562,2025-12-23,2025,12,4,23,17
8563,2025-12-23,2025,12,4,23,18
8564,2025-12-23,2025,12,4,23,19
8565,2025-12-23,2025,12,4,23,20
8566,2025-12-23,2025,12,4,23,21
8567,2025-12-23,2025,12,4,23,22
8568,2025-12-23,2025,12,4,23,23
8569,2025-12-24,2025,12,4,24,0
8570,2025-12-24,2025,12,4,24,1
8571,2025-12-24,2025,12,4,24,2
8572,2025-12-24,2025,12,4,24,3
8573,2025-12-24,2025,12,4,24,4
8574,2025-12-24,2025,12,4,24,5
8575,2025-12-24,2025,12,4,24,6
8576,2025-12-24,2025,12,4,24,7
8577,2025-12-24,2025,12,4,24,8
8578,2025-12-24,2025,12,4,24,9
8579,2025-12-24,2025,12,4,24,10
8580,2025-12-24,2025,12,4,24,11
8581,2025-12-24,2025,12,4,24,12
8582,2025-12-24,2025,12,4,24,13
8583,2025-12-24,2025,12,4,24,14
8584,2025-12-24,2025,12,4,24,15
8585,2025-12-24,2025,12,4,24,16
8586,2025-12-24,2025,12,4,24,17
8587,2025-12-24,2025,12,4,24,18
8588,2025-12-24,2025,12,4,24,19
8589,2025-12-24,2025,12,4,24,20
8590,2025-12-24,2025,12,4,24,21
8591,2025-12-24,2025,12,4,24,22
8592,2025-12-24,2025,12,4,24,23
8593,2025-12-25,2025,12,4,25,0
8594,2025-12-25,2025,12,4,25,1
8595,2025-12-25,2025,12,4,25,2
8596,2025-12-25,2025,12,4,25,3
8597,2025-12-25,2025,12,4,25,4
8598,2025-12-25,2025,12,4,25,5
8599,2025-12-25,2025,12,4,25,6
8600,2025-12-25,2025,12,4,25,7
8601,2025-12-25,2025,12,4,25,8
8602,2025-12-25,2025,12,4,25,9
8603,2025-12-25,2025,12,4,25,10
8604,2025-12-25,2025,12,4,25,11
8605,2025-12-25,2025,12,4,25,12
8606,2025-12-25,2025,12,4,25,13
8607,2025-12-25,2025,12,4,25,14
8608,2025-12-25,2025,12,4,25,15
8609,2025-12-25,2025,12,4,25,16
8610,2025-12-25,2025,12,4,25,17
8611,2025-12-25,2025,12,4,25,18
8612,2025-12-25,2025,12,4,25,19
8613,2025-12-25,2025,12,4,25,20
8614,2025-12-25,2025,12,4,25,21
8615,2025-12-25,2025,12,4,25,22
8616,2025-12-25,2025,12,4,25,23
8617,2025-12-26,2025,12,4,26,0
8618,2025-12-26,2025,12,4,26,1
8619,2025-12-26,2025,12,4,26,2
8620,2025-12-26,2025,12,4,26,3
8621,2025-12-26,2025,12,4,26,4
8622,2025-12-26,2025,12,4,26,5
8623,2025-12-26,2025,12,4,26,6
8624,2025-12-26,2025,12,4,26,7
8625,2025-12-26,2025,12,4,26,8
8626,2025-12-26,2025,12,4,26,9
8627,2025-12-26,2025,12,4,26,10
8628,2025-12-26,2025,12,4,26,11
8629,2025-12-26,2025,12,4,26,12
8630,2025-12-26,2025,12,4,26,13
8631,2025-12-26,2025,12,4,26,14
8632,2025-12-26,2025,12,4,26,15
8633,2025-12-26,2025,12,4,26,16
8634,2025-12-26,2025,12,4,26,17
8635,2025-12-26,2025,12,4,26,18
8636,2025-12-26,2025,12,4,26,19
8637,2025-12-26,2025,12,4,26,20
8638,2025-12-26,2025,12,4,26,21
8639,2025-12-26,2025,12,4,26,22
8640,2025-12-26,2025,12,4,26,23
8641,2025-12-27,2025,12,4,27,0
8642,2025-12-27,2025,12,4,27,1
8643,2025-12-27,2025,12,4,27,2
8644,2025-12-27,2025,12,4,27,3
8645,2025-12-27,2025,12,4,27,4
8646,2025-12-27,2025,12,4,27,5
8647,2025-12-27,2025,12,4,27,6
8648,2025-12-27,2025,12,4,27,7
8649,2025-12-27,2025,12,4,27,8
8650,2025-12-27,2025,12,4,27,9
8651,2025-12-27,2025,12,4,27,10
8652,2025-12-27,2025,12,4,27,11
8653,2025-12-27,2025,12,4,27,12
8654,2025-12-27,2025,12,4,27,13
8655,2025-12-27,2025,12,4,27,14
8656,2025-12-27,2025,12,4,27,15
8657,2025-12-27,2025,12,4,27,16
8658,2025-12-27,2025,12,4,27,17
8659,2025-12-27,2025,12,4,27,18
8660,2025-12-27,2025,12,4,27,19
8661,2025-12-27,2025,12,4,27,20
8662,2025-12-27,2025,12,4,27,21
8663,2025-12-27,2025,12,4,27,22
8664,2025-12-27,2025,12,4,27,23
8665,2025-12-28,2025,12,4,28,0
8666,2025-12-28,2025,12,4,28,1
8667,2025-12-28,2025,12,4,28,2
8668,2025-12-28,2025,12,4,28,3
8669,2025-12-28,2025,12,4,28,4
8670,2025-12-28,2025,12,4,28,5
8671,2025-12-28,2025,12,4,28,6
8672,2025-12-28,2025,12,4,28,7
8673,2025-12-28,2025,12,4,28,8
8674,2025-12-28,2025,12,4,28,9
8675,2025-12-28,2025,12,4,28,10
8676,2025-12-28,2025,12,4,28,11
8677,2025-12-28,2025,12,4,28,12
8678,2025-12-28,2025,12,4,28,13
8679,2025-12-28,2025,12,4,28,14
8680,2025-12-28,2025,12,4,28,15
8681,2025-12-28,2025,12,4,28,16
8682,2025-12-28,2025,12,4,28,17
8683,2025-12-28,2025,12,4,28,18
8684,2025-12-28,2025,12,4,28,19
8685,2025-12-28,2025,12,4,28,20
8686,2025-12-28,2025,12,4,28,21
8687,2025-12-28,2025,12,4,28,22
8688,2025-12-28,2025,12,4,28,23
8689,2025-12-29,2025,12,4,29,0
8690,2025-12-29,2025,12,4,29,1
8691,2025-12-29,2025,12,4,29,2
8692,2025-12-29,2025,12,4,29,3
8693,2025-12-29,2025,12,4,29,4
8694,2025-12-29,2025,12,4,29,5
8695,2025-12-29,2025,12,4,29,6
8696,2025-12-29,2025,12,4,29,7
8697,2025-12-29,2025,12,4,29,8
8698,2025-12-29,2025,12,4,29,9
8699,2025-12-29,2025,12,4,29,10
8700,2025-12-29,2025,12,4,29,11
8701,2025-12-29,2025,12,4,29,12
8702,2025-12-29,2025,12,4,29,13
8703,2025-12-29,2025,12,4,29,14
8704,2025-12-29,2025,12,4,29,15
8705,2025-12-29,2025,12,4,29,16
8706,2025-12-29,2025,12,4,29,17
8707,2025-12-29,2025,12,4,29,18
8708,2025-12-29,2025,12,4,29,19
8709,2025-12-29,2025,12,4,29,20
8710,2025-12-29,2025,12,4,29,21
8711,2025-12-29,2025,12,4,29,22
8712,2025-12-29,2025,12,4,29,23
8713,2025-12-30,2025,12,4,30,0
8714,2025-12-30,2025,12,4,30,1
8715,2025-12-30,2025,12,4,30,2
8716,2025-12-30,2025,12,4,30,3
8717,2025-12-30,2025,12,4,30,4
8718,2025-12-30,2025,12,4,30,5
8719,2025-12-30,2025,12,4,30,6
8720,2025-12-30,2025,12,4,30,7
8721,2025-12-30,2025,12,4,30,8
8722,2025-12-30,2025,12,4,30,9
8723,2025-12-30,2025,12,4,30,10
8724,2025-12-30,2025,12,4,30,11
8725,2025-12-30,2025,12,4,30,12
8726,2025-12-30,2025,12,4,30,13
8727,2025-12-30,2025,12,4,30,14
8728,2025-12-30,2025,12,4,30,15
8729,2025-12-30,2025,12,4,30,16
8730,2025-12-30,2025,12,4,30,17
8731,2025-12-30,2025,12,4,30,18
8732,2025-12-30,2025,12,4,30,19
8733,2025-12-30,2025,12,4,30,20
8734,2025-12-30,2025,12,4,30,21
8735,2025-12-30,2025,12,4,30,22
8736,2025-12-30,2025,12,4,30,23
8737,2025-12-31,2025,12,4,31,0
